id,month,week,time,latitude,longitude,depth,mag,magType,dmin,net,place,type,depthError,magError,magNst,locationSource,magSource,dmin_category,depth_category,magnitude_category,tsne_x,tsne_y
0,12,1,2023-12-02 01:27:47,17.4111,-68.8415,10.0,3.6,ml: 3,1.182,us: 5,"109 km SSW of Boca de Yuma, Dominican Republic",earthquake: 0,2.007,0.06,36.0,us,us: 5,0-10 km: 0,shallow,minor,-45.403046,39.968384
1,12,1,2023-12-02 01:27:51,18.666,-68.5893,145.0,3.95,md: 2,0.2576,pr: 3,Mona Passage,earthquake: 0,0.89,0.12,13.0,pr,pr: 3,0-10 km: 0,intermediate,minor,-68.348015,28.533037
2,12,1,2023-12-02 02:31:45,16.7681,-60.7738,37.297,4.1,mb: 0,0.525,us: 5,"60 km NNE of Beauséjour, Guadeloupe",earthquake: 0,8.793,0.175,9.0,us,us: 5,0-10 km: 0,shallow,light,-34.019283,-14.127645
3,12,1,2023-12-02 02:58:37,16.767,-60.7171,37.3,4.4,mb: 0,0.554,us: 5,"63 km NE of Beauséjour, Guadeloupe",earthquake: 0,7.415,0.089,37.0,us,us: 5,0-10 km: 0,shallow,light,-44.16027,3.7655866
4,12,1,2023-12-02 03:24:51,-24.1729,-179.942,520.861,4.2,mb: 0,5.299,us: 5,south of the Fiji Islands,earthquake: 0,9.951,0.124,19.0,us,us: 5,0-10 km: 0,deep,light,-7.0310187,76.444
5,12,1,2023-12-02 03:29:11,32.749,-100.657,9.1216,3.3,ml: 3,0.1,tx: 4,"15 km NE of Hermleigh, Texas",earthquake: 0,1.758159932,0.0,6.0,tx,tx: 4,0-10 km: 0,shallow,minor,-69.83118,18.92296
6,12,1,2023-12-02 03:38:15,45.4402,148.4406,150.218,4.3,mb: 0,4.226,us: 5,"50 km ENE of Kuril’sk, Russia",earthquake: 0,9.505,0.154,13.0,us,us: 5,0-10 km: 0,intermediate,light,30.985277,1.5378851
7,12,1,2023-12-02 04:06:17,19.2165,-64.456,124.0,3.65,md: 2,0.8178,pr: 3,"104 km NNE of Cruz Bay, U.S. Virgin Islands",earthquake: 0,11.91,0.13,3.0,pr,pr: 3,0-10 km: 0,intermediate,minor,-62.691982,29.275578
8,12,1,2023-12-02 04:25:40,-7.3806,128.5367,175.001,4.2,mb: 0,3.149,us: 5,"211 km NE of Lospalos, Timor Leste",earthquake: 0,7.14,0.132,17.0,us,us: 5,0-10 km: 0,intermediate,light,41.967438,15.359448
9,12,1,2023-12-02 06:15:53,-5.7816,105.94,159.282,4.2,mb: 0,2.382,us: 5,"43 km NNW of Serang, Indonesia",earthquake: 0,7.472,0.121,19.0,us,us: 5,0-10 km: 0,intermediate,light,42.077263,15.402539
10,12,1,2023-12-02 07:04:17,-59.0268,149.3633,10.0,4.3,mb: 0,6.948,us: 5,west of Macquarie Island,earthquake: 0,1.963,0.178,9.0,us,us: 5,0-10 km: 0,shallow,light,-11.288479,-34.921494
11,12,1,2023-12-02 07:05:33,18.4433,-69.1547,105.881,4.3,mb: 0,0.724,us: 5,"11 km SSE of Ramón Santana, Dominican Republic",earthquake: 0,4.202,0.147,14.0,us,us: 5,0-10 km: 0,intermediate,light,-33.061424,-12.798713
12,12,1,2023-12-02 07:05:35,19.602,-68.7348,100.0,4.22,md: 2,1.749,pr: 3,Dominican Republic region,earthquake: 0,11.0,0.12,16.0,pr,pr: 3,0-10 km: 0,intermediate,light,-63.201363,29.230984
13,12,1,2023-12-02 07:08:44,51.49,-176.7729,43.265,3.8,mb: 0,0.396,us: 5,"43 km SSW of Adak, Alaska",earthquake: 0,9.848,0.103,24.0,us,us: 5,0-10 km: 0,shallow,minor,-41.91528,28.317667
14,12,1,2023-12-02 07:14:57,-33.746,-68.5292,11.093,4.2,mb: 0,1.382,us: 5,"73 km S of San Martín, Argentina",earthquake: 0,5.928,0.175,9.0,us,us: 5,0-10 km: 0,shallow,light,-46.10142,-15.826591
15,12,1,2023-12-02 07:49:52,40.3821,-126.6135,10.0,3.2,ml: 3,1.738,us: 5,"200 km W of Ferndale, California",earthquake: 0,2.021,0.039,85.0,us,us: 5,0-10 km: 0,shallow,minor,-44.27003,37.44611
16,12,1,2023-12-02 08:08:30,56.7458,-33.898,10.0,4.5,mb: 0,7.417,us: 5,Reykjanes Ridge,earthquake: 0,1.94,0.128,18.0,us,us: 5,0-10 km: 0,shallow,light,-29.606033,16.858498
17,12,1,2023-12-02 08:19:55,2.0051,-101.341,10.0,4.4,mb: 0,15.699,us: 5,Galapagos Triple Junction region,earthquake: 0,1.891,0.099,29.0,us,us: 5,10-20 km: 1,shallow,light,-34.04451,-3.5884562
18,12,1,2023-12-02 08:24:32,18.1895,-67.3998333333333,13.61,2.95,md: 2,0.2049,pr: 3,Mona Passage,earthquake: 0,0.41,0.037124221914119,7.0,pr,pr: 3,0-10 km: 0,shallow,minor,-69.11209,34.07175
19,12,1,2023-12-02 10:29:13,16.7915,-61.0303,38.034,4.5,mb: 0,0.477,us: 5,"54 km N of Beauséjour, Guadeloupe",earthquake: 0,8.902,0.097,31.0,us,us: 5,0-10 km: 0,shallow,light,-43.999485,3.9314468
20,12,1,2023-12-02 11:02:53,-23.9511,-66.6234,189.862,4.5,mb: 0,2.959,us: 5,"42 km NW of San Antonio de los Cobres, Argentina",earthquake: 0,6.962,0.041,178.0,us,us: 5,0-10 km: 0,intermediate,light,-51.50706,1.3810639
21,12,1,2023-12-02 11:26:53,-16.8973,-177.4785,10.0,4.4,mb: 0,30.453,us: 5,"294 km SSE of Alo, Wallis and Futuna",earthquake: 0,2.018,0.139,16.0,us,us: 5,30-40 km: 3,shallow,light,-59.429234,-21.64053
22,12,1,2023-12-02 12:51:25,24.0162,94.1259,85.647,4.1,mb: 0,2.643,us: 5,"50 km NW of Mawlaik, Myanmar",earthquake: 0,8.613,0.184,8.0,us,us: 5,0-10 km: 0,intermediate,light,38.075245,0.09672686
23,12,1,2023-12-02 13:42:32,-0.5051,67.322,10.0,4.5,mb: 0,9.299,us: 5,Carlsberg Ridge,earthquake: 0,1.92,0.15,13.0,us,us: 5,0-10 km: 0,shallow,light,-20.923777,-9.725589
24,12,1,2023-12-02 15:18:01,8.6804,126.4855,71.023,4.5,mb: 0,1.835,us: 5,"24 km ESE of Marihatag, Philippines",earthquake: 0,8.261,0.157,15.0,us,us: 5,0-10 km: 0,intermediate,light,39.68034,2.232002
25,12,1,2023-12-02 15:22:24,31.638,-104.387,6.1316,2.6,ml: 3,0.0,tx: 4,"59 km S of Whites City, New Mexico",earthquake: 0,0.9161714617,0.1,16.0,tx,tx: 4,0-10 km: 0,shallow,minor,-74.41195,15.448535
26,12,1,2023-12-02 15:35:14,8.4636,126.6339,65.879,4.5,mb: 0,1.735,us: 5,"34 km ENE of Hinatuan, Philippines",earthquake: 0,8.004,0.221,8.0,us,us: 5,0-10 km: 0,shallow,light,37.102566,-1.8408825
27,12,1,2023-12-02 16:00:18,8.3331,126.4861,54.947,4.4,mb: 0,1.544,us: 5,"16 km ENE of Tidman, Philippines",earthquake: 0,8.904,0.19,9.0,us,us: 5,0-10 km: 0,shallow,light,39.080933,-1.025924
28,12,1,2023-12-02 16:31:01,8.5117,126.8592,64.181,4.5,mb: 0,1.914,us: 5,"59 km ENE of Hinatuan, Philippines",earthquake: 0,9.38,0.164,13.0,us,us: 5,0-10 km: 0,shallow,light,40.41381,0.3088395
29,12,1,2023-12-02 17:19:12,9.1302,126.7335,35.0,4.5,mb: 0,2.345,us: 5,"53 km ENE of Bacolod, Philippines",earthquake: 0,1.699,0.128,18.0,us,us: 5,0-10 km: 0,shallow,light,-12.817213,-8.627348
30,12,1,2023-12-02 17:20:54,8.4797,126.7097,74.775,4.4,mb: 0,1.794,us: 5,"43 km ENE of Hinatuan, Philippines",earthquake: 0,7.917,0.092,34.0,us,us: 5,0-10 km: 0,intermediate,light,50.477837,18.928705
31,12,1,2023-12-02 17:22:35,51.5294,160.1572,21.126,4.5,mb: 0,1.76,us: 5,"196 km SE of Vilyuchinsk, Russia",earthquake: 0,5.896,0.14,15.0,us,us: 5,0-10 km: 0,shallow,light,27.3717,6.5000963
32,12,1,2023-12-02 17:25:08,8.1397,126.397,87.86,4.4,mb: 0,1.337,us: 5,"4 km WSW of Barcelona, Philippines",earthquake: 0,8.038,0.118,21.0,us,us: 5,0-10 km: 0,intermediate,light,47.99522,9.180933
33,12,1,2023-12-02 17:29:48,8.3353,126.5881,68.871,4.3,mb: 0,1.607,us: 5,"25 km NE of Barcelona, Philippines",earthquake: 0,8.719,0.107,25.0,us,us: 5,0-10 km: 0,shallow,light,50.47382,10.239073
34,12,1,2023-12-02 17:38:36,8.6054,126.7732,55.666,4.5,mb: 0,1.931,us: 5,"54 km ENE of Hinatuan, Philippines",earthquake: 0,7.945,0.127,18.0,us,us: 5,0-10 km: 0,shallow,light,45.66174,9.81473
35,12,1,2023-12-02 18:20:09,54.0192,-163.5371,35.0,2.8,ml: 3,0.715,us: 5,"93 km S of False Pass, Alaska",earthquake: 0,2.012,0.128,8.0,us,us: 5,0-10 km: 0,shallow,minor,-38.964767,38.96615
36,12,1,2023-12-02 18:33:15,8.2447,126.5128,32.453,4.2,mb: 0,1.49,us: 5,"12 km NE of Barcelona, Philippines",earthquake: 0,7.274,0.176,9.0,us,us: 5,0-10 km: 0,shallow,light,37.616802,3.7511349
37,12,1,2023-12-02 18:34:08,8.4537,126.7402,61.95,4.4,mb: 0,1.793,us: 5,"45 km ENE of Hinatuan, Philippines",earthquake: 0,7.658,0.127,18.0,us,us: 5,0-10 km: 0,shallow,light,45.586205,9.112148
38,12,1,2023-12-02 18:40:06,19.0933,-64.4801,45.0,3.84,md: 2,0.6923,pr: 3,"90 km NNE of Cruz Bay, U.S. Virgin Islands",earthquake: 0,7.96,0.17,12.0,pr,pr: 3,0-10 km: 0,shallow,minor,-65.31487,28.787569
39,12,1,2023-12-02 18:40:14,8.5074,126.4789,59.356,4.4,mb: 0,21.71,us: 5,"21 km NE of Hinatuan, Philippines",earthquake: 0,8.283,0.13,17.0,us,us: 5,20-30 km: 2,shallow,light,47.03252,7.12912
40,12,1,2023-12-02 18:47:15,8.4865,126.6174,48.484,4.4,mb: 0,1.744,us: 5,"33 km ENE of Hinatuan, Philippines",earthquake: 0,7.955,0.102,28.0,us,us: 5,0-10 km: 0,shallow,light,50.058064,15.371808
41,12,1,2023-12-02 18:48:43,8.5544,126.5027,71.457,4.1,mb: 0,1.736,us: 5,"27 km NE of Hinatuan, Philippines",earthquake: 0,7.056,0.151,12.0,us,us: 5,0-10 km: 0,intermediate,light,40.364433,5.3338404
42,12,1,2023-12-02 18:54:07,8.3016,126.4003,87.907,4.2,mb: 0,1.47,us: 5,"6 km E of Tidman, Philippines",earthquake: 0,7.467,0.113,22.0,us,us: 5,0-10 km: 0,intermediate,light,45.506634,12.4722185
43,12,1,2023-12-02 18:59:30,8.2944,126.6192,75.043,4.5,mb: 0,1.595,us: 5,"25 km NE of Barcelona, Philippines",earthquake: 0,7.612,0.091,35.0,us,us: 5,0-10 km: 0,intermediate,light,50.94416,19.112917
44,12,1,2023-12-02 19:06:34,8.1619,126.4344,77.869,4.5,mb: 0,14.688,us: 5,"0 km N of Barcelona, Philippines",earthquake: 0,9.474,0.11,24.0,us,us: 5,10-20 km: 1,intermediate,light,50.81627,9.464223
45,12,1,2023-12-02 19:15:24,8.3655,126.436,56.883,4.5,mb: 0,1.542,us: 5,"11 km E of Hinatuan, Philippines",earthquake: 0,5.925,0.136,16.0,us,us: 5,0-10 km: 0,shallow,light,37.985092,9.511118
46,12,1,2023-12-02 19:26:57,8.3935,127.0995,33.244,4.3,mb: 0,2.0,us: 5,"77 km ENE of Barcelona, Philippines",earthquake: 0,5.792,0.169,10.0,us,us: 5,0-10 km: 0,shallow,light,37.038353,5.634279
47,12,1,2023-12-02 19:53:18,8.3293,126.8573,40.268,4.2,mb: 0,1.781,us: 5,"50 km ENE of Barcelona, Philippines",earthquake: 0,9.917,0.137,15.0,us,us: 5,0-10 km: 0,shallow,light,44.434135,1.2785096
48,12,1,2023-12-02 20:00:39,8.7779,126.5982,59.037,4.5,mb: 0,1.975,us: 5,"33 km E of Marihatag, Philippines",earthquake: 0,7.676,0.163,11.0,us,us: 5,0-10 km: 0,shallow,light,39.03147,2.3546422
49,12,1,2023-12-02 20:03:09,27.6777,126.4703,205.028,4.3,mb: 0,1.81,us: 5,"165 km WNW of Iheya, Japan",earthquake: 0,6.164,0.073,54.0,us,us: 5,0-10 km: 0,intermediate,light,14.930028,35.034195
50,12,1,2023-12-02 20:05:00,8.8046,126.7985,48.212,4.4,mb: 0,2.105,us: 5,"54 km E of Aras-asan, Philippines",earthquake: 0,8.676,0.149,13.0,us,us: 5,0-10 km: 0,shallow,light,42.314644,2.8434942
51,12,1,2023-12-02 20:09:59,50.3026,151.2868,370.546,4.0,mb: 0,4.877,us: 5,northwest of the Kuril Islands,earthquake: 0,7.668,0.072,52.0,us,us: 5,0-10 km: 0,deep,light,6.420993,54.619698
52,12,1,2023-12-02 20:12:32,8.7645,127.1948,10.0,4.4,mb: 0,2.323,us: 5,"98 km E of Aras-asan, Philippines",earthquake: 0,1.91,0.144,14.0,us,us: 5,0-10 km: 0,shallow,light,-15.041352,-10.771438
53,12,1,2023-12-02 20:15:37,8.3739,127.1705,12.771,4.4,mb: 0,2.041,us: 5,"84 km ENE of Barcelona, Philippines",earthquake: 0,5.78,0.108,25.0,us,us: 5,0-10 km: 0,shallow,light,35.9772,13.4575405
54,12,1,2023-12-02 20:19:52,8.429,127.118,38.248,4.3,mb: 0,2.037,us: 5,"81 km ENE of Barcelona, Philippines",earthquake: 0,8.73,0.122,19.0,us,us: 5,0-10 km: 0,shallow,light,48.51275,6.998529
55,12,1,2023-12-02 20:27:40,8.6788,127.2219,10.0,4.3,mb: 0,2.281,us: 5,"102 km E of Marihatag, Philippines",earthquake: 0,1.983,0.168,10.0,us,us: 5,0-10 km: 0,shallow,light,-16.811335,-14.305797
56,12,1,2023-12-02 20:47:37,8.3986,126.5265,78.848,4.3,mb: 0,1.62,us: 5,"21 km E of Hinatuan, Philippines",earthquake: 0,6.456,0.114,22.0,us,us: 5,0-10 km: 0,intermediate,light,44.74601,12.691725
57,12,1,2023-12-02 21:16:08,8.811,126.9881,48.739,4.5,mb: 0,2.223,us: 5,"74 km E of Aras-asan, Philippines",earthquake: 0,14.118,0.135,16.0,us,us: 5,0-10 km: 0,shallow,light,44.723557,-1.0090197
58,12,1,2023-12-02 21:21:00,8.4083,126.6577,57.009,4.5,mb: 0,1.706,us: 5,"35 km E of Hinatuan, Philippines",earthquake: 0,8.31,0.116,22.0,us,us: 5,0-10 km: 0,shallow,light,48.40739,10.9621935
59,12,1,2023-12-02 21:22:48,8.5199,126.8444,44.043,4.4,mb: 0,1.91,us: 5,"58 km ENE of Hinatuan, Philippines",earthquake: 0,9.778,0.202,7.0,us,us: 5,0-10 km: 0,shallow,light,39.041542,-1.5358107
60,12,1,2023-12-02 21:23:41,8.555,126.8758,25.546,4.2,mb: 0,15.235,us: 5,"62 km ENE of Hinatuan, Philippines",earthquake: 0,8.445,0.146,13.0,us,us: 5,10-20 km: 1,shallow,light,42.113274,3.776897
61,12,1,2023-12-02 21:24:19,8.4672,126.7643,42.548,4.5,mb: 0,1.819,us: 5,"48 km ENE of Hinatuan, Philippines",earthquake: 0,8.89,0.113,23.0,us,us: 5,0-10 km: 0,shallow,light,50.45682,11.125593
62,12,1,2023-12-02 21:28:03,8.5077,126.8466,64.688,4.5,mb: 0,1.902,us: 5,"58 km ENE of Hinatuan, Philippines",earthquake: 0,8.528,0.113,23.0,us,us: 5,0-10 km: 0,shallow,light,49.2002,10.875148
63,12,1,2023-12-02 21:29:48,53.4713,-163.4314,35.0,4.5,mb: 0,1.19,us: 5,"153 km S of False Pass, Alaska",earthquake: 0,2.014,0.087,39.0,us,us: 5,0-10 km: 0,shallow,light,-37.421093,26.966118
64,12,1,2023-12-02 21:30:41,40.3796,-126.7281,10.0,3.4,ml: 3,2.101,us: 5,off the coast of Northern California,earthquake: 0,2.022,0.04,81.0,us,us: 5,0-10 km: 0,shallow,minor,-44.196568,37.201866
65,12,1,2023-12-02 21:39:38,8.3828,126.6851,67.467,4.5,mb: 0,1.704,us: 5,"37 km NE of Barcelona, Philippines",earthquake: 0,4.993,0.095,32.0,us,us: 5,0-10 km: 0,shallow,light,37.008305,15.382228
66,12,1,2023-12-02 21:43:24,8.0825,126.6881,81.494,4.4,mb: 0,1.49,us: 5,"28 km ENE of Santa Maria, Philippines",earthquake: 0,8.501,0.123,19.0,us,us: 5,0-10 km: 0,intermediate,light,48.136536,8.510946
67,12,1,2023-12-02 21:44:38,8.2805,126.6784,41.416,4.5,mb: 0,1.623,us: 5,"30 km ENE of Barcelona, Philippines",earthquake: 0,10.202,0.136,16.0,us,us: 5,0-10 km: 0,shallow,light,45.643017,1.6904737
68,12,1,2023-12-02 21:45:47,8.4281,126.6863,70.833,4.4,mb: 0,1.739,us: 5,"39 km E of Hinatuan, Philippines",earthquake: 0,9.613,0.156,12.0,us,us: 5,0-10 km: 0,intermediate,light,42.393696,0.21377105
69,12,1,2023-12-02 21:54:22,8.5433,126.972,49.44,4.3,mb: 0,2.012,us: 5,"72 km ENE of Hinatuan, Philippines",earthquake: 0,7.636,0.142,14.0,us,us: 5,0-10 km: 0,shallow,light,41.947746,5.7233152
70,12,1,2023-12-02 22:00:42,8.4654,127.0695,29.473,4.5,mb: 0,2.026,us: 5,"77 km ENE of Barcelona, Philippines",earthquake: 0,7.875,0.136,16.0,us,us: 5,0-10 km: 0,shallow,light,44.19138,9.028028
71,12,1,2023-12-02 22:06:55,13.9108,145.2807,111.077,4.1,mb: 0,0.512,us: 5,"59 km NE of Yigo Village, Guam",earthquake: 0,7.391,0.233,5.0,us,us: 5,0-10 km: 0,intermediate,light,36.841484,-2.2436066
72,12,1,2023-12-02 22:12:23,8.3555,126.7257,72.816,4.5,mb: 0,1.71,us: 5,"38 km NE of Barcelona, Philippines",earthquake: 0,7.953,0.089,37.0,us,us: 5,0-10 km: 0,intermediate,light,50.776325,19.32912
73,12,1,2023-12-02 22:18:11,8.2931,126.3256,76.783,4.3,mb: 0,14.756,us: 5,"1 km WSW of Tidman, Philippines",earthquake: 0,9.573,0.168,10.0,us,us: 5,10-20 km: 1,intermediate,light,41.281918,-0.35779005
74,12,1,2023-12-02 22:19:35,8.4739,126.8178,60.921,4.5,mb: 0,1.858,us: 5,"54 km ENE of Hinatuan, Philippines",earthquake: 0,8.594,0.108,25.0,us,us: 5,0-10 km: 0,shallow,light,49.754673,11.352696
75,12,1,2023-12-02 22:21:18,8.5366,126.9249,55.955,4.2,mb: 0,1.975,us: 5,"67 km ENE of Hinatuan, Philippines",earthquake: 0,9.602,0.166,10.0,us,us: 5,0-10 km: 0,shallow,light,41.566025,-0.62886983
76,12,1,2023-12-02 22:30:59,8.3409,126.5156,80.766,4.5,mb: 0,1.567,us: 5,"20 km ENE of Tidman, Philippines",earthquake: 0,7.892,0.074,54.0,us,us: 5,0-10 km: 0,intermediate,light,52.12401,22.557894
77,12,1,2023-12-02 22:33:53,8.7614,127.1329,10.0,4.4,mb: 0,2.279,us: 5,"91 km E of Aras-asan, Philippines",earthquake: 0,1.895,0.098,30.0,us,us: 5,0-10 km: 0,shallow,light,-8.427175,-6.570156
78,12,1,2023-12-02 22:43:39,8.3799,126.5588,86.825,4.5,mb: 0,1.624,us: 5,"24 km E of Hinatuan, Philippines",earthquake: 0,8.173,0.124,19.0,us,us: 5,0-10 km: 0,intermediate,light,48.003544,8.936238
79,12,1,2023-12-02 22:48:45,8.4622,126.7379,58.537,4.4,mb: 0,1.798,us: 5,"45 km ENE of Hinatuan, Philippines",earthquake: 0,6.547,0.127,18.0,us,us: 5,0-10 km: 0,shallow,light,43.502304,10.8641205
80,12,1,2023-12-02 23:00:10,8.6393,127.0507,45.843,4.3,mb: 0,2.135,us: 5,"84 km ENE of Hinatuan, Philippines",earthquake: 0,10.1,0.16,11.0,us,us: 5,0-10 km: 0,shallow,light,42.163517,-0.81568474
81,12,1,2023-12-02 23:04:56,8.3262,126.6324,74.485,4.1,mb: 0,1.627,us: 5,"28 km NE of Barcelona, Philippines",earthquake: 0,10.415,0.157,11.0,us,us: 5,0-10 km: 0,intermediate,light,42.92472,-1.2362026
82,12,1,2023-12-02 23:05:52,8.1109,127.251,66.184,4.2,mb: 0,1.954,us: 5,"89 km E of Santa Maria, Philippines",earthquake: 0,9.189,0.141,14.0,us,us: 5,0-10 km: 0,shallow,light,43.83842,1.8985472
83,12,1,2023-12-02 23:08:55,8.946,126.5947,54.728,4.0,mb: 0,2.118,us: 5,"31 km ENE of Aras-asan, Philippines",earthquake: 0,11.515,0.15,12.0,us,us: 5,0-10 km: 0,shallow,light,43.60402,-1.6016644
84,12,1,2023-12-02 23:24:25,8.4343,126.803,62.283,4.5,mb: 0,1.819,us: 5,"50 km NE of Barcelona, Philippines",earthquake: 0,9.452,0.128,18.0,us,us: 5,0-10 km: 0,shallow,light,48.014748,5.520699
85,12,1,2023-12-02 23:39:52,-8.4612,125.5943,56.086,4.3,mb: 0,1.836,us: 5,"11 km NNE of Dili, Timor Leste",earthquake: 0,9.425,0.154,12.0,us,us: 5,0-10 km: 0,shallow,light,42.524395,1.537093
86,12,1,2023-12-02 23:52:03,8.6935,126.8778,54.173,4.1,mb: 0,2.064,us: 5,"65 km E of Marihatag, Philippines",earthquake: 0,11.379,0.157,11.0,us,us: 5,0-10 km: 0,shallow,light,43.367702,-1.5908593
87,12,1,2023-12-02 23:54:00,8.4178,126.8213,59.066,4.1,mb: 0,1.819,us: 5,"51 km NE of Barcelona, Philippines",earthquake: 0,10.431,0.165,10.0,us,us: 5,0-10 km: 0,shallow,light,42.582916,-1.4305409
88,12,1,2023-12-02 23:55:09,8.448,126.6827,83.704,4.3,mb: 0,1.753,us: 5,"39 km ENE of Hinatuan, Philippines",earthquake: 0,8.589,0.161,11.0,us,us: 5,0-10 km: 0,intermediate,light,41.165646,0.7026638
89,12,1,2023-12-03 00:11:48,8.2471,126.7031,70.064,4.5,mb: 0,1.615,us: 5,"31 km ENE of Barcelona, Philippines",earthquake: 0,7.132,0.086,40.0,us,us: 5,0-10 km: 0,intermediate,light,51.810745,19.674559
90,12,1,2023-12-03 00:21:10,0.7854,125.2752,75.945,4.2,mb: 0,2.091,us: 5,"70 km SE of Tondano, Indonesia",earthquake: 0,9.268,0.159,11.0,us,us: 5,0-10 km: 0,intermediate,light,42.199226,0.9102462
91,12,1,2023-12-03 00:24:16,-8.2591,119.8114,189.204,4.5,mb: 0,2.09,us: 5,"27 km NNW of Labuan Bajo, Indonesia",earthquake: 0,5.959,0.093,34.0,us,us: 5,0-10 km: 0,intermediate,light,43.17489,35.416416
92,12,1,2023-12-03 00:24:31,8.4057,126.7293,74.371,4.4,mb: 0,1.75,us: 5,"42 km NE of Barcelona, Philippines",earthquake: 0,6.358,0.139,15.0,us,us: 5,0-10 km: 0,intermediate,light,38.520798,9.224971
93,12,1,2023-12-03 00:37:43,8.0951,126.9136,71.637,4.2,mb: 0,1.67,us: 5,"52 km ENE of Santa Maria, Philippines",earthquake: 0,9.938,0.159,11.0,us,us: 5,0-10 km: 0,intermediate,light,42.31888,-0.56836396
94,12,1,2023-12-03 00:43:03,8.6212,126.824,56.341,4.2,mb: 0,1.974,us: 5,"60 km ENE of Hinatuan, Philippines",earthquake: 0,9.226,0.176,9.0,us,us: 5,0-10 km: 0,shallow,light,40.3638,-0.5930496
95,12,1,2023-12-03 00:44:01,8.5017,126.7354,60.927,4.2,mb: 0,1.827,us: 5,"46 km ENE of Hinatuan, Philippines",earthquake: 0,8.037,0.141,14.0,us,us: 5,0-10 km: 0,shallow,light,42.05167,5.139659
96,12,1,2023-12-03 01:03:28,8.4877,126.7633,54.488,4.5,mb: 0,1.834,us: 5,"48 km ENE of Hinatuan, Philippines",earthquake: 0,7.892,0.102,31.0,us,us: 5,0-10 km: 0,shallow,light,50.082478,16.772215
97,12,1,2023-12-03 01:08:49,50.1962,179.354,10.0,3.0,ml: 3,1.184,us: 5,"Rat Islands, Aleutian Islands, Alaska",earthquake: 0,2.027,0.097,14.0,us,us: 5,0-10 km: 0,shallow,minor,-46.300846,44.02186
98,12,1,2023-12-03 01:13:41,23.6171,94.0944,70.037,4.3,mb: 0,2.443,us: 5,"31 km W of Mawlaik, Myanmar",earthquake: 0,6.55,0.097,31.0,us,us: 5,0-10 km: 0,intermediate,light,14.217832,27.369297
99,12,1,2023-12-03 01:16:27,-8.9897,118.7167,107.506,4.3,mb: 0,0.943,us: 5,"55 km SSW of Sape, Indonesia",earthquake: 0,4.9,0.116,24.0,us,us: 5,0-10 km: 0,intermediate,light,38.711777,16.614197
100,12,1,2023-12-03 01:43:30,8.3396,126.5379,62.08,4.5,mb: 0,7.563,us: 5,"22 km ENE of Tidman, Philippines",earthquake: 0,8.206,0.121,23.0,us,us: 5,0-10 km: 0,shallow,light,47.675217,10.396755
101,12,1,2023-12-03 01:44:23,-20.5875,-177.8573,556.425,4.2,mb: 0,2.548,us: 5,"273 km WNW of Houma, Tonga",earthquake: 0,12.786,0.147,13.0,us,us: 5,0-10 km: 0,deep,light,-7.5952826,77.60695
102,12,1,2023-12-03 01:46:40,-19.9918,-69.0689,106.78,4.2,mb: 0,0.168,us: 5,"72 km ENE of La Tirana, Chile",earthquake: 0,3.823,0.141,14.0,us,us: 5,0-10 km: 0,intermediate,light,-44.653595,-13.506504
103,12,1,2023-12-03 02:02:00,8.402,126.646,73.476,4.4,mb: 0,1.694,us: 5,"34 km E of Hinatuan, Philippines",earthquake: 0,8.363,0.11,26.0,us,us: 5,0-10 km: 0,intermediate,light,49.687565,10.43379
104,12,1,2023-12-03 02:13:00,53.9833,-165.4114,76.155,2.9,ml: 3,0.273,us: 5,"29 km SE of Akutan, Alaska",earthquake: 0,13.168,0.105,12.0,us,us: 5,0-10 km: 0,intermediate,minor,-45.78277,29.612467
105,12,1,2023-12-03 02:21:20,8.4553,126.7141,59.094,4.5,mb: 0,1.778,us: 5,"42 km ENE of Hinatuan, Philippines",earthquake: 0,8.016,0.121,21.0,us,us: 5,0-10 km: 0,shallow,light,47.20415,10.508573
106,12,1,2023-12-03 02:35:27,8.5163,126.3824,75.906,4.4,mb: 0,1.643,us: 5,"15 km E of Gamut, Philippines",earthquake: 0,8.96,0.115,22.0,us,us: 5,0-10 km: 0,intermediate,light,49.980953,9.430282
107,12,1,2023-12-03 02:42:55,8.3433,126.5249,55.43,4.5,mb: 0,1.575,us: 5,"21 km ENE of Tidman, Philippines",earthquake: 0,8.156,0.093,34.0,us,us: 5,0-10 km: 0,shallow,light,50.423485,18.295835
108,12,1,2023-12-03 02:47:51,8.4195,126.6322,65.469,4.4,mb: 0,1.699,us: 5,"33 km E of Hinatuan, Philippines",earthquake: 0,8.552,0.135,16.0,us,us: 5,0-10 km: 0,shallow,light,46.920464,5.9347086
109,12,1,2023-12-03 02:53:24,8.0251,126.5907,73.142,4.5,mb: 0,1.381,us: 5,"16 km ENE of Santa Maria, Philippines",earthquake: 0,7.311,0.093,34.0,us,us: 5,0-10 km: 0,intermediate,light,51.11329,18.980572
110,12,1,2023-12-03 02:58:17,8.6384,126.6521,48.311,4.5,mb: 0,1.887,us: 5,"43 km ESE of Marihatag, Philippines",earthquake: 0,8.292,0.172,10.0,us,us: 5,0-10 km: 0,shallow,light,39.036472,1.6135904
111,12,1,2023-12-03 03:02:13,8.3502,126.4984,78.274,4.5,mb: 0,1.565,us: 5,"18 km E of Loyola, Philippines",earthquake: 0,1.151,0.121,21.0,us,us: 5,0-10 km: 0,intermediate,light,-9.149205,-9.171449
112,12,1,2023-12-03 03:18:00,8.3428,126.2974,59.736,4.4,mb: 0,1.452,us: 5,"3 km NNE of Bigaan, Philippines",earthquake: 0,8.877,0.117,21.0,us,us: 5,0-10 km: 0,shallow,light,49.805496,9.3179
113,12,1,2023-12-03 03:23:58,8.6725,126.2482,10.0,4.4,mb: 0,1.725,us: 5,"6 km SE of Salvacion, Philippines",earthquake: 0,1.906,0.143,14.0,us,us: 5,0-10 km: 0,shallow,light,-14.972974,-10.693879
114,12,1,2023-12-03 03:42:50,8.0378,126.6351,71.953,4.5,mb: 0,7.255,us: 5,"21 km ENE of Santa Maria, Philippines",earthquake: 0,8.242,0.115,23.0,us,us: 5,0-10 km: 0,intermediate,light,48.556946,10.748107
115,12,1,2023-12-03 03:43:39,8.1042,126.5185,55.34,4.5,mb: 0,1.387,us: 5,"11 km ESE of Barcelona, Philippines",earthquake: 0,2.756,0.115,22.0,us,us: 5,0-10 km: 0,shallow,light,-10.16759,-8.0093975
116,12,1,2023-12-03 03:47:50,17.134,-94.5714,132.63,4.3,mb: 0,2.482,us: 5,"13 km SSE of Hermanos Cedillo, Mexico",earthquake: 0,4.561,0.057,87.0,us,us: 5,0-10 km: 0,intermediate,light,-47.9975,3.3831367
117,12,1,2023-12-03 04:04:27,37.0613,-13.1493,10.0,4.2,mb: 0,3.457,us: 5,Azores-Cape St. Vincent Ridge,earthquake: 0,1.796,0.147,13.0,us,us: 5,0-10 km: 0,shallow,light,-20.284712,-3.4063864
118,12,1,2023-12-03 04:20:59,8.3537,126.882,48.585,4.3,mb: 0,9.417,us: 5,"53 km ENE of Barcelona, Philippines",earthquake: 0,7.548,0.137,16.0,us,us: 5,0-10 km: 0,shallow,light,42.303207,6.0927453
119,12,1,2023-12-03 04:29:54,7.6267,126.8117,10.0,4.4,mb: 0,9.507,us: 5,"28 km ENE of Baganga, Philippines",earthquake: 0,1.905,0.17,10.0,us,us: 5,0-10 km: 0,shallow,light,-16.573456,-14.725429
120,12,1,2023-12-03 04:34:15,8.4518,126.5958,66.206,4.4,mb: 0,7.668,us: 5,"30 km ENE of Hinatuan, Philippines",earthquake: 0,8.735,0.117,21.0,us,us: 5,0-10 km: 0,shallow,light,49.6266,9.39068
121,12,1,2023-12-03 04:35:37,8.4304,126.7859,65.96,4.4,mb: 0,9.414,us: 5,"49 km NE of Barcelona, Philippines",earthquake: 0,8.682,0.127,18.0,us,us: 5,0-10 km: 0,shallow,light,47.578957,7.0564265
122,12,1,2023-12-03 04:54:28,8.2886,126.5324,67.072,4.5,mb: 0,7.513,us: 5,"17 km NE of Barcelona, Philippines",earthquake: 0,6.663,0.124,19.0,us,us: 5,0-10 km: 0,shallow,light,43.887188,11.312812
123,12,1,2023-12-03 05:06:14,-21.7533,-68.8046,102.912,4.2,mb: 0,0.409,us: 5,"78 km N of Calama, Chile",earthquake: 0,6.016,0.216,6.0,us,us: 5,0-10 km: 0,intermediate,light,-44.08933,-17.139233
124,12,1,2023-12-03 05:57:24,8.1323,126.5855,61.802,4.5,mb: 0,1.453,us: 5,"16 km E of Barcelona, Philippines",earthquake: 0,8.822,0.087,40.0,us,us: 5,0-10 km: 0,shallow,light,50.302437,20.377157
125,12,1,2023-12-03 06:03:39,8.4466,126.7081,62.901,4.3,mb: 0,1.767,us: 5,"41 km ENE of Hinatuan, Philippines",earthquake: 0,7.676,0.125,18.0,us,us: 5,0-10 km: 0,shallow,light,45.703987,8.0239935
126,12,1,2023-12-03 06:10:42,8.0659,126.449,14.489,4.5,mb: 0,7.303,us: 5,"5 km NE of Lingig, Philippines",earthquake: 0,5.351,0.092,35.0,us,us: 5,0-10 km: 0,shallow,light,28.588547,21.932829
127,12,1,2023-12-03 08:37:59,37.4505,22.129,70.354,4.3,mb: 0,0.316,us: 5,"5 km NNW of Megalópoli, Greece",earthquake: 0,7.468,0.122,19.0,us,us: 5,0-10 km: 0,intermediate,light,22.052448,5.8058643
128,12,1,2023-12-03 08:55:43,-5.4651,147.1331,179.592,4.5,mb: 0,3.914,us: 5,"139 km N of Lae, Papua New Guinea",earthquake: 0,11.228,0.116,22.0,us,us: 5,0-10 km: 0,intermediate,light,43.154057,18.24756
129,12,1,2023-12-03 09:02:37,8.2651,126.6534,54.435,4.1,mb: 0,1.595,us: 5,"26 km ENE of Barcelona, Philippines",earthquake: 0,6.927,0.124,18.0,us,us: 5,0-10 km: 0,shallow,light,44.33319,7.123319
130,12,1,2023-12-03 09:05:52,8.2105,126.7674,44.239,4.4,mb: 0,1.635,us: 5,"37 km E of Barcelona, Philippines",earthquake: 0,7.665,0.1,29.0,us,us: 5,0-10 km: 0,shallow,light,49.930153,15.830058
131,12,1,2023-12-03 09:07:47,8.5262,126.6632,57.906,4.2,mb: 0,1.802,us: 5,"40 km ENE of Hinatuan, Philippines",earthquake: 0,8.321,0.121,19.0,us,us: 5,0-10 km: 0,shallow,light,45.515266,6.9035077
132,12,1,2023-12-03 09:12:09,8.4466,126.8908,51.73,4.5,mb: 0,1.887,us: 5,"59 km ENE of Barcelona, Philippines",earthquake: 0,7.801,0.085,41.0,us,us: 5,0-10 km: 0,shallow,light,51.30938,20.223574
133,12,1,2023-12-03 09:22:45,8.4343,126.3347,61.637,4.2,mb: 0,1.549,us: 5,"6 km N of Hinatuan, Philippines",earthquake: 0,7.887,0.124,18.0,us,us: 5,0-10 km: 0,shallow,light,45.30849,7.0942593
134,12,1,2023-12-03 09:42:31,8.5172,126.9678,44.353,4.4,mb: 0,1.99,us: 5,"70 km NE of Barcelona, Philippines",earthquake: 0,6.823,0.098,30.0,us,us: 5,0-10 km: 0,shallow,light,48.67867,16.581415
135,12,1,2023-12-03 10:09:57,-22.5982,-66.0717,258.936,4.3,mb: 0,1.976,us: 5,"40 km WNW of Abra Pampa, Argentina",earthquake: 0,4.82,0.147,13.0,us,us: 5,0-10 km: 0,intermediate,light,-42.760048,-12.1089325
136,12,1,2023-12-03 10:10:43,8.3563,126.7052,64.55,4.2,mb: 0,1.697,us: 5,"36 km NE of Barcelona, Philippines",earthquake: 0,2.106,0.11,23.0,us,us: 5,0-10 km: 0,shallow,light,-10.803601,-8.811246
137,12,1,2023-12-03 10:27:56,8.5029,126.3646,55.82,4.4,mb: 0,1.623,us: 5,"13 km ESE of Gamut, Philippines",earthquake: 0,7.645,0.09,35.0,us,us: 5,0-10 km: 0,shallow,light,51.040745,17.96512
138,12,1,2023-12-03 10:45:47,8.6436,126.1848,61.756,4.5,mb: 0,1.675,us: 5,"8 km SSW of Salvacion, Philippines",earthquake: 0,8.849,0.135,16.0,us,us: 5,0-10 km: 0,shallow,light,47.471916,5.4563675
139,12,1,2023-12-03 10:51:42,8.3758,126.5445,54.21,4.4,mb: 0,1.612,us: 5,"23 km E of Hinatuan, Philippines",earthquake: 0,8.284,0.144,14.0,us,us: 5,0-10 km: 0,shallow,light,42.918694,3.8493743
140,12,1,2023-12-03 11:03:08,8.5882,126.7552,57.835,4.5,mb: 0,1.906,us: 5,"52 km ENE of Hinatuan, Philippines",earthquake: 0,7.863,0.128,18.0,us,us: 5,0-10 km: 0,shallow,light,45.467575,9.775464
141,12,1,2023-12-03 11:04:55,8.7891,126.5242,40.458,4.5,mb: 0,1.948,us: 5,"25 km E of Marihatag, Philippines",earthquake: 0,7.73,0.113,23.0,us,us: 5,0-10 km: 0,shallow,light,47.938347,12.670032
142,12,1,2023-12-03 11:08:54,8.6676,126.6196,51.186,4.2,mb: 0,1.893,us: 5,"38 km ESE of Marihatag, Philippines",earthquake: 0,4.86,0.216,6.0,us,us: 5,0-10 km: 0,shallow,light,35.44087,-1.6984252
143,12,1,2023-12-03 11:09:16,8.552,126.9245,44.271,4.4,mb: 0,1.986,us: 5,"67 km ENE of Hinatuan, Philippines",earthquake: 0,7.828,0.107,25.0,us,us: 5,0-10 km: 0,shallow,light,49.68843,14.656353
144,12,1,2023-12-03 11:11:27,8.5376,126.6422,57.339,4.3,mb: 0,1.799,us: 5,"38 km ENE of Hinatuan, Philippines",earthquake: 0,7.757,0.119,20.0,us,us: 5,0-10 km: 0,shallow,light,46.047924,8.364732
145,12,1,2023-12-03 11:19:42,8.7652,126.5561,53.002,4.4,mb: 0,1.943,us: 5,"28 km E of Marihatag, Philippines",earthquake: 0,7.747,0.092,34.0,us,us: 5,0-10 km: 0,shallow,light,50.83315,17.636421
146,12,1,2023-12-03 11:20:45,8.5588,126.7579,41.613,4.4,mb: 0,1.885,us: 5,"51 km ENE of Hinatuan, Philippines",earthquake: 0,7.68,0.103,27.0,us,us: 5,0-10 km: 0,shallow,light,49.835102,15.36301
147,12,1,2023-12-03 11:23:42,8.6244,126.6394,42.536,4.3,mb: 0,1.868,us: 5,"42 km ESE of Marihatag, Philippines",earthquake: 0,7.962,0.104,26.0,us,us: 5,0-10 km: 0,shallow,light,50.148678,14.596648
148,12,1,2023-12-03 11:40:47,8.4474,126.8046,55.194,4.5,mb: 0,1.83,us: 5,"51 km NE of Barcelona, Philippines",earthquake: 0,7.795,0.109,25.0,us,us: 5,0-10 km: 0,shallow,light,48.290245,13.005678
149,12,1,2023-12-03 11:56:38,8.4828,126.5946,55.581,4.2,mb: 0,1.727,us: 5,"31 km ENE of Hinatuan, Philippines",earthquake: 0,8.326,0.131,16.0,us,us: 5,0-10 km: 0,shallow,light,44.872936,5.9052343
150,12,1,2023-12-03 11:56:49,52.7911,-167.1143,35.0,3.9,mb: 0,0.785,us: 5,"118 km E of Nikolski, Alaska",earthquake: 0,1.832,0.088,34.0,us,us: 5,0-10 km: 0,shallow,minor,-37.78497,26.84985
151,12,1,2023-12-03 11:57:59,8.5352,126.8199,58.385,4.3,mb: 0,1.906,us: 5,"56 km ENE of Hinatuan, Philippines",earthquake: 0,4.756,0.099,29.0,us,us: 5,0-10 km: 0,shallow,light,37.148464,14.513291
152,12,1,2023-12-03 12:29:32,8.4205,126.8239,44.533,4.4,mb: 0,1.823,us: 5,"51 km NE of Barcelona, Philippines",earthquake: 0,7.973,0.12,20.0,us,us: 5,0-10 km: 0,shallow,light,46.65707,9.78004
153,12,1,2023-12-03 12:37:11,8.6449,126.9844,30.629,4.3,mb: 0,2.095,us: 5,"77 km ENE of Hinatuan, Philippines",earthquake: 0,5.636,0.094,32.0,us,us: 5,0-10 km: 0,shallow,light,37.033054,14.128607
154,12,1,2023-12-03 12:39:06,8.3741,126.7408,54.781,4.3,mb: 0,1.734,us: 5,"41 km NE of Barcelona, Philippines",earthquake: 0,7.242,0.078,47.0,us,us: 5,0-10 km: 0,shallow,light,53.135376,21.360407
155,12,1,2023-12-03 12:47:26,8.5487,126.7992,47.879,4.2,mb: 0,1.903,us: 5,"54 km ENE of Hinatuan, Philippines",earthquake: 0,4.888,0.146,13.0,us,us: 5,0-10 km: 0,shallow,light,36.288837,10.07794
156,12,1,2023-12-03 12:55:10,8.5387,126.9635,46.421,4.1,mb: 0,2.003,us: 5,"71 km ENE of Hinatuan, Philippines",earthquake: 0,8.274,0.127,17.0,us,us: 5,0-10 km: 0,shallow,light,44.811974,6.1451
157,12,1,2023-12-03 12:58:18,8.0486,126.7876,61.103,4.3,mb: 0,1.543,us: 5,"38 km E of Santa Maria, Philippines",earthquake: 0,7.223,0.081,43.0,us,us: 5,0-10 km: 0,shallow,light,53.17758,21.229261
158,12,1,2023-12-03 13:17:04,8.4844,126.6239,67.554,4.3,mb: 0,1.746,us: 5,"34 km ENE of Hinatuan, Philippines",earthquake: 0,9.49,0.161,11.0,us,us: 5,0-10 km: 0,shallow,light,41.7416,0.0075943936
159,12,1,2023-12-03 13:36:38,8.5381,126.7139,42.033,4.4,mb: 0,1.842,us: 5,"45 km ENE of Hinatuan, Philippines",earthquake: 0,6.691,0.155,15.0,us,us: 5,0-10 km: 0,shallow,light,38.135067,5.827199
160,12,1,2023-12-03 13:54:55,19.4731,-66.2395,32.0,3.89,md: 2,1.1745,pr: 3,"111 km N of Brenas, Puerto Rico",earthquake: 0,28.95,0.12,17.0,pr,pr: 3,0-10 km: 0,shallow,minor,-56.95683,28.084723
161,12,1,2023-12-03 14:02:19,8.1651,126.5208,76.799,4.5,mb: 0,1.434,us: 5,"9 km E of Barcelona, Philippines",earthquake: 0,6.841,0.121,20.0,us,us: 5,0-10 km: 0,intermediate,light,44.02582,11.746707
162,12,1,2023-12-03 14:05:13,53.1005,-161.0946,35.0,2.6,ml: 3,2.01,us: 5,"232 km SSE of King Cove, Alaska",earthquake: 0,2.024,0.115,10.0,us,us: 5,0-10 km: 0,shallow,minor,-39.29396,39.17383
163,12,1,2023-12-03 14:18:54,8.4335,126.279,68.73,4.5,mb: 0,1.522,us: 5,"9 km NW of Hinatuan, Philippines",earthquake: 0,8.247,0.099,32.0,us,us: 5,0-10 km: 0,shallow,light,49.46213,18.746157
164,12,1,2023-12-03 14:39:14,17.2378,-68.9138,10.0,3.2,ml: 3,1.367,us: 5,"130 km SSW of Boca de Yuma, Dominican Republic",earthquake: 0,2.028,0.074,24.0,us,us: 5,0-10 km: 0,shallow,minor,-45.04635,40.03856
165,12,1,2023-12-03 14:41:44,-31.7813,-67.102,126.316,4.3,mb: 0,1.37,us: 5,"112 km E of Caucete, Argentina",earthquake: 0,10.078,0.218,6.0,us,us: 5,0-10 km: 0,intermediate,light,-41.83596,-16.625
166,12,1,2023-12-03 14:45:38,8.7591,127.0368,35.0,4.4,mb: 0,2.214,us: 5,"81 km E of Aras-asan, Philippines",earthquake: 0,1.957,0.19,8.0,us,us: 5,0-10 km: 0,shallow,light,-16.472174,-17.876484
167,12,1,2023-12-03 14:50:51,8.775,127.0454,10.0,4.5,mb: 0,2.232,us: 5,"81 km E of Aras-asan, Philippines",earthquake: 0,1.882,0.111,24.0,us,us: 5,0-10 km: 0,shallow,light,-10.57455,-6.4782495
168,12,1,2023-12-03 14:51:35,8.7138,127.0059,10.0,4.5,mb: 0,2.16,us: 5,"78 km E of Marihatag, Philippines",earthquake: 0,1.622,0.156,15.0,us,us: 5,0-10 km: 0,shallow,light,-15.823864,-13.271169
169,12,1,2023-12-03 15:19:20,8.2875,126.5697,77.353,4.3,mb: 0,1.558,us: 5,"20 km NE of Barcelona, Philippines",earthquake: 0,9.095,0.133,16.0,us,us: 5,0-10 km: 0,intermediate,light,46.240322,4.7741694
170,12,1,2023-12-03 15:37:05,8.8355,127.113,10.0,4.2,mb: 0,2.321,us: 5,"88 km E of Aras-asan, Philippines",earthquake: 0,1.939,0.153,12.0,us,us: 5,0-10 km: 0,shallow,light,-16.78137,-12.745054
171,12,1,2023-12-03 16:27:40,8.324,126.4789,84.704,4.5,mb: 0,1.532,us: 5,"15 km E of Tidman, Philippines",earthquake: 0,8.971,0.144,14.0,us,us: 5,0-10 km: 0,intermediate,light,46.552757,3.881296
172,12,1,2023-12-03 16:31:58,8.9043,126.6454,74.909,4.4,mb: 0,2.107,us: 5,"36 km E of Aras-asan, Philippines",earthquake: 0,2.783,0.144,17.0,us,us: 5,0-10 km: 0,intermediate,light,-12.250195,-11.030908
173,12,1,2023-12-03 17:03:54,13.185,-90.5593,56.539,4.3,mb: 0,1.041,us: 5,"84 km S of Iztapa, Guatemala",earthquake: 0,7.27,0.076,50.0,us,us: 5,0-10 km: 0,shallow,light,-44.5656,3.762083
174,12,1,2023-12-03 17:23:43,8.793,126.8114,61.228,4.3,mb: 0,2.103,us: 5,"56 km E of Aras-asan, Philippines",earthquake: 0,3.921,0.125,18.0,us,us: 5,0-10 km: 0,shallow,light,36.14441,11.329197
175,12,1,2023-12-03 17:38:10,8.5214,126.8431,57.556,4.2,mb: 0,1.91,us: 5,"58 km ENE of Hinatuan, Philippines",earthquake: 0,8.769,0.152,13.0,us,us: 5,0-10 km: 0,shallow,light,41.897655,1.6635184
176,12,1,2023-12-03 17:50:18,18.1456666666667,-66.7715,22.91,2.91,md: 2,0.1172,pr: 3,"5 km WSW of Adjuntas, Puerto Rico",earthquake: 0,0.55,0.181015377655384,9.0,pr,pr: 3,0-10 km: 0,shallow,minor,-71.949234,28.42632
177,12,1,2023-12-03 18:06:52,8.6138,126.9669,42.295,4.5,mb: 0,2.06,us: 5,"74 km ENE of Hinatuan, Philippines",earthquake: 0,5.832,0.089,37.0,us,us: 5,0-10 km: 0,shallow,light,32.260033,25.155464
178,12,1,2023-12-03 18:22:23,32.2829,69.8057,44.594,4.5,mb: 0,2.34,us: 5,"22 km E of Wana, Pakistan",earthquake: 0,6.022,0.083,43.0,us,us: 5,0-10 km: 0,shallow,light,13.130349,27.462767
179,12,1,2023-12-03 18:47:53,8.4363,126.8375,55.567,4.5,mb: 0,1.843,us: 5,"53 km NE of Barcelona, Philippines",earthquake: 0,7.878,0.091,35.0,us,us: 5,0-10 km: 0,shallow,light,50.71362,18.394402
180,12,1,2023-12-03 19:37:24,8.5869,126.8123,69.349,4.0,mb: 0,1.94,us: 5,"57 km ENE of Hinatuan, Philippines",earthquake: 0,9.985,0.259,5.0,us,us: 5,0-10 km: 0,shallow,light,37.114647,-2.9137635
181,12,1,2023-12-03 19:47:20,8.7517,127.3971,10.0,4.4,mb: 0,2.457,us: 5,"120 km E of Aras-asan, Philippines",earthquake: 0,1.949,0.189,9.0,us,us: 5,0-10 km: 0,shallow,light,-16.409945,-17.738955
182,12,1,2023-12-03 20:13:31,9.0619,126.6963,84.261,4.5,mb: 0,2.268,us: 5,"46 km ENE of Aras-asan, Philippines",earthquake: 0,8.634,0.125,19.0,us,us: 5,0-10 km: 0,intermediate,light,48.315655,8.480444
183,12,1,2023-12-03 20:15:08,8.7108,126.4404,34.474,4.4,mb: 0,1.84,us: 5,"18 km ESE of Marihatag, Philippines",earthquake: 0,5.409,0.117,21.0,us,us: 5,0-10 km: 0,shallow,light,35.927338,13.175382
184,12,1,2023-12-03 20:20:13,-14.9774,168.201,10.0,4.5,mb: 0,6.68,us: 5,"121 km E of Port-Olry, Vanuatu",earthquake: 0,1.852,0.122,20.0,us,us: 5,0-10 km: 0,shallow,light,0.76763535,-19.073997
185,12,1,2023-12-03 20:42:03,51.7395,-177.2674,76.822,3.1,ml: 3,0.03,us: 5,"46 km WSW of Adak, Alaska",earthquake: 0,3.554,0.091,16.0,us,us: 5,0-10 km: 0,intermediate,minor,-39.707504,37.394188
186,12,1,2023-12-03 20:52:44,9.0022,126.9853,10.0,4.4,mb: 0,2.372,us: 5,"75 km E of Aras-asan, Philippines",earthquake: 0,1.887,0.144,14.0,us,us: 5,0-10 km: 0,shallow,light,-15.048577,-10.760711
187,12,1,2023-12-03 21:00:04,51.6532,-173.5582,49.706,3.0,ml: 3,0.677,us: 5,"74 km SE of Atka, Alaska",earthquake: 0,36.044,0.115,10.0,us,us: 5,0-10 km: 0,shallow,minor,-53.28218,28.301182
188,12,1,2023-12-03 21:02:37,6.4937,127.2819,9.77,4.5,mb: 0,1.785,us: 5,"110 km ESE of Tarragona, Philippines",earthquake: 0,4.913,0.124,19.0,us,us: 5,0-10 km: 0,shallow,light,35.333992,12.789852
189,12,1,2023-12-03 21:05:16,8.8496,126.3183,64.696,4.4,mb: 0,1.914,us: 5,"4 km S of Aras-asan, Philippines",earthquake: 0,8.807,0.114,22.0,us,us: 5,0-10 km: 0,shallow,light,49.92485,9.714469
190,12,1,2023-12-03 21:06:36,8.4456,126.7759,61.025,4.5,mb: 0,1.81,us: 5,"49 km NE of Barcelona, Philippines",earthquake: 0,5.681,0.097,31.0,us,us: 5,0-10 km: 0,shallow,light,37.196392,15.257818
191,12,1,2023-12-03 21:32:12,8.5603,126.8658,53.566,4.2,mb: 0,1.954,us: 5,"62 km ENE of Hinatuan, Philippines",earthquake: 0,7.686,0.146,13.0,us,us: 5,0-10 km: 0,shallow,light,41.447693,5.2122307
192,12,1,2023-12-03 21:35:43,8.2052,126.9057,52.995,4.4,mb: 0,1.733,us: 5,"52 km E of Barcelona, Philippines",earthquake: 0,9.283,0.179,9.0,us,us: 5,0-10 km: 0,shallow,light,39.594532,-0.6996381
193,12,1,2023-12-03 21:53:10,8.0022,126.9929,35.0,4.2,mb: 0,1.68,us: 5,"59 km NE of Kinablangan, Philippines",earthquake: 0,1.947,0.159,11.0,us,us: 5,0-10 km: 0,shallow,light,-17.126652,-13.26984
194,12,1,2023-12-03 21:55:57,8.7812,127.1924,10.0,4.4,mb: 0,2.334,us: 5,"97 km E of Aras-asan, Philippines",earthquake: 0,1.851,0.12,20.0,us,us: 5,0-10 km: 0,shallow,light,-12.0736265,-8.111155
195,12,1,2023-12-03 21:57:11,8.9968,126.397,59.477,4.5,mb: 0,2.079,us: 5,"13 km ENE of Bacolod, Philippines",earthquake: 0,7.254,0.075,52.0,us,us: 5,0-10 km: 0,shallow,light,52.268353,21.997204
196,12,1,2023-12-03 22:06:22,8.662,126.7648,59.858,4.5,mb: 0,1.97,us: 5,"53 km ESE of Marihatag, Philippines",earthquake: 0,7.769,0.094,33.0,us,us: 5,0-10 km: 0,shallow,light,50.471115,18.194284
197,12,1,2023-12-03 22:08:05,8.7443,126.4046,80.093,4.5,mb: 0,1.854,us: 5,"13 km ESE of Marihatag, Philippines",earthquake: 0,7.797,0.093,34.0,us,us: 5,0-10 km: 0,intermediate,light,50.452007,19.178438
198,12,1,2023-12-03 22:12:37,8.5686,126.9342,54.947,4.4,mb: 0,2.005,us: 5,"69 km ENE of Hinatuan, Philippines",earthquake: 0,8.218,0.098,30.0,us,us: 5,0-10 km: 0,shallow,light,50.62517,16.277689
199,12,1,2023-12-03 22:30:04,8.7493,126.6833,49.421,4.5,mb: 0,1.995,us: 5,"43 km E of Marihatag, Philippines",earthquake: 0,7.899,0.124,19.0,us,us: 5,0-10 km: 0,shallow,light,45.922832,10.121251
200,12,1,2023-12-03 22:31:40,8.5035,126.485,80.377,4.2,mb: 0,1.684,us: 5,"22 km NE of Hinatuan, Philippines",earthquake: 0,7.254,0.167,10.0,us,us: 5,0-10 km: 0,intermediate,light,38.44395,4.191407
201,12,1,2023-12-03 22:38:51,8.6492,126.9694,43.447,4.5,mb: 0,2.088,us: 5,"76 km ESE of Marihatag, Philippines",earthquake: 0,7.973,0.075,52.0,us,us: 5,0-10 km: 0,shallow,light,51.893658,21.96589
202,12,1,2023-12-03 22:55:09,9.0829,126.6061,35.0,4.5,mb: 0,2.244,us: 5,"38 km ENE of Bacolod, Philippines",earthquake: 0,1.899,0.087,39.0,us,us: 5,0-10 km: 0,shallow,light,-3.80318,-3.2114427
203,12,1,2023-12-03 23:14:26,51.4392,-176.7889,36.724,3.0,ml: 3,0.426,us: 5,"49 km SSW of Adak, Alaska",earthquake: 0,14.614,0.091,16.0,us,us: 5,0-10 km: 0,shallow,minor,-45.622242,29.2716
204,12,1,2023-12-03 23:15:12,8.2419,126.5865,59.581,4.3,mb: 0,1.534,us: 5,"19 km ENE of Barcelona, Philippines",earthquake: 0,8.074,0.125,18.0,us,us: 5,0-10 km: 0,shallow,light,46.015594,7.6818695
205,12,1,2023-12-03 23:23:47,9.098,126.7735,47.473,4.5,mb: 0,2.337,us: 5,"55 km ENE of Aras-asan, Philippines",earthquake: 0,7.575,0.172,10.0,us,us: 5,0-10 km: 0,shallow,light,38.68442,2.15118
206,12,1,2023-12-03 23:43:42,19.3516,-66.273,94.0,3.91,md: 2,1.0596,pr: 3,"98 km N of Brenas, Puerto Rico",earthquake: 0,3.91,0.12,11.0,pr,pr: 3,0-10 km: 0,intermediate,minor,-67.65331,29.075396
207,12,1,2023-12-03 23:57:48,8.5228,126.3419,35.0,4.4,mb: 0,1.63,us: 5,"11 km E of Gamut, Philippines",earthquake: 0,1.914,0.109,24.0,us,us: 5,0-10 km: 0,shallow,light,-10.173835,-7.6401286
208,12,1,2023-12-04 00:36:08,8.4667,126.61,57.53,4.4,mb: 0,1.723,us: 5,"32 km ENE of Hinatuan, Philippines",earthquake: 0,7.691,0.134,16.0,us,us: 5,0-10 km: 0,shallow,light,44.74142,8.775062
209,12,1,2023-12-04 00:49:46,-24.4803,-69.251,76.932,4.2,mb: 0,0.746,us: 5,"148 km SE of Antofagasta, Chile",earthquake: 0,6.104,0.127,17.0,us,us: 5,0-10 km: 0,intermediate,light,-45.58883,-13.08887
210,12,1,2023-12-04 00:55:23,8.8642,126.6775,35.0,4.3,mb: 0,2.089,us: 5,"40 km E of Aras-asan, Philippines",earthquake: 0,1.319,0.114,22.0,us,us: 5,0-10 km: 0,shallow,light,-10.829613,-8.396088
211,12,1,2023-12-04 01:00:36,8.8923,126.5329,47.756,4.5,mb: 0,2.042,us: 5,"24 km E of Aras-asan, Philippines",earthquake: 0,5.228,0.11,24.0,us,us: 5,0-10 km: 0,shallow,light,36.081684,14.058001
212,12,1,2023-12-04 01:05:53,7.6367,127.1147,10.0,4.4,mb: 0,1.624,us: 5,"61 km E of Baganga, Philippines",earthquake: 0,1.919,0.161,11.0,us,us: 5,0-10 km: 0,shallow,light,-16.359583,-13.885789
213,12,1,2023-12-04 01:06:40,8.5342,126.5893,35.0,4.5,mb: 0,1.766,us: 5,"33 km ENE of Hinatuan, Philippines",earthquake: 0,1.928,0.113,23.0,us,us: 5,0-10 km: 0,shallow,light,-10.298193,-7.442258
214,12,1,2023-12-04 01:17:36,8.5007,126.7803,73.321,4.4,mb: 0,1.854,us: 5,"51 km ENE of Hinatuan, Philippines",earthquake: 0,8.101,0.124,19.0,us,us: 5,0-10 km: 0,intermediate,light,47.343693,8.655604
215,12,1,2023-12-04 01:36:01,8.9763,126.7895,53.694,4.4,mb: 0,2.242,us: 5,"53 km E of Aras-asan, Philippines",earthquake: 0,8.517,0.162,11.0,us,us: 5,0-10 km: 0,shallow,light,39.99849,1.513354
216,12,1,2023-12-04 01:49:55,19.9857,144.5249,10.0,4.1,mb: 0,18.797,us: 5,"Maug Islands region, Northern Mariana Islands",earthquake: 0,1.946,0.198,7.0,us,us: 5,10-20 km: 1,shallow,light,-15.467734,-19.160788
217,12,1,2023-12-04 01:51:10,8.5471,126.6952,32.85,4.4,mb: 0,1.838,us: 5,"44 km ENE of Hinatuan, Philippines",earthquake: 0,6.745,0.156,12.0,us,us: 5,0-10 km: 0,shallow,light,38.0828,5.7920394
218,12,1,2023-12-04 02:19:49,8.6724,126.3627,101.276,4.3,mb: 0,1.772,us: 5,"16 km SSE of Marihatag, Philippines",earthquake: 0,5.464,0.099,29.0,us,us: 5,0-10 km: 0,intermediate,light,37.99865,14.9313135
219,12,1,2023-12-04 02:32:38,8.7966,126.2337,86.478,4.2,mb: 0,1.834,us: 5,"6 km W of Marihatag, Philippines",earthquake: 0,7.657,0.11,23.0,us,us: 5,0-10 km: 0,intermediate,light,45.57494,12.489192
220,12,1,2023-12-04 02:45:33,31.4614,139.6701,10.0,4.4,mb: 0,1.656,us: 5,"Izu Islands, Japan region",earthquake: 0,1.912,0.19,8.0,us,us: 5,0-10 km: 0,shallow,light,-14.910178,-18.117632
221,12,1,2023-12-04 02:59:00,8.4641,126.6329,67.286,4.2,mb: 0,1.735,us: 5,"34 km ENE of Hinatuan, Philippines",earthquake: 0,9.403,0.146,13.0,us,us: 5,0-10 km: 0,shallow,light,43.490505,1.3070614
222,12,1,2023-12-04 03:08:51,8.6361,126.7941,63.51,4.5,mb: 0,1.967,us: 5,"57 km ESE of Marihatag, Philippines",earthquake: 0,7.575,0.092,35.0,us,us: 5,0-10 km: 0,shallow,light,50.882294,18.625555
223,12,1,2023-12-04 03:28:46,74.9318,110.9028,10.0,4.3,mb: 0,6.13,us: 5,"near the coast of central Siberia, Russia",earthquake: 0,1.961,0.148,13.0,us,us: 5,0-10 km: 0,shallow,light,-30.932055,15.376075
224,12,1,2023-12-04 03:33:30,54.0791,-164.6543,45.024,2.9,ml: 3,0.396,us: 5,"73 km E of Akutan, Alaska",earthquake: 0,27.418,0.128,8.0,us,us: 5,0-10 km: 0,shallow,minor,-52.325893,28.520632
225,12,1,2023-12-04 03:39:28,7.7408,126.6281,90.785,4.5,mb: 0,1.236,us: 5,"10 km ENE of Kinablangan, Philippines",earthquake: 0,7.964,0.101,29.0,us,us: 5,0-10 km: 0,intermediate,light,49.01058,19.287432
226,12,1,2023-12-04 03:49:14,8.7517,126.5198,41.507,4.5,mb: 0,1.913,us: 5,"25 km ESE of Marihatag, Philippines",earthquake: 0,7.532,0.094,33.0,us,us: 5,0-10 km: 0,shallow,light,49.78125,17.29357
227,12,1,2023-12-04 04:05:49,3.5151,126.9322,35.0,4.4,mb: 0,6.593,us: 5,"231 km NNW of Tobelo, Indonesia",earthquake: 0,1.902,0.19,8.0,us,us: 5,0-10 km: 0,shallow,light,-16.509045,-18.072868
228,12,1,2023-12-04 04:12:05,8.7197,127.2851,40.387,4.2,mb: 0,2.355,us: 5,"108 km E of Aras-asan, Philippines",earthquake: 0,4.714,0.136,20.0,us,us: 5,0-10 km: 0,shallow,light,36.216488,10.641747
229,12,1,2023-12-04 04:32:29,8.6529,126.5394,60.364,4.1,mb: 0,1.838,us: 5,"31 km ESE of Marihatag, Philippines",earthquake: 0,9.16,0.131,19.0,us,us: 5,0-10 km: 0,shallow,light,44.824085,4.571044
230,12,1,2023-12-04 04:45:38,-8.3174,119.4814,190.105,4.5,mb: 0,1.761,us: 5,"30 km N of Komodo, Indonesia",earthquake: 0,8.885,0.156,12.0,us,us: 5,0-10 km: 0,intermediate,light,41.517372,16.541542
231,12,1,2023-12-04 04:52:27,-8.2659,156.9929,10.0,4.3,mb: 0,3.144,us: 5,"24 km SE of Gizo, Solomon Islands",earthquake: 0,1.867,0.148,13.0,us,us: 5,0-10 km: 0,shallow,light,-4.9633894,-20.483274
232,12,1,2023-12-04 05:47:02,37.0655,-118.5315,10.46,3.49,ml: 3,0.2414,nc: 1,"24 km WSW of Big Pine, CA",earthquake: 0,0.91,0.177,128.0,nc,nc: 1,0-10 km: 0,shallow,minor,-88.41096,2.4152412
233,12,1,2023-12-04 06:20:32,12.9689,-90.6117,28.805,4.2,mb: 0,1.231,us: 5,"107 km S of Iztapa, Guatemala",earthquake: 0,6.294,0.06,77.0,us,us: 5,0-10 km: 0,shallow,light,-44.97427,4.213494
234,12,1,2023-12-04 06:57:48,32.7378333,-115.8771667,9.18,2.88,ml: 3,0.09776,ci: 0,"11 km E of Ocotillo, CA",earthquake: 0,0.55,0.139,131.0,ci,ci: 0,0-10 km: 0,shallow,minor,-87.005104,0.7833755
235,12,1,2023-12-04 08:58:47,19.1093,-66.4898,11.0,3.59,md: 2,0.8975,pr: 3,"71 km N of Tierras Nuevas Poniente, Puerto Rico",earthquake: 0,3.17,0.12,16.0,pr,pr: 3,0-10 km: 0,shallow,minor,-67.98259,29.669909
236,12,1,2023-12-04 10:48:44,8.4923,126.7604,57.536,4.5,mb: 0,1.835,us: 5,"48 km ENE of Hinatuan, Philippines",earthquake: 0,7.463,0.131,17.0,us,us: 5,0-10 km: 0,shallow,light,44.712482,9.856129
237,12,1,2023-12-04 11:29:40,51.7572,178.5426,90.665,2.6,ml: 3,0.176,us: 5,"Rat Islands, Aleutian Islands, Alaska",earthquake: 0,5.468,0.115,10.0,us,us: 5,0-10 km: 0,intermediate,minor,-46.022034,44.25195
238,12,1,2023-12-04 12:04:28,8.2352,127.1321,45.608,4.0,mb: 0,1.926,us: 5,"77 km E of Barcelona, Philippines",earthquake: 0,7.639,0.116,20.0,us,us: 5,0-10 km: 0,shallow,light,44.486347,6.832329
239,12,1,2023-12-04 12:28:32,25.243,124.7789,89.692,4.3,mb: 0,0.992,us: 5,"64 km N of Tarama, Japan",earthquake: 0,6.288,0.16,11.0,us,us: 5,0-10 km: 0,intermediate,light,28.556479,5.23215
240,12,1,2023-12-04 13:00:44,9.0514,126.7734,42.766,4.5,mb: 0,2.297,us: 5,"53 km ENE of Aras-asan, Philippines",earthquake: 0,7.576,0.101,29.0,us,us: 5,0-10 km: 0,shallow,light,49.70196,16.46934
241,12,1,2023-12-04 13:01:05,-17.644,-178.9266,548.409,4.1,mb: 0,2.881,us: 5,"191 km ENE of Levuka, Fiji",earthquake: 0,8.518,0.117,20.0,us,us: 5,0-10 km: 0,deep,light,-6.9628253,76.03252
242,12,1,2023-12-04 13:20:08,8.4181,126.9414,59.601,4.3,mb: 0,1.902,us: 5,"62 km ENE of Barcelona, Philippines",earthquake: 0,5.439,0.107,25.0,us,us: 5,0-10 km: 0,shallow,light,37.156662,14.28357
243,12,1,2023-12-04 13:41:23,-5.4581,151.8725,64.604,4.4,mb: 0,1.292,us: 5,"130 km SSW of Kokopo, Papua New Guinea",earthquake: 0,3.734,0.107,25.0,us,us: 5,0-10 km: 0,shallow,light,30.46883,19.04064
244,12,1,2023-12-04 13:46:03,8.7181,127.1752,10.0,4.4,mb: 0,2.276,us: 5,"96 km E of Aras-asan, Philippines",earthquake: 0,1.959,0.189,8.0,us,us: 5,0-10 km: 0,shallow,light,-16.410421,-17.74419
245,12,1,2023-12-04 14:02:31,8.7103,127.0253,10.0,4.4,mb: 0,2.17,us: 5,"80 km E of Marihatag, Philippines",earthquake: 0,1.887,0.126,18.0,us,us: 5,0-10 km: 0,shallow,light,-12.858059,-8.758639
246,12,1,2023-12-04 14:14:46,8.2252,127.0123,55.613,4.4,mb: 0,1.826,us: 5,"64 km E of Barcelona, Philippines",earthquake: 0,7.899,0.117,21.0,us,us: 5,0-10 km: 0,shallow,light,46.895584,10.061
247,12,1,2023-12-04 14:46:26,-14.7844,167.2037,127.394,4.5,mb: 0,6.373,us: 5,"31 km NNE of Port-Olry, Vanuatu",earthquake: 0,6.417,0.113,23.0,us,us: 5,0-10 km: 0,intermediate,light,41.78929,33.03691
248,12,1,2023-12-04 15:20:27,51.1407,-178.3691,23.412,2.8,ml: 3,0.499,us: 5,"145 km SW of Adak, Alaska",earthquake: 0,12.909,0.077,22.0,us,us: 5,0-10 km: 0,shallow,minor,-45.503147,29.733437
249,12,1,2023-12-04 15:23:06,51.0773,-178.4226,29.911,2.9,ml: 3,0.536,us: 5,"152 km SW of Adak, Alaska",earthquake: 0,12.648,0.077,22.0,us,us: 5,0-10 km: 0,shallow,minor,-45.39469,29.790632
250,12,1,2023-12-04 15:24:03,-10.6021,120.4386,16.417,4.3,mb: 0,3.162,us: 5,"106 km S of Waingapu, Indonesia",earthquake: 0,5.222,0.154,12.0,us,us: 5,0-10 km: 0,shallow,light,36.473736,7.172999
251,12,1,2023-12-04 15:38:36,8.4337,126.6059,76.164,4.4,mb: 0,1.695,us: 5,"30 km ENE of Hinatuan, Philippines",earthquake: 0,8.139,0.097,31.0,us,us: 5,0-10 km: 0,intermediate,light,49.84149,18.804256
252,12,1,2023-12-04 15:44:59,8.5314,126.4196,64.416,4.5,mb: 0,1.674,us: 5,"19 km E of Gamut, Philippines",earthquake: 0,7.374,0.077,50.0,us,us: 5,0-10 km: 0,shallow,light,52.223797,21.967405
253,12,1,2023-12-04 16:05:09,9.1341,126.6817,53.473,4.3,mb: 0,2.324,us: 5,"48 km ENE of Bacolod, Philippines",earthquake: 0,10.647,0.168,10.0,us,us: 5,0-10 km: 0,shallow,light,41.799187,-1.4277132
254,12,1,2023-12-04 16:11:11,52.4352,-166.7835,10.0,3.2,ml: 3,1.192,us: 5,"151 km ESE of Nikolski, Alaska",earthquake: 0,2.011,0.128,8.0,us,us: 5,0-10 km: 0,shallow,minor,-39.285313,38.06154
255,12,1,2023-12-04 16:12:32,16.5447,-98.3002,37.392,4.3,mb: 0,1.044,us: 5,"6 km NE of San Juan Bautista Lo de Soto, Mexico",earthquake: 0,12.283,0.078,46.0,us,us: 5,0-10 km: 0,shallow,light,-44.40728,6.2629337
256,12,1,2023-12-04 16:14:31,-33.1298,-178.9885,41.594,4.3,mb: 0,3.963,us: 5,south of the Kermadec Islands,earthquake: 0,8.845,0.137,15.0,us,us: 5,0-10 km: 0,shallow,light,-49.91948,-13.721578
257,12,1,2023-12-04 16:29:24,53.6715,-164.6933,19.779,3.2,ml: 3,0.8,us: 5,"87 km SE of Akutan, Alaska",earthquake: 0,12.231,0.105,12.0,us,us: 5,0-10 km: 0,shallow,minor,-45.16824,29.793268
258,12,1,2023-12-04 16:56:55,-20.9929,-178.3891,535.989,4.5,mb: 0,2.98,us: 5,Fiji region,earthquake: 0,6.955,0.062,76.0,us,us: 5,0-10 km: 0,deep,light,-9.1703415,71.75235
259,12,1,2023-12-04 17:07:03,8.4423,126.3197,84.078,4.3,mb: 0,1.549,us: 5,"7 km NNW of Hinatuan, Philippines",earthquake: 0,7.597,0.072,55.0,us,us: 5,0-10 km: 0,intermediate,light,53.32254,21.850084
260,12,1,2023-12-04 17:44:45,20.17,145.023,10.0,4.5,mb: 0,4.956,us: 5,"Maug Islands region, Northern Mariana Islands",earthquake: 0,1.895,0.115,22.0,us,us: 5,0-10 km: 0,shallow,light,-15.028975,5.114204
261,12,1,2023-12-04 18:04:15,8.6041,127.0874,44.589,4.3,mb: 0,2.135,us: 5,"86 km ENE of Hinatuan, Philippines",earthquake: 0,8.434,0.16,11.0,us,us: 5,0-10 km: 0,shallow,light,40.590767,1.6655742
262,12,1,2023-12-04 18:19:37,12.3045,144.1762,10.0,4.3,mb: 0,1.444,us: 5,"119 km SSW of Merizo Village, Guam",earthquake: 0,1.902,0.238,10.0,us,us: 5,0-10 km: 0,shallow,light,-15.580361,-21.277067
263,12,1,2023-12-04 18:24:12,33.9951667,-116.8426667,18.25,2.65,ml: 3,0.0493,ci: 0,"8 km NNE of Banning, CA",earthquake: 0,0.23,0.185,24.0,ci,ci: 0,0-10 km: 0,shallow,minor,-85.1657,1.667425
264,12,1,2023-12-04 18:28:19,3.5701,126.8595,42.525,4.5,mb: 0,2.825,us: 5,"240 km NNW of Tobelo, Indonesia",earthquake: 0,8.704,0.102,28.0,us,us: 5,0-10 km: 0,shallow,light,51.0807,12.494207
265,12,1,2023-12-04 18:32:04,31.687,-101.706,3.6927,3.2,ml: 3,0.1,tx: 4,"28 km SW of Garden City, Texas",earthquake: 0,1.379228199,0.1,13.0,tx,tx: 4,0-10 km: 0,shallow,minor,-72.20402,15.870415
266,12,1,2023-12-04 19:04:15,27.8384,87.8476,69.075,4.4,mb: 0,3.426,us: 5,"73 km NNW of Gyalshing, India",earthquake: 0,5.584,0.081,44.0,us,us: 5,0-10 km: 0,shallow,light,13.344363,27.496613
267,12,1,2023-12-04 19:05:55,8.1429,126.9192,35.0,4.1,mb: 0,1.703,us: 5,"53 km E of Barcelona, Philippines",earthquake: 0,1.956,0.165,12.0,us,us: 5,0-10 km: 0,shallow,light,-17.368101,-13.313405
268,12,1,2023-12-04 19:14:30,-6.4621,131.5447,10.0,4.3,mb: 0,2.526,us: 5,"162 km SW of Tual, Indonesia",earthquake: 0,1.927,0.178,9.0,us,us: 5,0-10 km: 0,shallow,light,-13.470986,-21.9224
269,12,1,2023-12-04 19:30:44,32.2981,-104.6643,5.0,2.7,ml: 3,0.643,us: 5,"30 km WNW of Whites City, New Mexico",earthquake: 0,1.97,0.05,52.0,us,us: 5,0-10 km: 0,shallow,minor,-44.00462,38.985725
270,12,1,2023-12-04 19:33:05,8.6062,126.8933,35.758,4.4,mb: 0,2.006,us: 5,"66 km ENE of Hinatuan, Philippines",earthquake: 0,8.625,0.163,11.0,us,us: 5,0-10 km: 0,shallow,light,39.949577,1.3972721
271,12,1,2023-12-04 19:44:47,-5.7275,146.3104,77.368,4.2,mb: 0,3.749,us: 5,"79 km NE of Kainantu, Papua New Guinea",earthquake: 0,7.387,0.093,32.0,us,us: 5,0-10 km: 0,intermediate,light,44.868603,26.928036
272,12,1,2023-12-04 19:45:52,0.6289,122.0695,123.964,4.3,mb: 0,1.374,us: 5,"110 km W of Gorontalo, Indonesia",earthquake: 0,8.404,0.103,27.0,us,us: 5,0-10 km: 0,intermediate,light,45.55279,28.185974
273,12,1,2023-12-04 19:57:39,8.3938,126.7492,72.755,4.5,mb: 0,1.754,us: 5,"43 km NE of Barcelona, Philippines",earthquake: 0,8.329,0.102,28.0,us,us: 5,0-10 km: 0,intermediate,light,49.06779,18.844576
274,12,1,2023-12-04 20:01:02,-6.134,149.8919,45.591,4.5,mb: 0,2.974,us: 5,"38 km ENE of Kandrian, Papua New Guinea",earthquake: 0,6.691,0.101,31.0,us,us: 5,0-10 km: 0,shallow,light,37.93362,26.694305
275,12,1,2023-12-04 20:13:29,31.705,-104.294,7.2884,3.0,ml: 3,0.0,tx: 4,"52 km S of Whites City, New Mexico",earthquake: 0,0.9651053631,0.2,15.0,tx,tx: 4,0-10 km: 0,shallow,minor,-74.95738,24.20818
276,12,1,2023-12-04 20:17:53,51.616,-170.6615,10.0,3.5,mb: 0,2.219,us: 5,"191 km SW of Nikolski, Alaska",earthquake: 0,1.953,0.137,13.0,us,us: 5,0-10 km: 0,shallow,minor,-39.03695,26.120258
277,12,1,2023-12-04 20:52:39,31.678,-104.377,6.9542,3.3,ml: 3,0.0,tx: 4,western Texas,earthquake: 0,1.098999112,0.1,17.0,tx,tx: 4,0-10 km: 0,shallow,minor,-71.91297,15.71079
278,12,1,2023-12-04 20:55:18,16.821,-60.6658,32.343,4.4,mb: 0,0.626,us: 5,"71 km NE of Beauséjour, Guadeloupe",earthquake: 0,5.944,0.162,11.0,us,us: 5,0-10 km: 0,shallow,light,-33.301792,-13.2131
279,12,1,2023-12-04 21:00:25,9.8038,126.5027,35.0,4.3,mb: 0,2.866,us: 5,"43 km E of Union, Philippines",earthquake: 0,1.862,0.129,17.0,us,us: 5,0-10 km: 0,shallow,light,-12.891975,-9.848834
280,12,1,2023-12-04 21:07:52,8.3486,127.2464,10.0,4.4,mb: 0,2.084,us: 5,"91 km ENE of Barcelona, Philippines",earthquake: 0,1.913,0.219,6.0,us,us: 5,0-10 km: 0,shallow,light,-15.650844,-20.939766
281,12,1,2023-12-04 21:23:33,8.1699,126.9399,35.0,4.3,mb: 0,1.736,us: 5,"55 km E of Barcelona, Philippines",earthquake: 0,1.563,0.133,16.0,us,us: 5,0-10 km: 0,shallow,light,-13.160818,-10.102557
282,12,1,2023-12-04 21:53:29,8.8535,126.7038,43.419,4.4,mb: 0,2.093,us: 5,"43 km E of Aras-asan, Philippines",earthquake: 0,6.068,0.155,12.0,us,us: 5,0-10 km: 0,shallow,light,37.795773,6.1737375
283,12,1,2023-12-04 22:07:19,49.2406,-119.5738,8.058,3.2,ml: 3,0.089,us: 5,"6 km NNW of Oliver, Canada",earthquake: 0,4.117,0.048,56.0,us,us: 5,0-10 km: 0,shallow,minor,-43.68187,36.760765
284,12,1,2023-12-04 22:32:54,2.3351,128.1938,161.314,4.1,mb: 0,1.759,us: 5,"70 km NNE of Tobelo, Indonesia",earthquake: 0,5.81,0.14,14.0,us,us: 5,0-10 km: 0,intermediate,light,41.809284,14.853551
285,12,1,2023-12-04 23:11:12,8.4649,127.2041,10.0,4.5,mb: 0,2.125,us: 5,"91 km ENE of Barcelona, Philippines",earthquake: 0,1.895,0.118,21.0,us,us: 5,0-10 km: 0,shallow,light,-11.694124,-7.065522
286,12,1,2023-12-04 23:20:44,8.9829,126.5208,46.24,4.4,mb: 0,2.117,us: 5,"25 km ENE of Aras-asan, Philippines",earthquake: 0,9.397,0.138,15.0,us,us: 5,0-10 km: 0,shallow,light,45.183357,2.3654747
287,12,1,2023-12-04 23:23:57,8.9405,126.548,42.447,4.4,mb: 0,2.092,us: 5,"26 km ENE of Aras-asan, Philippines",earthquake: 0,8.96,0.162,11.0,us,us: 5,0-10 km: 0,shallow,light,40.218956,1.1080884
288,12,1,2023-12-04 23:39:36,8.2188,126.8343,42.711,4.4,mb: 0,1.689,us: 5,"44 km E of Barcelona, Philippines",earthquake: 0,8.637,0.127,18.0,us,us: 5,0-10 km: 0,shallow,light,48.102844,6.770622
289,12,1,2023-12-04 23:58:40,19.5445,-65.7593,11.0,3.89,md: 2,1.2773,pr: 3,"123 km N of Suárez, Puerto Rico",earthquake: 0,5.77,0.11,8.0,pr,pr: 3,0-10 km: 0,shallow,minor,-66.13152,29.863085
290,12,1,2023-12-05 00:00:17,31.68,-104.377,6.8,2.8,ml: 3,0.0,tx: 4,"54 km S of Whites City, New Mexico",earthquake: 0,1.218414407,0.3,4.0,tx,tx: 4,0-10 km: 0,shallow,minor,-74.07887,25.40676
291,12,1,2023-12-05 00:12:12,8.4604,126.8751,50.085,4.3,mb: 0,1.886,us: 5,"58 km NE of Barcelona, Philippines",earthquake: 0,9.619,0.147,13.0,us,us: 5,0-10 km: 0,shallow,light,43.70445,0.99227417
292,12,1,2023-12-05 00:49:16,8.5905,126.8958,35.0,4.4,mb: 0,1.996,us: 5,"66 km ENE of Hinatuan, Philippines",earthquake: 0,1.937,0.169,10.0,us,us: 5,0-10 km: 0,shallow,light,-16.485447,-14.7495985
293,12,1,2023-12-05 01:06:13,8.9098,126.6071,62.212,4.1,mb: 0,2.093,us: 5,"32 km E of Aras-asan, Philippines",earthquake: 0,9.897,0.157,11.0,us,us: 5,0-10 km: 0,shallow,light,42.754925,-0.88562906
294,12,1,2023-12-05 01:24:54,8.3678,126.5158,85.571,4.3,mb: 0,1.589,us: 5,"20 km E of Hinatuan, Philippines",earthquake: 0,9.648,0.161,11.0,us,us: 5,0-10 km: 0,intermediate,light,41.78771,-0.11469385
295,12,1,2023-12-05 02:02:46,8.483,126.8835,64.082,4.4,mb: 0,1.908,us: 5,"61 km NE of Barcelona, Philippines",earthquake: 0,9.167,0.117,21.0,us,us: 5,0-10 km: 0,shallow,light,50.04147,9.212367
296,12,1,2023-12-05 02:06:02,8.8249,126.9575,10.0,4.3,mb: 0,2.215,us: 5,"71 km E of Aras-asan, Philippines",earthquake: 0,1.908,0.137,15.0,us,us: 5,0-10 km: 0,shallow,light,-14.484159,-10.628329
297,12,1,2023-12-05 02:19:46,9.1121,126.3399,46.07,4.2,mb: 0,2.165,us: 5,"15 km NE of Tago, Philippines",earthquake: 0,9.583,0.147,13.0,us,us: 5,0-10 km: 0,shallow,light,43.701992,1.0805486
298,12,1,2023-12-05 02:28:28,12.2892,47.2565,10.0,4.0,mb: 0,4.381,us: 5,"161 km NW of Las Khorey, Somalia",earthquake: 0,1.932,0.143,13.0,us,us: 5,0-10 km: 0,shallow,light,-20.221079,-6.7243547
299,12,1,2023-12-05 02:32:13,12.247,47.301,10.0,4.2,mb: 0,4.418,us: 5,"154 km NW of Las Khorey, Somalia",earthquake: 0,1.926,0.128,17.0,us,us: 5,0-10 km: 0,shallow,light,-20.86614,-6.466894
300,12,1,2023-12-05 02:36:24,12.3633,47.2712,10.0,4.2,mb: 0,4.408,us: 5,"167 km NW of Las Khorey, Somalia",earthquake: 0,1.853,0.132,16.0,us,us: 5,0-10 km: 0,shallow,light,-20.796522,-6.6232586
301,12,1,2023-12-05 02:41:28,8.9487,126.5349,50.187,4.4,mb: 0,2.093,us: 5,"25 km ENE of Aras-asan, Philippines",earthquake: 0,6.721,0.11,24.0,us,us: 5,0-10 km: 0,shallow,light,46.57174,13.863013
302,12,1,2023-12-05 02:42:48,36.3026,71.0642,131.599,4.2,mb: 0,2.411,us: 5,"59 km SW of Ashkāsham, Afghanistan",earthquake: 0,11.626,0.186,8.0,us,us: 5,0-10 km: 0,intermediate,light,32.516663,1.0619432
303,12,1,2023-12-05 02:55:43,-24.243,-67.217,209.168,4.4,mb: 0,1.56,us: 5,"91 km W of San Antonio de los Cobres, Argentina",earthquake: 0,12.446,0.219,6.0,us,us: 5,0-10 km: 0,intermediate,light,-40.896168,-16.612305
304,12,1,2023-12-05 04:06:19,31.662,-104.332,6.2601,2.8,ml: 3,0.1,tx: 4,"57 km S of Whites City, New Mexico",earthquake: 0,1.046623122,0.1,6.0,tx,tx: 4,0-10 km: 0,shallow,minor,-73.555725,15.757966
305,12,1,2023-12-05 04:09:58,33.8783333,-117.908,9.84,3.33,ml: 3,0.01377,ci: 0,"2 km E of Fullerton, CA",earthquake: 0,0.34,0.221,148.0,ci,ci: 0,0-10 km: 0,shallow,minor,-86.21843,2.946935
306,12,1,2023-12-05 04:35:01,31.614,-104.515,6.7743,3.0,ml: 3,0.1,tx: 4,"63 km SSW of Whites City, New Mexico",earthquake: 0,1.507873313,0.0,7.0,tx,tx: 4,0-10 km: 0,shallow,minor,-69.8354,18.922306
307,12,1,2023-12-05 04:58:53,7.8377,127.1617,52.488,4.5,mb: 0,1.745,us: 5,"69 km ENE of Kinablangan, Philippines",earthquake: 0,9.027,0.128,18.0,us,us: 5,0-10 km: 0,shallow,light,48.028023,5.847116
308,12,1,2023-12-05 05:41:19,8.473,127.0613,40.032,4.2,mb: 0,2.025,us: 5,"77 km ENE of Barcelona, Philippines",earthquake: 0,7.238,0.121,19.0,us,us: 5,0-10 km: 0,shallow,light,44.554695,7.3184967
309,12,1,2023-12-05 05:47:11,8.4931,127.1957,55.641,4.5,mb: 0,2.137,us: 5,"91 km ENE of Barcelona, Philippines",earthquake: 0,7.727,0.113,23.0,us,us: 5,0-10 km: 0,shallow,light,47.854877,12.309348
310,12,1,2023-12-05 06:02:24,12.0519,47.0982,10.0,4.5,mb: 0,4.195,us: 5,"155 km NW of Las Khorey, Somalia",earthquake: 0,1.933,0.09,36.0,us,us: 5,0-10 km: 0,shallow,light,-8.902327,2.9453807
311,12,1,2023-12-05 06:33:10,-28.9207,-73.4465,10.0,4.4,mb: 0,2.168,us: 5,"234 km WNW of Coquimbo, Chile",earthquake: 0,1.93,0.179,9.0,us,us: 5,0-10 km: 0,shallow,light,-41.064323,-40.08001
312,12,1,2023-12-05 07:06:14,8.3885,126.8432,58.835,4.4,mb: 0,1.813,us: 5,"Mindanao, Philippines",earthquake: 0,7.71,0.118,21.0,us,us: 5,0-10 km: 0,shallow,light,46.71624,10.064643
313,12,1,2023-12-05 08:18:12,41.4387,-126.1112,10.0,2.9,ml: 3,1.579,us: 5,"163 km WSW of Crescent City, California",earthquake: 0,2.02,0.046,63.0,us,us: 5,0-10 km: 0,shallow,minor,-43.848415,38.180607
314,12,1,2023-12-05 11:00:31,8.4316,126.8671,58.77,4.5,mb: 0,1.86,us: 5,"56 km ENE of Barcelona, Philippines",earthquake: 0,7.738,0.099,32.0,us,us: 5,0-10 km: 0,shallow,light,50.082993,17.561518
315,12,1,2023-12-05 13:21:28,52.802,-176.2457,212.336,3.0,ml: 3,0.718,us: 5,"106 km NNE of Adak, Alaska",earthquake: 0,17.834,0.097,14.0,us,us: 5,0-10 km: 0,intermediate,minor,-46.764595,28.78168
316,12,1,2023-12-05 13:32:25,8.7008,126.7788,44.296,4.5,mb: 0,2.01,us: 5,"54 km ESE of Marihatag, Philippines",earthquake: 0,6.498,0.092,35.0,us,us: 5,0-10 km: 0,shallow,light,48.13967,17.254713
317,12,1,2023-12-05 14:15:46,-19.1732,-177.5644,565.225,4.4,mb: 0,2.977,us: 5,Fiji region,earthquake: 0,9.357,0.114,22.0,us,us: 5,0-10 km: 0,deep,light,-7.6586046,75.91472
318,12,1,2023-12-05 14:57:48,8.4116,126.9541,49.897,4.0,mb: 0,1.906,us: 5,"63 km ENE of Barcelona, Philippines",earthquake: 0,12.404,0.3,4.0,us,us: 5,0-10 km: 0,shallow,light,37.173405,-3.215085
319,12,1,2023-12-05 15:36:35,8.7532,127.0767,10.0,4.5,mb: 0,2.236,us: 5,"85 km E of Aras-asan, Philippines",earthquake: 0,1.93,0.136,16.0,us,us: 5,0-10 km: 0,shallow,light,-14.3724985,-9.183571
320,12,1,2023-12-05 16:06:45,18.7928,-64.3908,14.0,3.55,md: 2,0.4412,pr: 3,Virgin Islands,earthquake: 0,2.48,0.14,5.0,pr,pr: 3,0-10 km: 0,shallow,minor,-68.60659,29.294418
321,12,1,2023-12-05 16:22:05,-14.8675,168.1222,10.0,4.3,mb: 0,6.731,us: 5,"114 km E of Port-Olry, Vanuatu",earthquake: 0,1.921,0.154,12.0,us,us: 5,0-10 km: 0,shallow,light,-4.6352987,-21.256874
322,12,1,2023-12-05 16:29:55,8.3494,127.0163,49.815,4.4,mb: 0,1.909,us: 5,"67 km ENE of Barcelona, Philippines",earthquake: 0,7.446,0.219,7.0,us,us: 5,0-10 km: 0,shallow,light,36.874466,-1.8249145
323,12,1,2023-12-05 17:15:48,8.9391,127.2476,44.809,4.3,mb: 0,2.486,us: 5,"103 km E of Aras-asan, Philippines",earthquake: 0,10.748,0.189,9.0,us,us: 5,0-10 km: 0,shallow,light,39.816425,-1.6996143
324,12,1,2023-12-05 17:17:30,9.0044,126.9912,56.889,4.1,mb: 0,2.377,us: 5,"75 km E of Aras-asan, Philippines",earthquake: 0,8.067,0.145,17.0,us,us: 5,0-10 km: 0,shallow,light,41.758133,4.8421464
325,12,1,2023-12-05 17:18:04,12.1648,47.3993,10.0,4.4,mb: 0,4.501,us: 5,"141 km NW of Las Khorey, Somalia",earthquake: 0,1.872,0.072,60.0,us,us: 5,0-10 km: 0,shallow,light,-7.58148,5.7574887
326,12,1,2023-12-05 17:29:01,8.3512,127.2242,10.0,4.3,mb: 0,2.069,us: 5,"89 km ENE of Barcelona, Philippines",earthquake: 0,1.875,0.101,31.0,us,us: 5,0-10 km: 0,shallow,light,-8.549396,-6.864167
327,12,1,2023-12-05 17:36:56,8.9238,126.7087,47.706,4.4,mb: 0,2.155,us: 5,"43 km E of Aras-asan, Philippines",earthquake: 0,7.188,0.081,53.0,us,us: 5,0-10 km: 0,shallow,light,52.642345,21.484932
328,12,1,2023-12-05 18:09:49,8.9716,126.898,42.021,4.5,mb: 0,2.297,us: 5,"65 km E of Aras-asan, Philippines",earthquake: 0,6.432,0.067,78.0,us,us: 5,0-10 km: 0,shallow,light,26.728935,35.98207
329,12,1,2023-12-05 18:10:32,12.0468,47.3742,10.0,4.5,mb: 0,4.463,us: 5,"132 km NW of Las Khorey, Somalia",earthquake: 0,1.874,0.064,81.0,us,us: 5,0-10 km: 0,shallow,light,-6.6336083,6.79199
330,12,1,2023-12-05 18:16:47,12.4318,47.1509,10.0,4.3,mb: 0,4.306,us: 5,"181 km NW of Las Khorey, Somalia",earthquake: 0,1.892,0.084,43.0,us,us: 5,0-10 km: 0,shallow,light,-9.742163,2.8289578
331,12,1,2023-12-05 18:35:05,8.9477,126.6742,52.534,4.5,mb: 0,2.158,us: 5,"40 km E of Aras-asan, Philippines",earthquake: 0,1.875,0.087,38.0,us,us: 5,0-10 km: 0,shallow,light,-3.624799,-3.4019573
332,12,1,2023-12-05 18:39:58,12.6777,47.3319,10.0,4.1,mb: 0,4.532,us: 5,"192 km NNW of Las Khorey, Somalia",earthquake: 0,1.826,0.114,21.0,us,us: 5,0-10 km: 0,shallow,light,-21.078547,-5.957542
333,12,1,2023-12-05 18:59:25,12.1735,47.4035,10.0,4.3,mb: 0,4.506,us: 5,"141 km NW of Las Khorey, Somalia",earthquake: 0,1.889,0.097,33.0,us,us: 5,0-10 km: 0,shallow,light,-9.991461,2.3930285
334,12,1,2023-12-05 19:22:32,52.0796,-167.1493,10.0,2.7,ml: 3,1.412,us: 5,"150 km SE of Nikolski, Alaska",earthquake: 0,2.027,0.148,6.0,us,us: 5,0-10 km: 0,shallow,minor,-38.642353,39.439007
335,12,1,2023-12-05 19:41:01,12.2388,47.3307,10.0,4.2,mb: 0,4.445,us: 5,"152 km NW of Las Khorey, Somalia",earthquake: 0,1.914,0.099,32.0,us,us: 5,0-10 km: 0,shallow,light,-10.208879,2.3068519
336,12,1,2023-12-05 19:42:13,-31.6288,-179.103,205.839,4.2,mb: 0,2.583,us: 5,Kermadec Islands region,earthquake: 0,12.866,0.2,8.0,us,us: 5,0-10 km: 0,intermediate,light,-40.991566,-16.74633
337,12,1,2023-12-05 19:44:51,8.608,126.4778,81.004,4.4,mb: 0,1.769,us: 5,"27 km ENE of Gamut, Philippines",earthquake: 0,6.021,0.102,31.0,us,us: 5,0-10 km: 0,intermediate,light,37.92033,14.954469
338,12,1,2023-12-05 20:12:24,52.9428,-171.3248,10.63,3.4,ml: 3,1.766,us: 5,"165 km W of Nikolski, Alaska",earthquake: 0,7.207,0.085,18.0,us,us: 5,0-10 km: 0,shallow,minor,-44.482826,31.944796
339,12,1,2023-12-05 20:23:28,8.3338,126.4518,92.688,4.5,mb: 0,1.525,us: 5,"13 km E of Loyola, Philippines",earthquake: 0,6.41,0.081,44.0,us,us: 5,0-10 km: 0,intermediate,light,52.927532,19.95829
340,12,1,2023-12-05 20:25:14,52.0059,-175.1441,82.387,3.2,ml: 3,0.483,us: 5,"68 km WSW of Atka, Alaska",earthquake: 0,9.816,0.091,16.0,us,us: 5,0-10 km: 0,intermediate,minor,-44.79157,30.792263
341,12,1,2023-12-05 20:29:38,8.8148,126.6416,57.623,4.5,mb: 0,2.028,us: 5,"37 km ESE of Aras-asan, Philippines",earthquake: 0,3.932,0.082,48.0,us,us: 5,0-10 km: 0,shallow,light,28.186806,24.345692
342,12,1,2023-12-05 20:53:24,18.6708333333333,-66.9263333333333,19.86,2.95,md: 2,0.1929,pr: 3,"21 km NNE of Isabela, Puerto Rico",earthquake: 0,0.43,0.15157069062474,12.0,pr,pr: 3,0-10 km: 0,shallow,minor,-71.548645,29.499401
343,12,1,2023-12-05 21:14:24,-17.7755,-178.4243,581.715,4.2,mb: 0,3.357,us: 5,"241 km E of Levuka, Fiji",earthquake: 0,11.534,0.146,14.0,us,us: 5,0-10 km: 0,deep,light,-7.4353004,77.428696
344,12,1,2023-12-05 21:29:09,51.2031,-178.1463,35.0,2.9,ml: 3,0.546,us: 5,"128 km SW of Adak, Alaska",earthquake: 0,2.003,0.097,14.0,us,us: 5,0-10 km: 0,shallow,minor,-40.00197,38.363705
345,12,1,2023-12-05 22:10:42,12.1988,47.4465,10.0,4.4,mb: 0,4.551,us: 5,"141 km NW of Las Khorey, Somalia",earthquake: 0,1.94,0.106,26.0,us,us: 5,0-10 km: 0,shallow,light,-9.988205,2.2026012
346,12,1,2023-12-05 22:14:54,12.3713,47.3961,10.0,4.1,mb: 0,4.53,us: 5,"159 km NNW of Las Khorey, Somalia",earthquake: 0,1.987,0.166,10.0,us,us: 5,0-10 km: 0,shallow,light,-19.544424,-7.103256
347,12,1,2023-12-05 22:23:28,9.1669,126.6828,64.613,4.4,mb: 0,2.353,us: 5,"50 km ENE of La Paz, Philippines",earthquake: 0,8.556,0.127,18.0,us,us: 5,0-10 km: 0,shallow,light,47.4952,7.1953235
348,12,1,2023-12-05 23:01:32,52.5602,-171.1279,94.9,3.3,ml: 3,1.801,us: 5,"158 km WSW of Nikolski, Alaska",earthquake: 0,25.713,0.097,14.0,us,us: 5,0-10 km: 0,intermediate,minor,-52.16149,28.568096
349,12,1,2023-12-05 23:18:49,8.3308,126.9982,57.712,4.4,mb: 0,1.884,us: 5,"64 km ENE of Barcelona, Philippines",earthquake: 0,9.727,0.155,12.0,us,us: 5,0-10 km: 0,shallow,light,42.698658,0.23648341
350,12,1,2023-12-05 23:22:12,51.4731,-176.8175,54.022,2.7,ml: 3,0.389,us: 5,"46 km SSW of Adak, Alaska",earthquake: 0,12.513,0.181,10.0,us,us: 5,0-10 km: 0,shallow,minor,-46.71418,29.995213
351,12,1,2023-12-05 23:22:24,51.2333,-176.7019,43.384,3.6,ml: 3,0.625,us: 5,"71 km S of Adak, Alaska",earthquake: 0,25.11,0.081,20.0,us,us: 5,0-10 km: 0,shallow,minor,-52.107796,28.586977
352,12,1,2023-12-05 23:26:15,52.953,-171.397,103.661,2.8,ml: 3,1.728,us: 5,"170 km W of Nikolski, Alaska",earthquake: 0,37.92,0.128,8.0,us,us: 5,0-10 km: 0,intermediate,minor,-53.407204,28.284399
353,12,1,2023-12-05 23:27:50,8.3346,126.9155,65.224,4.2,mb: 0,1.826,us: 5,"56 km ENE of Barcelona, Philippines",earthquake: 0,5.658,0.2,7.0,us,us: 5,0-10 km: 0,shallow,light,35.654133,-1.3132142
354,12,1,2023-12-05 23:51:12,8.462,127.158,52.742,4.3,mb: 0,2.088,us: 5,"86 km ENE of Barcelona, Philippines",earthquake: 0,8.85,0.154,12.0,us,us: 5,0-10 km: 0,shallow,light,41.533028,1.5472183
355,12,1,2023-12-06 00:51:58,-22.4769,68.6527,10.0,4.5,mb: 0,5.626,us: 5,Mid-Indian Ridge,earthquake: 0,1.924,0.156,12.0,us,us: 5,0-10 km: 0,shallow,light,-16.052555,-35.102325
356,12,1,2023-12-06 01:14:33,31.679,-104.193,6.1316,3.1,ml: 3,0.1,tx: 4,"55 km NW of Toyah, Texas",earthquake: 0,1.168242473,0.1,6.0,tx,tx: 4,0-10 km: 0,shallow,minor,-72.4787,15.913533
357,12,1,2023-12-06 01:29:04,12.6806,46.8511,10.0,4.2,mb: 0,4.08,us: 5,"167 km ESE of Zinjibār, Yemen",earthquake: 0,1.99,0.124,18.0,us,us: 5,0-10 km: 0,shallow,light,-20.924252,-6.303055
358,12,1,2023-12-06 01:54:28,18.9091666666667,-66.4223333333333,14.75,3.04,md: 2,0.59,pr: 3,"49 km N of Brenas, Puerto Rico",earthquake: 0,1.18,0.0875497813537578,10.0,pr,pr: 3,0-10 km: 0,shallow,minor,-69.94061,32.301575
359,12,1,2023-12-06 02:29:47,-44.2727,-78.7529,10.0,4.5,mb: 0,3.838,us: 5,"Off the coast of Aisen, Chile",earthquake: 0,1.993,0.222,6.0,us,us: 5,0-10 km: 0,shallow,light,-49.403526,-29.325912
360,12,1,2023-12-06 03:07:56,58.5076,-154.4135,10.0,3.3,ml: 3,0.071,us: 5,"101 km WNW of Aleneva, Alaska",earthquake: 0,1.974,0.048,57.0,us,us: 5,0-10 km: 0,shallow,minor,-42.84607,37.219723
361,12,1,2023-12-06 04:11:51,32.7378333,-115.878,7.27,3.43,ml: 3,0.09749,ci: 0,"11 km E of Ocotillo, CA",earthquake: 0,0.71,0.141,96.0,ci,ci: 0,0-10 km: 0,shallow,minor,-87.0363,1.1520184
362,12,1,2023-12-06 04:30:22,32.737,-115.8783333,9.29,3.65,ml: 3,0.09661,ci: 0,"11 km E of Ocotillo, CA",earthquake: 0,0.57,0.136,134.0,ci,ci: 0,0-10 km: 0,shallow,minor,-87.49197,0.91647714
363,12,1,2023-12-06 04:48:31,31.581,-104.032,8.1882,2.6,ml: 3,0.0,tx: 4,"37 km NW of Toyah, Texas",earthquake: 0,0.5102200392,0.2,17.0,tx,tx: 4,0-10 km: 0,shallow,minor,-75.183945,24.678896
364,12,1,2023-12-06 05:15:25,-19.9688,-177.4843,365.355,4.4,mb: 0,2.448,us: 5,"263 km WNW of Houma, Tonga",earthquake: 0,6.629,0.096,31.0,us,us: 5,0-10 km: 0,deep,light,-5.188551,70.42985
365,12,1,2023-12-06 07:05:15,31.652,-104.317,8.7024,2.7,ml: 3,0.0,tx: 4,western Texas,earthquake: 0,0.8260265501,0.1,28.0,tx,tx: 4,0-10 km: 0,shallow,minor,-73.9175,14.903697
366,12,1,2023-12-06 08:01:58,9.1377,126.3258,79.538,4.5,mb: 0,2.184,us: 5,"15 km ENE of Tandag, Philippines",earthquake: 0,7.022,0.108,25.0,us,us: 5,0-10 km: 0,intermediate,light,46.10586,14.654993
367,12,1,2023-12-06 08:20:29,12.298,47.5054,10.0,4.5,mb: 0,4.623,us: 5,"146 km NNW of Las Khorey, Somalia",earthquake: 0,1.856,0.144,14.0,us,us: 5,0-10 km: 0,shallow,light,-20.853138,-8.62438
368,12,1,2023-12-06 08:32:17,8.4339,126.9909,58.508,4.3,mb: 0,1.948,us: 5,"68 km ENE of Barcelona, Philippines",earthquake: 0,7.166,0.114,22.0,us,us: 5,0-10 km: 0,shallow,light,45.708656,11.919582
369,12,1,2023-12-06 09:28:04,12.4974,47.3634,10.0,4.5,mb: 0,4.522,us: 5,"173 km NNW of Las Khorey, Somalia",earthquake: 0,1.902,0.094,33.0,us,us: 5,0-10 km: 0,shallow,light,-9.014217,2.7846608
370,12,1,2023-12-06 09:34:55,8.8279,126.4699,10.0,4.5,mb: 0,1.957,us: 5,"18 km ESE of Aras-asan, Philippines",earthquake: 0,1.882,0.163,11.0,us,us: 5,0-10 km: 0,shallow,light,-16.097616,-14.138327
371,12,1,2023-12-06 09:43:29,12.3797,47.463,10.0,4.4,mb: 0,4.596,us: 5,"156 km NNW of Las Khorey, Somalia",earthquake: 0,1.94,0.148,13.0,us,us: 5,0-10 km: 0,shallow,light,-20.682335,-8.201237
372,12,1,2023-12-06 10:10:24,12.4332,47.4346,10.0,4.5,mb: 0,4.578,us: 5,"163 km NNW of Las Khorey, Somalia",earthquake: 0,1.931,0.135,16.0,us,us: 5,0-10 km: 0,shallow,light,-21.140108,-8.512056
373,12,1,2023-12-06 10:33:26,8.4435,126.9835,53.416,4.3,mb: 0,1.949,us: 5,"68 km ENE of Barcelona, Philippines",earthquake: 0,8.14,0.116,21.0,us,us: 5,0-10 km: 0,shallow,light,46.466095,8.462473
374,12,1,2023-12-06 11:18:20,13.0111,-59.0212,31.458,4.4,mb: 0,0.54,us: 5,"47 km ESE of Crane, Barbados",earthquake: 0,12.777,0.18,9.0,us,us: 5,0-10 km: 0,shallow,light,-34.283848,-14.60313
375,12,1,2023-12-06 12:09:26,19.8464,145.6173,10.0,4.0,mb: 0,4.583,us: 5,"Maug Islands region, Northern Mariana Islands",earthquake: 0,1.908,0.156,11.0,us,us: 5,0-10 km: 0,shallow,light,-17.391035,-11.681252
376,12,1,2023-12-06 12:16:12,17.9025,-66.8516666666667,14.83,2.64,md: 2,0.07679,pr: 3,"9 km SSE of Maria Antonia, Puerto Rico",earthquake: 0,0.6,0.102960388010486,7.0,pr,pr: 3,0-10 km: 0,shallow,minor,-71.282425,32.000782
377,12,1,2023-12-06 12:34:59,12.3645,47.4911,10.0,4.5,mb: 0,4.62,us: 5,"153 km NNW of Las Khorey, Somalia",earthquake: 0,1.956,0.18,9.0,us,us: 5,0-10 km: 0,shallow,light,-18.101727,-17.347095
378,12,1,2023-12-06 12:48:41,12.3695,47.2617,10.0,4.1,mb: 0,11.218,us: 5,"168 km NW of Las Khorey, Somalia",earthquake: 0,1.934,0.136,15.0,us,us: 5,10-20 km: 1,shallow,light,-20.599632,-6.6282864
379,12,1,2023-12-06 12:50:11,-31.3757,-68.6805,116.197,4.2,mb: 0,0.169,us: 5,"16 km WNW of Albardón, Argentina",earthquake: 0,8.009,0.153,12.0,us,us: 5,0-10 km: 0,intermediate,light,-43.01718,-14.137383
380,12,1,2023-12-06 15:04:25,35.818,-116.796,0.48,2.68,ml: 3,0.3812,ci: 0,"50 km WSW of Shoshone, CA",earthquake: 0,0.91,0.183,71.0,ci,ci: 0,0-10 km: 0,shallow,minor,-85.79701,1.857179
381,12,1,2023-12-06 15:09:00,-5.5326,102.2818,28.623,4.4,mb: 0,1.344,us: 5,"191 km S of Bengkulu, Indonesia",earthquake: 0,6.383,0.12,20.0,us,us: 5,0-10 km: 0,shallow,light,35.443745,18.96764
382,12,1,2023-12-06 15:29:05,53.3947,-165.8634,35.0,2.8,ml: 3,0.671,us: 5,"69 km SE of Unalaska, Alaska",earthquake: 0,2.011,0.128,8.0,us,us: 5,0-10 km: 0,shallow,minor,-38.96698,38.963577
383,12,1,2023-12-06 15:33:14,8.4309,126.7167,53.418,4.5,mb: 0,1.761,us: 5,"42 km E of Hinatuan, Philippines",earthquake: 0,7.239,0.124,19.0,us,us: 5,0-10 km: 0,shallow,light,44.670696,10.530821
384,12,1,2023-12-06 16:30:02,8.8524,127.0778,57.412,4.1,mb: 0,2.311,us: 5,"84 km E of Aras-asan, Philippines",earthquake: 0,7.387,0.166,10.0,us,us: 5,0-10 km: 0,shallow,light,38.384228,4.1769714
385,12,1,2023-12-06 16:33:00,9.0056,126.8987,70.608,4.3,mb: 0,2.325,us: 5,"65 km ENE of Aras-asan, Philippines",earthquake: 0,5.072,0.133,16.0,us,us: 5,0-10 km: 0,intermediate,light,36.497433,10.802617
386,12,1,2023-12-06 17:15:05,9.0151,126.4805,74.073,4.4,mb: 0,2.129,us: 5,"22 km ENE of Bacolod, Philippines",earthquake: 0,7.957,0.123,20.0,us,us: 5,0-10 km: 0,intermediate,light,47.237007,8.893141
387,12,1,2023-12-06 17:25:46,8.7943,126.6875,56.95,4.5,mb: 0,2.035,us: 5,"42 km ESE of Aras-asan, Philippines",earthquake: 0,6.066,0.06,89.0,us,us: 5,0-10 km: 0,shallow,light,26.078009,37.292145
388,12,1,2023-12-06 17:54:52,35.7763333,-117.6006667,7.04,2.88,ml: 3,0.1364,ci: 0,"18 km W of Searles Valley, CA",earthquake: 0,0.55,0.154,66.0,ci,ci: 0,0-10 km: 0,shallow,minor,-86.26872,1.2637807
389,12,1,2023-12-06 18:04:43,8.886,126.9637,69.946,4.3,mb: 0,2.266,us: 5,"71 km E of Aras-asan, Philippines",earthquake: 0,6.021,0.142,14.0,us,us: 5,0-10 km: 0,shallow,light,38.284542,9.092392
390,12,1,2023-12-06 19:18:49,8.9091,126.7693,63.902,4.4,mb: 0,2.175,us: 5,"50 km E of Aras-asan, Philippines",earthquake: 0,4.629,0.123,19.0,us,us: 5,0-10 km: 0,shallow,light,36.207466,11.628476
391,12,1,2023-12-06 19:20:36,8.764,127.1995,49.22,4.5,mb: 0,7.941,us: 5,"98 km E of Aras-asan, Philippines",earthquake: 0,9.852,0.144,14.0,us,us: 5,0-10 km: 0,shallow,light,45.387745,1.6640383
392,12,1,2023-12-06 19:24:21,8.8948,126.7174,55.022,4.5,mb: 0,2.135,us: 5,"44 km E of Aras-asan, Philippines",earthquake: 0,5.79,0.053,112.0,us,us: 5,0-10 km: 0,shallow,light,25.441769,38.44979
393,12,1,2023-12-06 19:46:39,48.097,148.1134,375.915,4.0,mb: 0,3.801,us: 5,northwest of the Kuril Islands,earthquake: 0,6.924,0.047,128.0,us,us: 5,0-10 km: 0,deep,light,5.7426662,54.69593
394,12,1,2023-12-06 19:46:55,9.1023,127.0288,44.22,4.4,mb: 0,2.478,us: 5,"82 km ENE of Aras-asan, Philippines",earthquake: 0,9.085,0.105,26.0,us,us: 5,0-10 km: 0,shallow,light,51.028595,11.199446
395,12,1,2023-12-06 20:10:09,-23.8578,69.7067,10.0,4.5,mb: 0,50.82,us: 5,Mid-Indian Ridge,earthquake: 0,1.858,0.108,25.0,us,us: 5,40-50 km: 4,shallow,light,-19.71007,-37.47413
396,12,1,2023-12-06 21:43:09,-24.3426,-67.2906,185.556,4.2,mb: 0,1.606,us: 5,"99 km W of San Antonio de los Cobres, Argentina",earthquake: 0,11.472,0.305,3.0,us,us: 5,0-10 km: 0,intermediate,light,-39.09233,-19.180351
397,12,1,2023-12-06 22:40:12,8.675,127.2547,10.0,4.5,mb: 0,2.302,us: 5,"106 km E of Marihatag, Philippines",earthquake: 0,1.895,0.072,57.0,us,us: 5,0-10 km: 0,shallow,light,-0.78470176,1.542968
398,12,1,2023-12-07 00:33:40,17.945,-66.9295,16.0,3.53,md: 2,0.0586,pr: 3,"3 km SW of Guánica, Puerto Rico",earthquake: 0,0.53,0.09,11.0,pr,pr: 3,0-10 km: 0,shallow,minor,-68.68414,31.16625
399,12,1,2023-12-07 00:35:28,17.9545,-66.933,15.95,2.77,md: 2,0.02911,pr: 3,"3 km SW of Guánica, Puerto Rico",earthquake: 0,0.45,0.239282716914007,7.0,pr,pr: 3,0-10 km: 0,shallow,minor,-72.63835,27.225195
400,12,1,2023-12-07 00:45:21,18.3054,-94.3199,9.954,4.2,mb: 0,2.898,us: 5,"Near the coast of Veracruz, Mexico",earthquake: 0,7.138,0.11,23.0,us,us: 5,0-10 km: 0,shallow,light,-43.754837,3.8828082
401,12,1,2023-12-07 00:55:48,9.2141,127.1388,10.0,4.3,mb: 0,2.631,us: 5,"97 km ENE of Aras-asan, Philippines",earthquake: 0,1.968,0.218,6.0,us,us: 5,0-10 km: 0,shallow,light,-15.623152,-20.833614
402,12,1,2023-12-07 01:59:44,18.029,-66.7861666666667,13.27,2.62,md: 2,0.0103,pr: 3,"1 km NNE of Guayanilla, Puerto Rico",earthquake: 0,0.34,0.122008286431047,9.0,pr,pr: 3,0-10 km: 0,shallow,minor,-71.680016,31.243883
403,12,1,2023-12-07 02:28:44,45.3902,148.4284,147.438,4.3,mb: 0,4.238,us: 5,"46 km ENE of Kuril’sk, Russia",earthquake: 0,9.197,0.109,24.0,us,us: 5,0-10 km: 0,intermediate,light,29.37883,1.8586999
404,12,1,2023-12-07 02:53:44,8.5138,126.9651,53.054,4.5,mb: 0,1.986,us: 5,"70 km NE of Barcelona, Philippines",earthquake: 0,8.012,0.111,24.0,us,us: 5,0-10 km: 0,shallow,light,48.367653,12.40099
405,12,1,2023-12-07 03:12:30,33.8207,136.3408,387.892,4.4,mb: 0,1.628,us: 5,"22 km ESE of Kumano, Japan",earthquake: 0,6.599,0.057,89.0,us,us: 5,0-10 km: 0,deep,light,5.8522944,54.723362
406,12,1,2023-12-07 03:45:53,44.3198,21.3967,9.114,3.7,ml: 3,1.034,us: 5,Serbia-Romania border region,earthquake: 0,5.609,0.064,32.0,us,us: 5,0-10 km: 0,shallow,minor,-46.580273,39.768295
407,12,1,2023-12-07 03:56:45,51.4862,-179.4182,73.695,2.7,ml: 3,0.456,us: 5,"197 km WSW of Adak, Alaska",earthquake: 0,7.17,0.148,6.0,us,us: 5,0-10 km: 0,intermediate,minor,-37.279392,38.25169
408,12,1,2023-12-07 04:22:28,54.1131,-163.4599,54.002,2.7,ml: 3,0.558,us: 5,"82 km S of False Pass, Alaska",earthquake: 0,15.814,0.115,10.0,us,us: 5,0-10 km: 0,shallow,minor,-46.22469,29.229694
409,12,1,2023-12-07 04:45:44,-34.6694,-178.6636,10.0,4.5,mb: 0,3.788,us: 5,south of the Kermadec Islands,earthquake: 0,1.945,0.181,9.0,us,us: 5,0-10 km: 0,shallow,light,-54.64336,-27.539173
410,12,1,2023-12-07 05:18:52,19.1426666666667,-67.0521666666667,21.62,3.44,md: 2,0.6518,pr: 3,"71 km N of Isabela, Puerto Rico",earthquake: 0,24.66,0.0867124008153115,9.0,pr,pr: 3,0-10 km: 0,shallow,minor,-57.84413,28.770226
411,12,1,2023-12-07 06:16:51,36.8508333,-120.9696667,6.53,3.7,ml: 3,0.1422,nc: 1,"25 km SSW of Los Banos, CA",earthquake: 0,0.41,0.109,154.0,nc,nc: 1,0-10 km: 0,shallow,minor,-88.67882,1.7057596
412,12,1,2023-12-07 09:11:06,30.6896,141.774,28.098,4.4,mb: 0,2.938,us: 5,"Izu Islands, Japan region",earthquake: 0,5.639,0.162,11.0,us,us: 5,0-10 km: 0,shallow,light,27.3367,5.6922436
413,12,1,2023-12-07 09:56:25,26.9362,54.8345,10.0,4.0,mb: 0,2.335,us: 5,"42 km N of Bandar-e Lengeh, Iran",earthquake: 0,1.914,0.164,10.0,us,us: 5,0-10 km: 0,shallow,light,-19.173872,-6.2935953
414,12,1,2023-12-07 11:27:58,8.4472,127.3197,57.098,4.5,mb: 0,2.202,us: 5,"102 km ENE of Barcelona, Philippines",earthquake: 0,7.048,0.108,25.0,us,us: 5,0-10 km: 0,shallow,light,46.772354,14.323518
415,12,1,2023-12-07 11:46:09,-27.8454,-66.7327,159.452,4.4,mb: 0,3.115,us: 5,"42 km ESE of Londres, Argentina",earthquake: 0,7.508,0.189,8.0,us,us: 5,0-10 km: 0,intermediate,light,-42.68554,-15.204562
416,12,1,2023-12-07 15:06:30,51.2101,-179.3527,20.973,3.1,ml: 3,0.482,us: 5,"202 km WSW of Adak, Alaska",earthquake: 0,12.405,0.077,22.0,us,us: 5,0-10 km: 0,shallow,minor,-45.17251,29.842354
417,12,1,2023-12-07 15:38:05,4.1987,127.823,114.656,4.4,mb: 0,3.434,us: 5,"273 km N of Tobelo, Indonesia",earthquake: 0,7.318,0.105,31.0,us,us: 5,0-10 km: 0,intermediate,light,45.920063,27.67331
418,12,1,2023-12-07 16:06:55,9.5561,126.9099,61.279,4.4,mb: 0,2.799,us: 5,"84 km ENE of Cortes, Philippines",earthquake: 0,8.004,0.107,31.0,us,us: 5,0-10 km: 0,shallow,light,49.61877,14.258334
419,12,1,2023-12-07 16:14:09,8.6163,127.2031,43.879,4.3,mb: 0,2.225,us: 5,"98 km ENE of Barcelona, Philippines",earthquake: 0,7.518,0.138,17.0,us,us: 5,0-10 km: 0,shallow,light,42.222622,6.0573454
420,12,1,2023-12-07 16:38:48,8.373,126.471,81.471,4.2,mb: 0,1.568,us: 5,"15 km E of Hinatuan, Philippines",earthquake: 0,1.747,0.132,17.0,us,us: 5,0-10 km: 0,intermediate,light,-12.093101,-10.452725
421,12,1,2023-12-07 19:00:46,-6.9879,106.5318,9.513,3.9,mb: 0,1.205,us: 5,"2 km W of Pelabuhanratu, Indonesia",earthquake: 0,6.539,0.209,7.0,us,us: 5,0-10 km: 0,shallow,minor,35.062847,-2.12765
422,12,1,2023-12-07 19:27:23,8.7447,126.8491,46.214,4.5,mb: 0,7.937,us: 5,"61 km E of Marihatag, Philippines",earthquake: 0,6.876,0.093,34.0,us,us: 5,0-10 km: 0,shallow,light,48.57912,17.263994
423,12,1,2023-12-07 20:50:35,-15.0316,-173.3864,10.0,4.5,mb: 0,1.913,us: 5,"111 km NNE of Hihifo, Tonga",earthquake: 0,1.831,0.15,13.0,us,us: 5,0-10 km: 0,shallow,light,-59.226814,-21.998377
424,12,1,2023-12-07 21:29:54,21.6282,143.4265,299.19,4.1,mb: 0,5.56,us: 5,Mariana Islands region,earthquake: 0,9.9,0.184,8.0,us,us: 5,0-10 km: 0,intermediate,light,30.689974,-0.06388912
425,12,1,2023-12-07 22:12:04,8.7977,126.709,67.258,4.1,mb: 0,2.049,us: 5,"44 km ESE of Aras-asan, Philippines",earthquake: 0,8.574,0.234,5.0,us,us: 5,0-10 km: 0,shallow,light,36.97317,-2.3956137
426,12,1,2023-12-07 23:56:30,8.5529,127.3392,10.0,4.1,mb: 0,2.283,us: 5,"108 km ENE of Barcelona, Philippines",earthquake: 0,1.939,0.198,7.0,us,us: 5,0-10 km: 0,shallow,light,-15.787648,-19.623652
427,12,1,2023-12-07 23:57:55,51.7077,178.7611,75.201,2.6,ml: 3,0.255,us: 5,"Rat Islands, Aleutian Islands, Alaska",earthquake: 0,5.544,0.097,14.0,us,us: 5,0-10 km: 0,intermediate,minor,-46.048176,44.27683
428,12,2,2023-12-08 00:08:49,-20.5431,169.0194,10.0,4.3,mb: 0,2.527,us: 5,"114 km SSW of Isangel, Vanuatu",earthquake: 0,1.943,0.189,8.0,us,us: 5,0-10 km: 0,shallow,light,-11.991008,-24.312784
429,12,2,2023-12-08 00:50:22,-4.4419,139.8934,10.002,4.2,mb: 0,2.078,us: 5,"219 km SSW of Abepura, Indonesia",earthquake: 0,5.807,0.159,11.0,us,us: 5,0-10 km: 0,shallow,light,36.59752,6.810674
430,12,2,2023-12-08 02:46:09,39.0434,-97.6408,5.0,2.6,mb_lg: 1,0.805,us: 5,"4 km WNW of Bennington, Kansas",earthquake: 0,1.996,0.1,26.0,us,us: 5,0-10 km: 0,shallow,minor,-40.431007,40.39017
431,12,2,2023-12-08 02:47:53,12.3568,47.2353,10.0,4.2,mb: 0,4.373,us: 5,"168 km NW of Las Khorey, Somalia",earthquake: 0,1.961,0.141,14.0,us,us: 5,0-10 km: 0,shallow,light,-20.586718,-6.997497
432,12,2,2023-12-08 03:16:57,25.2901,91.786,46.386,4.2,mb: 0,2.605,us: 5,"9 km E of Cherrapunji, India",earthquake: 0,5.262,0.115,21.0,us,us: 5,0-10 km: 0,shallow,light,25.927404,11.343962
433,12,2,2023-12-08 03:40:11,-24.2844,-66.9245,181.619,4.4,mb: 0,1.756,us: 5,"61 km W of San Antonio de los Cobres, Argentina",earthquake: 0,8.542,0.162,11.0,us,us: 5,0-10 km: 0,intermediate,light,-42.152203,-14.334686
434,12,2,2023-12-08 03:42:22,52.318,-168.1105,35.0,3.2,ml: 3,1.041,us: 5,"85 km SE of Nikolski, Alaska",earthquake: 0,2.018,0.105,12.0,us,us: 5,0-10 km: 0,shallow,minor,-39.93869,37.687973
435,12,2,2023-12-08 03:43:58,8.5956,127.1315,10.0,4.4,mb: 0,9.76,us: 5,"90 km ENE of Barcelona, Philippines",earthquake: 0,1.917,0.156,13.0,us,us: 5,0-10 km: 0,shallow,light,-16.182629,-13.328897
436,12,2,2023-12-08 05:21:51,8.6268,127.2121,44.779,4.4,mb: 0,2.239,us: 5,"100 km ENE of Barcelona, Philippines",earthquake: 0,8.791,0.123,19.0,us,us: 5,0-10 km: 0,shallow,light,48.42288,6.9683156
437,12,2,2023-12-08 05:29:14,8.4747,126.9889,16.598,4.4,mb: 0,1.975,us: 5,"70 km ENE of Barcelona, Philippines",earthquake: 0,5.228,0.124,19.0,us,us: 5,0-10 km: 0,shallow,light,35.637657,12.658436
438,12,2,2023-12-08 05:33:24,53.4311,-165.2133,44.512,3.0,ml: 3,0.793,us: 5,"86 km SSE of Akutan, Alaska",earthquake: 0,27.652,0.128,8.0,us,us: 5,0-10 km: 0,shallow,minor,-52.342545,28.517538
439,12,2,2023-12-08 05:47:05,8.6382,126.4906,68.107,4.5,mb: 0,1.801,us: 5,"28 km SE of Marihatag, Philippines",earthquake: 0,0.66,0.103,28.0,us,us: 5,0-10 km: 0,shallow,light,-8.586226,-8.733928
440,12,2,2023-12-08 06:08:16,18.392,-66.158,63.0,3.47,md: 2,0.1115,pr: 3,"0 km SSW of Bayamón, Puerto Rico",earthquake: 0,0.74,0.13,14.0,pr,pr: 3,0-10 km: 0,shallow,minor,-69.1228,29.282745
441,12,2,2023-12-08 06:23:09,-23.3252,-179.8209,530.718,4.4,mb: 0,4.785,us: 5,south of the Fiji Islands,earthquake: 0,10.11,0.115,22.0,us,us: 5,0-10 km: 0,deep,light,-7.637949,76.188225
442,12,2,2023-12-08 06:42:50,-10.1326,114.5149,10.0,4.0,mb: 0,1.69,us: 5,"164 km SSW of Jimbaran, Indonesia",earthquake: 0,1.936,0.231,5.0,us,us: 5,0-10 km: 0,shallow,light,-14.561464,-23.302336
443,12,2,2023-12-08 07:46:28,44.2849,-115.1953,10.0,3.1,ml: 3,0.308,us: 5,"21 km WNW of Stanley, Idaho",earthquake: 0,1.995,0.037,96.0,us,us: 5,0-10 km: 0,shallow,minor,-44.480713,37.542843
444,12,2,2023-12-08 07:51:47,44.2705,-115.1607,10.0,2.9,ml: 3,0.279,us: 5,"18 km WNW of Stanley, Idaho",earthquake: 0,1.991,0.043,70.0,us,us: 5,0-10 km: 0,shallow,minor,-44.003365,38.098267
445,12,2,2023-12-08 07:56:12,44.2708,-115.1768,10.0,2.8,ml: 3,0.289,us: 5,"19 km WNW of Stanley, Idaho",earthquake: 0,1.989,0.046,62.0,us,us: 5,0-10 km: 0,shallow,minor,-43.84811,38.383434
446,12,2,2023-12-08 08:11:21,8.6615,127.1734,53.947,4.3,mb: 0,2.235,us: 5,"97 km ENE of Hinatuan, Philippines",earthquake: 0,7.378,0.154,12.0,us,us: 5,0-10 km: 0,shallow,light,39.574123,4.999143
447,12,2,2023-12-08 08:15:33,13.8773,145.279,95.631,4.4,mb: 0,0.491,us: 5,"56 km NE of Yigo Village, Guam",earthquake: 0,7.942,0.219,6.0,us,us: 5,0-10 km: 0,intermediate,light,37.05669,-1.9121202
448,12,2,2023-12-08 08:16:41,31.612,-104.1,6.0802,2.8,ml: 3,0.0,tx: 4,"43 km NW of Toyah, Texas",earthquake: 0,0.6990160088,0.1,30.0,tx,tx: 4,0-10 km: 0,shallow,minor,-73.461296,14.844797
449,12,2,2023-12-08 10:41:48,39.5275,-111.995,1.62,2.9,ml: 3,0.1411,uu: 6,"11 km WSW of Levan, Utah",earthquake: 0,0.66,0.131,23.0,uu,uu: 6,0-10 km: 0,shallow,minor,-38.496895,41.402176
450,12,2,2023-12-08 11:17:32,51.8178,-179.1577,117.993,3.5,ml: 3,0.191,us: 5,"174 km W of Adak, Alaska",earthquake: 0,1.879,0.081,20.0,us,us: 5,0-10 km: 0,intermediate,minor,-40.10231,36.50693
451,12,2,2023-12-08 11:31:35,31.1853,130.9004,70.157,4.2,mb: 0,0.501,us: 5,"22 km SSE of Kanoya, Japan",earthquake: 0,6.305,0.141,14.0,us,us: 5,0-10 km: 0,intermediate,light,28.305805,5.7152963
452,12,2,2023-12-08 11:41:04,-18.8495,-69.4404,116.94,4.4,mb: 0,0.516,us: 5,"51 km N of Camiña, Chile",earthquake: 0,4.077,0.123,19.0,us,us: 5,0-10 km: 0,intermediate,light,-44.862743,-12.895928
453,12,2,2023-12-08 13:11:26,24.1184,125.3006,10.0,4.4,mb: 0,1.007,us: 5,"74 km S of Miyakojima, Japan",earthquake: 0,1.911,0.108,25.0,us,us: 5,0-10 km: 0,shallow,light,-14.846529,6.2261486
454,12,2,2023-12-08 13:42:05,-30.2131,-176.2623,10.0,4.3,mb: 0,1.726,us: 5,Kermadec Islands region,earthquake: 0,1.932,0.154,12.0,us,us: 5,0-10 km: 0,shallow,light,-60.787174,-26.946304
455,12,2,2023-12-08 13:46:16,51.0633,179.1351,35.0,4.3,mb: 0,0.333,us: 5,"Rat Islands, Aleutian Islands, Alaska",earthquake: 0,1.891,0.05,116.0,us,us: 5,0-10 km: 0,shallow,light,-5.9799614,30.200134
456,12,2,2023-12-08 14:48:58,51.083,179.1491,35.0,4.0,mb: 0,0.311,us: 5,"Rat Islands, Aleutian Islands, Alaska",earthquake: 0,1.906,0.116,22.0,us,us: 5,0-10 km: 0,shallow,light,-21.42701,7.5686665
457,12,2,2023-12-08 14:52:35,8.5222,127.1285,40.754,4.2,mb: 0,2.107,us: 5,"86 km ENE of Barcelona, Philippines",earthquake: 0,8.548,0.159,11.0,us,us: 5,0-10 km: 0,shallow,light,41.007576,1.744464
458,12,2,2023-12-08 15:46:42,51.1508,179.193,35.0,3.8,mb: 0,0.885,us: 5,"Rat Islands, Aleutian Islands, Alaska",earthquake: 0,2.001,0.154,11.0,us,us: 5,0-10 km: 0,shallow,minor,-21.456135,7.3441095
459,12,2,2023-12-08 17:01:50,25.0715,126.7633,8.919,4.3,mwr: 6,2.221,us: 5,"148 km SW of Itoman, Japan",earthquake: 0,3.851,0.093,11.0,us,us: 5,0-10 km: 0,shallow,light,14.925476,-42.311497
460,12,2,2023-12-08 17:39:45,-20.4193,169.3595,11.616,4.5,mb: 0,2.817,us: 5,"97 km S of Isangel, Vanuatu",earthquake: 0,4.848,0.109,25.0,us,us: 5,0-10 km: 0,shallow,light,35.66959,22.010277
461,12,2,2023-12-08 17:43:03,-25.3,-68.9894,112.927,4.5,mwr: 6,0.561,us: 5,"151 km E of Taltal, Chile",earthquake: 0,4.59,0.063,24.0,us,us: 5,0-10 km: 0,intermediate,light,62.59556,-44.904083
462,12,2,2023-12-08 17:46:19,9.1967,127.1776,48.574,4.5,mb: 0,2.64,us: 5,"101 km ENE of Aras-asan, Philippines",earthquake: 0,7.12,0.124,24.0,us,us: 5,0-10 km: 0,shallow,light,44.511124,10.606103
463,12,2,2023-12-08 17:51:19,9.074,126.9165,45.177,4.5,mb: 0,2.391,us: 5,"69 km ENE of Aras-asan, Philippines",earthquake: 0,6.601,0.071,67.0,us,us: 5,0-10 km: 0,shallow,light,26.999342,35.61724
464,12,2,2023-12-08 17:54:12,37.6035,-118.8545,5.6,2.83,md: 2,0.01686,nc: 1,"12 km ESE of Mammoth Lakes, CA",earthquake: 0,0.29,0.133,73.0,nc,nc: 1,0-10 km: 0,shallow,minor,-88.02039,2.216075
465,12,2,2023-12-08 18:05:51,32.835,-100.985,8.6325,2.8,ml: 3,0.1,tx: 4,"14 km NNW of Snyder, Texas",earthquake: 0,1.510411596,0.1,6.0,tx,tx: 4,0-10 km: 0,shallow,minor,-73.632866,16.150295
466,12,2,2023-12-08 18:20:20,-17.1942,-71.7848,100.612,4.0,mb: 0,1.805,us: 5,"2 km SSE of Punta de Bombón, Peru",earthquake: 0,19.824,0.367,2.0,us,us: 5,0-10 km: 0,intermediate,light,-38.14549,-19.047136
467,12,2,2023-12-08 18:56:20,1.6139,-99.2387,10.0,4.5,mb: 0,15.381,us: 5,west of the Galapagos Islands,earthquake: 0,2.006,0.098,32.0,us,us: 5,10-20 km: 1,shallow,light,-34.16264,-3.4556131
468,12,2,2023-12-08 19:00:00,-4.626,153.2221,10.0,4.5,mb: 0,1.14,us: 5,"110 km ESE of Kokopo, Papua New Guinea",earthquake: 0,1.872,0.099,35.0,us,us: 5,0-10 km: 0,shallow,light,0.21045272,-11.118717
469,12,2,2023-12-08 19:03:25,-20.4988,168.82,10.0,4.0,mb: 0,2.462,us: 5,"116 km SSW of Isangel, Vanuatu",earthquake: 0,1.924,0.173,12.0,us,us: 5,0-10 km: 0,shallow,light,-12.010717,-23.635555
470,12,2,2023-12-08 19:48:21,0.3676,125.4908,56.935,4.4,mb: 0,1.919,us: 5,"117 km E of Modisi, Indonesia",earthquake: 0,6.358,0.093,37.0,us,us: 5,0-10 km: 0,shallow,light,43.64352,25.09599
471,12,2,2023-12-08 19:50:28,-20.3461,168.7921,10.0,4.4,mb: 0,2.58,us: 5,"102 km SSW of Isangel, Vanuatu",earthquake: 0,1.687,0.149,18.0,us,us: 5,0-10 km: 0,shallow,light,-4.051936,-22.132652
472,12,2,2023-12-08 20:20:12,51.2685,179.3294,18.546,2.8,ml: 3,0.111,us: 5,"287 km WSW of Adak, Alaska",earthquake: 0,3.519,0.137,9.0,us,us: 5,0-10 km: 0,shallow,minor,-46.08633,44.113594
473,12,2,2023-12-08 20:30:15,-42.8593,172.857,19.904,4.2,mwr: 6,0.17,us: 5,"34 km NNE of Amberley, New Zealand",earthquake: 0,3.162,0.047,44.0,us,us: 5,0-10 km: 0,shallow,light,44.396317,-23.405088
474,12,2,2023-12-08 20:34:44,9.0022,127.1697,37.755,4.2,mb: 0,2.483,us: 5,"95 km E of Aras-asan, Philippines",earthquake: 0,8.574,0.167,13.0,us,us: 5,0-10 km: 0,shallow,light,40.581844,1.3847301
475,12,2,2023-12-08 20:50:55,52.1063,-175.8833,146.508,2.6,ml: 3,0.109,us: 5,"57 km ENE of Adak, Alaska",earthquake: 0,3.633,0.115,10.0,us,us: 5,0-10 km: 0,intermediate,minor,-38.10744,37.734108
476,12,2,2023-12-08 21:15:16,55.7534,-161.9722,156.277,2.9,ml: 3,0.074,us: 5,"55 km WSW of Nelson Lagoon, Alaska",earthquake: 0,5.995,0.148,6.0,us,us: 5,0-10 km: 0,intermediate,minor,-37.392365,37.92583
477,12,2,2023-12-08 21:24:25,9.6202,126.8576,10.0,4.3,mb: 0,2.832,us: 5,"82 km ENE of Cortes, Philippines",earthquake: 0,1.916,0.178,9.0,us,us: 5,0-10 km: 0,shallow,light,-16.75196,-15.602705
478,12,2,2023-12-08 21:32:17,53.84,-165.1958,59.237,2.6,ml: 3,0.459,us: 5,"50 km SE of Akutan, Alaska",earthquake: 0,14.494,0.097,14.0,us,us: 5,0-10 km: 0,shallow,minor,-46.02933,29.348368
479,12,2,2023-12-08 21:40:17,19.1699,-68.3623,10.0,2.7,ml: 3,0.652,us: 5,"65 km N of Punta Cana, Dominican Republic",earthquake: 0,1.976,0.074,24.0,us,us: 5,0-10 km: 0,shallow,minor,-44.24393,40.017498
480,12,2,2023-12-08 21:54:20,9.4663,126.4817,38.403,4.4,mb: 0,2.543,us: 5,"38 km ENE of Cortes, Philippines",earthquake: 0,7.364,0.095,32.0,us,us: 5,0-10 km: 0,shallow,light,49.476204,16.583286
481,12,2,2023-12-08 22:03:55,9.0745,126.6641,7.708,4.1,mb: 0,2.263,us: 5,"43 km ENE of Aras-asan, Philippines",earthquake: 0,5.654,0.235,5.0,us,us: 5,0-10 km: 0,shallow,light,35.299736,-2.152705
482,12,2,2023-12-08 22:13:34,9.4713,126.3856,26.288,4.4,mb: 0,2.516,us: 5,"30 km NE of Cortes, Philippines",earthquake: 0,2.492,0.123,19.0,us,us: 5,0-10 km: 0,shallow,light,-12.213334,-8.70364
483,12,2,2023-12-08 22:38:46,53.9938,-163.2562,35.0,2.6,ml: 3,0.712,us: 5,"96 km S of False Pass, Alaska",earthquake: 0,2.003,0.101,13.0,us,us: 5,0-10 km: 0,shallow,minor,-39.769753,39.07572
484,12,2,2023-12-08 23:21:52,43.9158,-111.077,10.005,3.6,ml: 3,0.28,us: 5,"13 km NNE of Tetonia, Idaho",earthquake: 0,9.812,0.044,69.0,us,us: 5,0-10 km: 0,shallow,minor,-45.644833,32.90157
485,12,2,2023-12-08 23:27:28,-12.9113,175.1488,10.0,4.5,mb: 0,5.562,us: 5,Fiji region,earthquake: 0,1.886,0.205,7.0,us,us: 5,0-10 km: 0,shallow,light,-11.860287,-25.572927
486,12,2,2023-12-08 23:30:14,37.4934,72.2049,198.73,4.5,mb: 0,2.007,us: 5,"57 km E of Khorugh, Tajikistan",earthquake: 0,9.82,0.163,11.0,us,us: 5,0-10 km: 0,intermediate,light,31.421747,1.1748859
487,12,2,2023-12-08 23:35:36,-32.7908,-179.4012,59.429,4.1,mb: 0,3.74,us: 5,south of the Kermadec Islands,earthquake: 0,13.64,0.214,6.0,us,us: 5,0-10 km: 0,shallow,light,-41.983864,-18.023256
488,12,2,2023-12-08 23:39:48,-19.2682,-67.2411,226.866,4.5,mb: 0,1.885,us: 5,"63 km SW of Challapata, Bolivia",earthquake: 0,8.425,0.121,20.0,us,us: 5,0-10 km: 0,intermediate,light,-43.006737,-10.791009
489,12,2,2023-12-08 23:58:18,34.0128333,-116.344,3.06,3.25,ml: 3,0.06803,ci: 0,"14 km SSW of Joshua Tree, CA",earthquake: 0,0.29,0.195,108.0,ci,ci: 0,0-10 km: 0,shallow,minor,-86.250725,2.428968
490,12,2,2023-12-09 00:04:43,8.6504,126.9781,37.632,4.2,mb: 0,2.095,us: 5,"76 km ESE of Marihatag, Philippines",earthquake: 0,6.803,0.187,8.0,us,us: 5,0-10 km: 0,shallow,light,37.247364,3.6024973
491,12,2,2023-12-09 00:08:24,-5.5237,133.8383,10.0,4.2,mb: 0,3.034,us: 5,"120 km E of Tual, Indonesia",earthquake: 0,1.914,0.2,7.0,us,us: 5,0-10 km: 0,shallow,light,-13.795504,-22.745312
492,12,2,2023-12-09 00:15:37,56.6998,-34.353,10.0,4.3,mb: 0,7.261,us: 5,Reykjanes Ridge,earthquake: 0,1.889,0.104,26.0,us,us: 5,0-10 km: 0,shallow,light,-29.760702,18.149303
493,12,2,2023-12-09 00:18:31,56.3217,-34.6786,10.0,4.5,mb: 0,7.394,us: 5,Reykjanes Ridge,earthquake: 0,1.928,0.093,34.0,us,us: 5,0-10 km: 0,shallow,light,-29.490673,18.861523
494,12,2,2023-12-09 00:38:00,56.5958,-34.4019,10.0,4.4,mb: 0,7.312,us: 5,Reykjanes Ridge,earthquake: 0,0.95,0.117,21.0,us,us: 5,0-10 km: 0,shallow,light,-29.719105,17.488182
495,12,2,2023-12-09 01:27:25,18.644,-67.191,80.0,3.48,md: 2,0.3878,pr: 3,"19 km NNW of San Antonio, Puerto Rico",earthquake: 0,1.46,0.15,13.0,pr,pr: 3,0-10 km: 0,intermediate,minor,-69.21426,28.826668
496,12,2,2023-12-09 01:49:44,-20.5355,168.9915,38.897,4.5,mb: 0,2.518,us: 5,"114 km SSW of Isangel, Vanuatu",earthquake: 0,7.389,0.163,13.0,us,us: 5,0-10 km: 0,shallow,light,31.176239,13.640407
497,12,2,2023-12-09 02:17:27,19.2401666666667,-65.788,17.08,3.34,md: 2,0.9676,pr: 3,"89 km N of Suárez, Puerto Rico",earthquake: 0,4.17,0.0583023429771341,13.0,pr,pr: 3,0-10 km: 0,shallow,minor,-67.111595,32.27653
498,12,2,2023-12-09 02:38:44,8.7063,127.1388,10.0,4.5,mb: 0,2.243,us: 5,"93 km ESE of Aras-asan, Philippines",earthquake: 0,1.883,0.103,29.0,us,us: 5,0-10 km: 0,shallow,light,-8.711359,-5.967645
499,12,2,2023-12-09 02:48:38,53.1019,-161.3205,10.0,3.0,ml: 3,1.965,us: 5,"227 km SSE of King Cove, Alaska",earthquake: 0,2.008,0.091,16.0,us,us: 5,0-10 km: 0,shallow,minor,-40.47958,38.209282
500,12,2,2023-12-09 03:45:16,55.8115,-149.2111,10.0,3.1,ml: 3,2.71,us: 5,"274 km SE of Chiniak, Alaska",earthquake: 0,2.013,0.06,36.0,us,us: 5,0-10 km: 0,shallow,minor,-42.31341,37.663662
501,12,2,2023-12-09 04:27:29,18.8167,145.3596,184.105,4.2,mb: 0,3.58,us: 5,"Pagan region, Northern Mariana Islands",earthquake: 0,8.92,0.137,15.0,us,us: 5,0-10 km: 0,intermediate,light,30.249474,1.5934831
502,12,2,2023-12-09 05:27:26,40.4325,-84.1081,6.628,3.0,mb_lg: 1,0.3,us: 5,"5 km W of Jackson Center, Ohio",earthquake: 0,4.055,0.068,56.0,us,us: 5,0-10 km: 0,shallow,minor,-43.871853,35.521072
503,12,2,2023-12-09 05:56:48,9.051,126.6986,58.988,4.5,mb: 0,2.259,us: 5,"46 km ENE of Aras-asan, Philippines",earthquake: 0,7.774,0.118,21.0,us,us: 5,0-10 km: 0,shallow,light,47.18105,10.986547
504,12,2,2023-12-09 06:06:29,-38.5098,178.6508,12.25,4.1,mb: 0,0.984,us: 5,"54 km ENE of Wainui, New Zealand",earthquake: 0,5.381,0.233,5.0,us,us: 5,0-10 km: 0,shallow,light,-13.391705,-27.796768
505,12,2,2023-12-09 06:19:24,24.5302,122.6415,96.18,4.5,mwr: 6,0.343,us: 5,"37 km W of Yonakuni, Japan",earthquake: 0,4.273,0.058,29.0,us,us: 5,0-10 km: 0,intermediate,light,14.748642,-40.725033
506,12,2,2023-12-09 06:27:45,8.6364,126.8616,57.923,4.2,mb: 0,2.009,us: 5,"64 km ESE of Marihatag, Philippines",earthquake: 0,7.179,0.146,13.0,us,us: 5,0-10 km: 0,shallow,light,40.931007,5.4806933
507,12,2,2023-12-09 06:37:04,38.8218333,-122.7628333,2.37,2.75,md: 2,0.01025,nc: 1,"3 km W of Cobb, CA",earthquake: 0,0.14,0.167,121.0,nc,nc: 1,0-10 km: 0,shallow,minor,-88.032585,2.5578969
508,12,2,2023-12-09 06:43:59,32.315,-104.6868,8.93,2.9,ml: 3,0.664,us: 5,"33 km WNW of Whites City, New Mexico",earthquake: 0,8.27,0.105,56.0,us,us: 5,0-10 km: 0,shallow,minor,-43.83534,33.106365
509,12,2,2023-12-09 07:03:46,34.4731,140.2525,65.592,4.5,mwr: 6,1.403,us: 5,"66 km SSE of Wada, Japan",earthquake: 0,6.153,0.075,17.0,us,us: 5,0-10 km: 0,shallow,light,14.898513,-39.62028
510,12,2,2023-12-09 07:30:43,19.6215,-65.8188,66.0,3.7,md: 2,1.3389,pr: 3,"131 km NNE of San Juan, Puerto Rico",earthquake: 0,23.79,0.07,9.0,pr,pr: 3,0-10 km: 0,shallow,minor,-58.07152,29.046427
511,12,2,2023-12-09 08:26:52,20.2281,145.0865,10.0,4.0,mb: 0,16.761,us: 5,"Maug Islands region, Northern Mariana Islands",earthquake: 0,1.955,0.144,13.0,us,us: 5,10-20 km: 1,shallow,light,-17.350376,-11.589928
512,12,2,2023-12-09 08:33:31,53.2274,-166.5119,35.0,2.7,ml: 3,0.6,us: 5,"71 km S of Unalaska, Alaska",earthquake: 0,1.967,0.105,12.0,us,us: 5,0-10 km: 0,shallow,minor,-39.63377,38.864838
513,12,2,2023-12-09 08:33:47,31.626,-104.49,7.3141,2.6,ml: 3,0.0,tx: 4,"61 km S of Whites City, New Mexico",earthquake: 0,0.879533299,0.1,25.0,tx,tx: 4,0-10 km: 0,shallow,minor,-74.268906,14.966836
514,12,2,2023-12-09 08:45:55,9.2185,126.7816,45.364,4.4,mb: 0,2.444,us: 5,"62 km ENE of La Paz, Philippines",earthquake: 0,9.051,0.11,24.0,us,us: 5,0-10 km: 0,shallow,light,50.856228,10.896639
515,12,2,2023-12-09 17:28:29,8.849,126.8549,67.962,4.2,mb: 0,2.173,us: 5,"59 km E of Aras-asan, Philippines",earthquake: 0,9.102,0.158,14.0,us,us: 5,0-10 km: 0,shallow,light,41.784477,0.6046775
516,12,2,2023-12-09 17:54:05,32.017,-101.382,0.0245,2.6,ml: 3,0.2,tx: 4,"10 km S of Forsan, Texas",earthquake: 0,1.012746117,0.1,20.0,tx,tx: 4,0-10 km: 0,shallow,minor,-74.435974,15.526563
517,12,2,2023-12-09 18:06:58,51.519,-176.8241,45.766,3.9,ml: 3,0.353,us: 5,"41 km SSW of Adak, Alaska",earthquake: 0,13.748,0.091,16.0,us,us: 5,0-10 km: 0,shallow,minor,-44.267944,29.00264
518,12,2,2023-12-09 18:23:09,56.3461,-34.3022,10.0,4.5,mb: 0,10.55,us: 5,Reykjanes Ridge,earthquake: 0,1.745,0.068,69.0,us,us: 5,10-20 km: 1,shallow,light,-25.843655,27.50595
519,12,2,2023-12-09 18:28:06,33.1576667,-115.6565,2.64,2.66,ml: 3,0.03814,ci: 0,"14 km WNW of Calipatria, CA",earthquake: 0,0.35,0.134,44.0,ci,ci: 0,0-10 km: 0,shallow,minor,-85.98811,0.6399037
520,12,2,2023-12-09 18:31:04,35.9524,141.4826,34.967,4.4,mb: 0,2.711,us: 5,"63 km ENE of Hasaki, Japan",earthquake: 0,5.892,0.149,16.0,us,us: 5,0-10 km: 0,shallow,light,27.39248,6.0368
521,12,2,2023-12-09 18:36:13,33.1606667,-115.6558333,3.2,2.81,ml: 3,0.03578,ci: 0,"14 km WNW of Calipatria, CA",earthquake: 0,0.37,0.156,59.0,ci,ci: 0,0-10 km: 0,shallow,minor,-86.08818,1.2464885
522,12,2,2023-12-09 18:48:19,-23.9716,-67.2917,233.137,4.1,mb: 0,1.301,us: 5,"102 km WNW of San Antonio de los Cobres, Argentina",earthquake: 0,15.164,0.368,2.0,us,us: 5,0-10 km: 0,intermediate,light,-38.65135,-19.260717
523,12,2,2023-12-09 18:58:50,56.5365,-34.2273,10.0,4.5,mb: 0,8.6,us: 5,Reykjanes Ridge,earthquake: 0,1.863,0.064,75.0,us,us: 5,0-10 km: 0,shallow,light,-25.71147,27.65426
524,12,2,2023-12-09 19:25:52,-8.0386,117.694,13.866,4.1,mb: 0,0.788,us: 5,"47 km NNE of Pototano, Indonesia",earthquake: 0,4.914,0.234,5.0,us,us: 5,0-10 km: 0,shallow,light,34.990032,-2.2600021
525,12,2,2023-12-09 19:38:45,56.5892,-34.4308,10.0,4.4,mb: 0,7.305,us: 5,Reykjanes Ridge,earthquake: 0,1.866,0.114,22.0,us,us: 5,0-10 km: 0,shallow,light,-29.741802,17.621717
526,12,2,2023-12-09 19:39:34,56.8655,-34.6071,10.0,4.5,mb: 0,7.046,us: 5,Reykjanes Ridge,earthquake: 0,1.894,0.15,13.0,us,us: 5,0-10 km: 0,shallow,light,-29.564075,16.133774
527,12,2,2023-12-09 19:53:53,56.3488,-34.4463,10.0,4.4,mb: 0,10.59,us: 5,Reykjanes Ridge,earthquake: 0,1.513,0.112,23.0,us,us: 5,10-20 km: 1,shallow,light,-29.724035,17.727728
528,12,2,2023-12-09 20:04:46,33.1655,-115.657,3.25,3.31,ml: 3,0.03381,ci: 0,"14 km WNW of Calipatria, CA",earthquake: 0,0.35,0.212,34.0,ci,ci: 0,0-10 km: 0,shallow,minor,-85.50222,2.7136607
529,12,2,2023-12-09 20:06:49,33.1671667,-115.651,3.93,2.8,ml: 3,0.02867,ci: 0,"14 km WNW of Calipatria, CA",earthquake: 0,0.31,0.25,8.0,ci,ci: 0,0-10 km: 0,shallow,minor,-84.67664,3.05847
530,12,2,2023-12-09 20:51:24,56.3744,-34.3338,10.0,4.3,mb: 0,40.573,us: 5,Reykjanes Ridge,earthquake: 0,1.976,0.154,12.0,us,us: 5,40-50 km: 4,shallow,light,-29.712603,16.01702
531,12,2,2023-12-09 20:54:23,-25.4943,-70.8439,35.0,4.5,mb: 0,0.687,us: 5,"37 km WSW of Taltal, Chile",earthquake: 0,1.957,0.241,5.0,us,us: 5,0-10 km: 0,shallow,light,-49.395256,-28.394985
532,12,2,2023-12-09 20:55:22,18.0145,-66.8253333333333,13.05,2.69,md: 2,0.0646,pr: 3,"2 km NNW of Indios, Puerto Rico",earthquake: 0,0.94,0.0392705589781677,4.0,pr,pr: 3,0-10 km: 0,shallow,minor,-69.538025,34.318516
533,12,2,2023-12-09 20:58:02,40.2008,-98.315,5.0,2.8,mb_lg: 1,1.213,us: 5,"11 km SSW of Lawrence, Nebraska",earthquake: 0,1.941,0.111,21.0,us,us: 5,0-10 km: 0,shallow,minor,-40.12542,40.344048
534,12,2,2023-12-09 21:11:21,12.7948,47.3143,10.0,4.2,mb: 0,4.546,us: 5,"179 km SSE of Khimār, Yemen",earthquake: 0,1.996,0.199,7.0,us,us: 5,0-10 km: 0,shallow,light,-16.633604,-19.23647
535,12,2,2023-12-09 21:12:26,12.3137,47.4362,10.0,4.2,mb: 0,4.559,us: 5,"152 km NNW of Las Khorey, Somalia",earthquake: 0,1.887,0.136,15.0,us,us: 5,0-10 km: 0,shallow,light,-20.713936,-6.797769
536,12,2,2023-12-09 21:30:03,44.2226,148.6956,42.816,4.3,mb: 0,4.392,us: 5,"129 km SSE of Kuril’sk, Russia",earthquake: 0,3.525,0.168,10.0,us,us: 5,0-10 km: 0,shallow,light,26.571686,5.127069
537,12,2,2023-12-09 21:40:30,56.5529,-33.9626,10.0,4.4,mb: 0,7.519,us: 5,Reykjanes Ridge,earthquake: 0,1.911,0.098,30.0,us,us: 5,0-10 km: 0,shallow,light,-29.634216,18.499613
538,12,2,2023-12-09 21:44:53,33.1616667,-115.6563333,3.35,3.12,ml: 3,0.0355,ci: 0,"14 km WNW of Calipatria, CA",earthquake: 0,0.32,0.149,44.0,ci,ci: 0,0-10 km: 0,shallow,minor,-86.288376,1.2651786
539,12,2,2023-12-09 21:46:04,33.1648333,-115.6456667,3.42,2.93,ml: 3,0.02661,ci: 0,"13 km WNW of Calipatria, CA",earthquake: 0,0.69,0.196,17.0,ci,ci: 0,0-10 km: 0,shallow,minor,-85.25246,2.0668817
540,12,2,2023-12-09 22:22:15,56.5548,-34.6778,10.0,4.5,mb: 0,7.23,us: 5,Reykjanes Ridge,earthquake: 0,1.904,0.121,20.0,us,us: 5,0-10 km: 0,shallow,light,-29.63987,17.185377
541,12,2,2023-12-09 23:23:43,56.8036,-34.394,10.0,4.5,mb: 0,7.174,us: 5,Reykjanes Ridge,earthquake: 0,1.875,0.088,38.0,us,us: 5,0-10 km: 0,shallow,light,-29.41217,19.092402
542,12,2,2023-12-09 23:45:13,19.6133,-64.4673,53.0,3.73,md: 2,1.2077,pr: 3,"146 km NNE of Cruz Bay, U.S. Virgin Islands",earthquake: 0,12.21,0.06,4.0,pr,pr: 3,0-10 km: 0,shallow,minor,-62.766666,30.238615
543,12,2,2023-12-10 01:01:38,9.2716,126.463,40.386,4.5,mb: 0,2.356,us: 5,"29 km E of Cortes, Philippines",earthquake: 0,7.323,0.079,48.0,us,us: 5,0-10 km: 0,shallow,light,52.12114,21.656334
544,12,2,2023-12-10 01:14:21,9.074,126.5863,43.965,4.3,mb: 0,2.227,us: 5,"36 km ENE of Bacolod, Philippines",earthquake: 0,8.884,0.137,15.0,us,us: 5,0-10 km: 0,shallow,light,44.622536,3.1315718
545,12,2,2023-12-10 01:39:46,23.4721,64.7121,10.0,4.2,mb: 0,7.904,us: 5,"192 km S of Ormara, Pakistan",earthquake: 0,2.004,0.128,17.0,us,us: 5,0-10 km: 0,shallow,light,-20.591417,-5.192258
546,12,2,2023-12-10 02:08:28,-5.0796,153.5344,64.965,4.5,mb: 0,1.627,us: 5,"162 km ESE of Kokopo, Papua New Guinea",earthquake: 0,7.292,0.164,17.0,us,us: 5,0-10 km: 0,shallow,light,38.95568,3.2325096
547,12,2,2023-12-10 02:28:05,43.0746,138.2505,251.292,4.3,mb: 0,3.102,us: 5,"164 km W of Suttsu, Japan",earthquake: 0,8.313,0.1,28.0,us,us: 5,0-10 km: 0,intermediate,light,7.1029034,53.887653
548,12,2,2023-12-10 03:10:20,51.7665,-174.185,59.928,2.9,ml: 3,0.436,us: 5,"47 km S of Atka, Alaska",earthquake: 0,13.694,0.128,8.0,us,us: 5,0-10 km: 0,shallow,minor,-46.11861,29.60955
549,12,2,2023-12-10 03:31:12,8.3825,127.0883,52.965,4.4,mb: 0,1.984,us: 5,"76 km ENE of Barcelona, Philippines",earthquake: 0,6.864,0.131,18.0,us,us: 5,0-10 km: 0,shallow,light,43.57197,10.450621
550,12,2,2023-12-10 03:38:18,36.3044,69.9923,140.727,4.5,mb: 0,1.923,us: 5,"32 km SSE of Farkhār, Afghanistan",earthquake: 0,7.1,0.072,56.0,us,us: 5,0-10 km: 0,intermediate,light,13.884553,34.47154
551,12,2,2023-12-10 03:38:21,-14.3048,-76.4532,10.0,4.5,mb: 0,2.334,us: 5,"52 km SSW of Paracas, Peru",earthquake: 0,1.478,0.109,25.0,us,us: 5,0-10 km: 0,shallow,light,-35.53111,-5.296631
552,12,2,2023-12-10 03:42:52,56.6836,-34.4434,10.0,4.4,mb: 0,7.235,us: 5,Reykjanes Ridge,earthquake: 0,1.891,0.093,33.0,us,us: 5,0-10 km: 0,shallow,light,-29.572771,18.746084
553,12,2,2023-12-10 04:59:07,56.6718,-34.4082,10.0,4.4,mb: 0,7.258,us: 5,Reykjanes Ridge,earthquake: 0,1.886,0.127,18.0,us,us: 5,0-10 km: 0,shallow,light,-29.695915,16.9619
554,12,2,2023-12-10 04:59:54,56.8731,-34.1591,10.0,4.5,mb: 0,7.224,us: 5,Reykjanes Ridge,earthquake: 0,1.889,0.139,15.0,us,us: 5,0-10 km: 0,shallow,light,-29.561316,16.441357
555,12,2,2023-12-10 05:23:43,19.0416666666667,-66.1275,45.24,3.16,md: 2,0.7299,pr: 3,"63 km N of San Juan, Puerto Rico",earthquake: 0,6.41,0.0806459779962503,7.0,pr,pr: 3,0-10 km: 0,shallow,minor,-65.662674,31.079416
556,12,2,2023-12-10 05:53:12,18.8051666666667,-66.1196666666667,37.57,3.14,md: 2,0.4946,pr: 3,"37 km N of San Juan, Puerto Rico",earthquake: 0,2.67,0.0220782228566803,8.0,pr,pr: 3,0-10 km: 0,shallow,minor,-68.07928,33.73874
557,12,2,2023-12-10 08:50:01,19.1641,-68.4436,155.0,4.1,md: 2,1.2401,pr: 3,"61 km NNE of Otra Banda, Dominican Republic",earthquake: 0,10.53,0.12,7.0,pr,pr: 3,0-10 km: 0,intermediate,light,-63.254856,29.2349
558,12,2,2023-12-10 09:52:33,35.4636,22.5068,51.324,4.2,mb: 0,1.775,us: 5,"87 km SSW of Kýthira, Greece",earthquake: 0,10.155,0.128,17.0,us,us: 5,0-10 km: 0,shallow,light,22.014881,5.74654
559,12,2,2023-12-10 09:57:21,0.3595,122.0391,191.709,4.4,mb: 0,1.463,us: 5,"115 km W of Gorontalo, Indonesia",earthquake: 0,7.584,0.108,25.0,us,us: 5,0-10 km: 0,intermediate,light,46.018745,33.418724
560,12,2,2023-12-10 10:00:43,9.6103,126.5703,44.952,4.3,mb: 0,2.708,us: 5,"53 km ESE of Union, Philippines",earthquake: 0,8.271,0.111,23.0,us,us: 5,0-10 km: 0,shallow,light,50.056576,13.055803
561,12,2,2023-12-10 11:53:15,51.3315,178.7431,35.0,3.6,ml: 3,1.545,us: 5,"Rat Islands, Aleutian Islands, Alaska",earthquake: 0,2.021,0.091,16.0,us,us: 5,0-10 km: 0,shallow,minor,-46.526,43.944984
562,12,2,2023-12-10 12:29:40,51.7837,-171.3128,35.0,3.8,mb: 0,1.79,us: 5,"203 km ESE of Atka, Alaska",earthquake: 0,2.013,0.136,14.0,us,us: 5,0-10 km: 0,shallow,minor,-39.030773,26.1628
563,12,2,2023-12-10 17:48:50,8.0653,126.4982,69.608,4.4,mb: 0,1.345,us: 5,"9 km ENE of Lingig, Philippines",earthquake: 0,9.96,0.149,13.0,us,us: 5,0-10 km: 0,shallow,light,43.3559,0.31684732
564,12,2,2023-12-10 18:07:35,8.7042,127.32,10.0,4.5,mb: 0,2.369,us: 5,"112 km E of Aras-asan, Philippines",earthquake: 0,1.893,0.113,23.0,us,us: 5,0-10 km: 0,shallow,light,-10.903442,-6.6240983
565,12,2,2023-12-10 18:40:41,52.9276,160.0507,55.511,4.2,mb: 0,0.853,us: 5,"96 km E of Petropavlovsk-Kamchatsky, Russia",earthquake: 0,6.155,0.147,13.0,us,us: 5,0-10 km: 0,shallow,light,27.862263,6.224623
566,12,2,2023-12-10 18:53:14,-8.895,119.0625,121.134,4.2,mb: 0,1.273,us: 5,"37 km SSE of Sape, Indonesia",earthquake: 0,7.138,0.159,11.0,us,us: 5,0-10 km: 0,intermediate,light,39.678467,7.150643
567,12,2,2023-12-10 19:28:09,9.5164,126.7283,39.677,4.2,mb: 0,2.684,us: 5,"64 km ENE of Cortes, Philippines",earthquake: 0,10.314,0.16,11.0,us,us: 5,0-10 km: 0,shallow,light,42.417034,-1.250695
568,12,2,2023-12-10 19:31:19,40.1717,-98.2849,13.114,4.2,mb: 0,1.24,us: 5,"11 km NNE of Guide Rock, Nebraska",earthquake: 0,5.684,0.136,15.0,us,us: 5,0-10 km: 0,shallow,light,-40.407764,26.48661
569,12,2,2023-12-10 20:57:55,17.9895,-66.8571,14.0,3.37,md: 2,0.0264,pr: 3,"3 km SSE of Palomas, Puerto Rico",earthquake: 0,0.54,0.14,12.0,pr,pr: 3,0-10 km: 0,shallow,minor,-69.57947,29.35215
570,12,2,2023-12-10 21:54:14,35.7015,-121.0925,9.12,2.63,md: 2,0.05336,nc: 1,"11 km NE of San Simeon, CA",earthquake: 0,0.28,0.114,90.0,nc,nc: 1,0-10 km: 0,shallow,minor,-88.13206,1.9666239
571,12,2,2023-12-10 22:10:48,42.9859,-96.9727,8.281,3.0,mb_lg: 1,0.792,us: 5,"11 km ESE of Wakonda, South Dakota",earthquake: 0,7.182,0.078,43.0,us,us: 5,0-10 km: 0,shallow,minor,-43.98289,33.712505
572,12,2,2023-12-10 23:19:34,54.6428,-161.0417,41.87,4.0,mb: 0,0.779,us: 5,"84 km SSW of Sand Point, Alaska",earthquake: 0,17.404,0.368,2.0,us,us: 5,0-10 km: 0,shallow,light,-36.514656,-18.733416
573,12,2,2023-12-11 00:45:02,8.92,126.8501,10.0,4.5,mb: 0,8.111,us: 5,"59 km E of Aras-asan, Philippines",earthquake: 0,1.863,0.099,30.0,us,us: 5,0-10 km: 0,shallow,light,-8.393275,-5.9491405
574,12,2,2023-12-11 00:48:24,-24.3933,-67.2379,187.174,4.4,mb: 0,1.674,us: 5,"95 km WSW of San Antonio de los Cobres, Argentina",earthquake: 0,18.108,0.219,6.0,us,us: 5,0-10 km: 0,intermediate,light,-40.280132,-17.06225
575,12,2,2023-12-11 02:14:03,-17.6301,-69.683,155.383,4.5,mb: 0,0.198,us: 5,"33 km ENE of Palca, Peru",earthquake: 0,5.297,0.076,50.0,us,us: 5,0-10 km: 0,intermediate,light,-47.19883,-1.4756901
576,12,2,2023-12-11 02:33:55,36.5295,70.3366,188.391,4.3,mb: 0,2.247,us: 5,"43 km E of Farkhār, Afghanistan",earthquake: 0,10.798,0.161,11.0,us,us: 5,0-10 km: 0,intermediate,light,31.504995,1.1274676
577,12,2,2023-12-11 03:01:30,-23.2839,-68.1068,130.699,4.4,mb: 0,0.337,us: 5,"42 km SSE of San Pedro de Atacama, Chile",earthquake: 0,4.428,0.189,8.0,us,us: 5,0-10 km: 0,intermediate,light,-44.251045,-15.45521
578,12,2,2023-12-11 03:08:30,19.0018,-68.3578,50.0,3.56,md: 2,0.4885,pr: 3,"46 km N of Punta Cana, Dominican Republic",earthquake: 0,7.78,0.12,6.0,pr,pr: 3,0-10 km: 0,shallow,minor,-65.0421,29.737705
579,12,2,2023-12-11 03:44:23,56.6954,-34.3755,10.0,4.5,mb: 0,10.275,us: 5,Reykjanes Ridge,earthquake: 0,1.94,0.086,40.0,us,us: 5,10-20 km: 1,shallow,light,-29.369982,19.189978
580,12,2,2023-12-11 05:51:25,19.208,-64.8765,14.37,3.32,md: 2,0.8204,pr: 3,"96 km N of Charlotte Amalie, U.S. Virgin Islands",earthquake: 0,5.67,0.0690627178780439,5.0,pr,pr: 3,0-10 km: 0,shallow,minor,-66.19851,31.441622
581,12,2,2023-12-11 06:41:45,-28.7994,-71.3026,46.973,4.3,mb: 0,0.568,us: 5,"58 km WSW of Vallenar, Chile",earthquake: 0,6.376,0.137,15.0,us,us: 5,0-10 km: 0,shallow,light,-45.959305,-13.221104
582,12,2,2023-12-11 06:58:13,32.7726667,-115.4433333,15.34,2.71,ml: 3,0.03269,ci: 0,"7 km SW of Holtville, CA",earthquake: 0,0.48,0.135,58.0,ci,ci: 0,0-10 km: 0,shallow,minor,-86.2064,0.7076278
583,12,2,2023-12-11 12:51:06,31.738,-104.112,6.0802,3.1,ml: 3,0.0,tx: 4,"48 km W of Mentone, Texas",earthquake: 0,1.575016415,0.2,14.0,tx,tx: 4,0-10 km: 0,shallow,minor,-74.88559,24.045774
584,12,2,2023-12-11 13:20:42,3.0393,126.0377,111.915,4.4,mb: 0,2.615,us: 5,"203 km NNE of Bitung, Indonesia",earthquake: 0,6.882,0.123,19.0,us,us: 5,0-10 km: 0,intermediate,light,43.447906,13.71836
585,12,2,2023-12-11 14:15:25,51.2205,-178.2906,39.417,3.3,ml: 3,0.468,us: 5,"135 km WSW of Adak, Alaska",earthquake: 0,15.26,0.097,14.0,us,us: 5,0-10 km: 0,shallow,minor,-45.382244,29.075165
586,12,2,2023-12-11 14:19:51,39.948,-120.8488333,-0.13,3.35,ml: 3,0.283,nc: 1,"4 km ENE of East Quincy, CA",earthquake: 0,1.4,0.154,64.0,nc,nc: 1,0-10 km: 0,shallow,minor,-88.093056,2.421628
587,12,2,2023-12-11 15:00:30,26.0949,128.4027,10.0,4.2,mb: 0,0.747,us: 5,"59 km ESE of Katsuren-haebaru, Japan",earthquake: 0,1.878,0.159,11.0,us,us: 5,0-10 km: 0,shallow,light,-17.40992,-11.199495
588,12,2,2023-12-11 15:41:36,26.2374,128.215,25.309,4.4,mb: 0,0.598,us: 5,"35 km ESE of Katsuren-haebaru, Japan",earthquake: 0,5.697,0.104,27.0,us,us: 5,0-10 km: 0,shallow,light,25.304094,10.911916
589,12,2,2023-12-11 16:54:15,-28.6352,-177.2214,37.434,4.4,mb: 0,0.868,us: 5,Kermadec Islands region,earthquake: 0,4.61,0.162,11.0,us,us: 5,0-10 km: 0,shallow,light,-51.275826,-17.7731
590,12,2,2023-12-11 17:19:18,-6.7531,129.9489,10.0,4.2,mb: 0,2.216,us: 5,Banda Sea,earthquake: 0,1.943,0.215,6.0,us,us: 5,0-10 km: 0,shallow,light,-14.127906,-23.097786
591,12,2,2023-12-11 18:21:06,-13.3904,-111.9011,10.0,4.5,mb: 0,41.389,us: 5,central East Pacific Rise,earthquake: 0,1.902,0.063,73.0,us,us: 5,40-50 km: 4,shallow,light,-37.139015,1.7970195
592,12,2,2023-12-11 18:32:40,49.6922,156.3109,61.976,4.1,mb: 0,3.53,us: 5,"110 km S of Severo-Kuril’sk, Russia",earthquake: 0,7.51,0.198,7.0,us,us: 5,0-10 km: 0,shallow,light,32.444378,3.4666924
593,12,2,2023-12-11 18:40:59,52.2704,-171.0349,72.891,3.3,ml: 3,1.853,us: 5,"164 km WSW of Nikolski, Alaska",earthquake: 0,41.835,0.085,18.0,us,us: 5,0-10 km: 0,intermediate,minor,-53.57783,28.269354
594,12,2,2023-12-11 18:51:51,2.4633,126.7122,50.457,4.5,mb: 0,1.803,us: 5,"165 km WNW of Tobelo, Indonesia",earthquake: 0,5.468,0.112,23.0,us,us: 5,0-10 km: 0,shallow,light,35.87699,14.322206
595,12,2,2023-12-11 20:17:42,52.2784,-168.3629,10.0,4.2,mb: 0,1.087,us: 5,"80 km SSE of Nikolski, Alaska",earthquake: 0,1.904,0.077,48.0,us,us: 5,0-10 km: 0,shallow,light,-37.50109,26.919619
596,12,2,2023-12-11 20:17:47,52.4774,-168.4559,40.196,4.4,mb: 0,0.991,us: 5,"58 km SSE of Nikolski, Alaska",earthquake: 0,5.656,0.072,56.0,us,us: 5,0-10 km: 0,shallow,light,-39.10266,28.515265
597,12,2,2023-12-11 21:59:00,44.6729,-75.2087,9.754,2.8,mb_lg: 1,0.332,us: 5,"9 km NNW of Canton, New York",earthquake: 0,4.879,0.161,10.0,us,us: 5,0-10 km: 0,shallow,minor,-37.8838,39.90514
598,12,2,2023-12-11 23:22:58,8.4901,126.9448,50.164,4.5,mb: 0,7.679,us: 5,"67 km ENE of Barcelona, Philippines",earthquake: 0,7.344,0.096,32.0,us,us: 5,0-10 km: 0,shallow,light,49.628674,17.332823
599,12,2,2023-12-12 00:55:42,20.0118,145.1542,10.0,4.5,mb: 0,22.963,us: 5,"Maug Islands region, Northern Mariana Islands",earthquake: 0,1.894,0.136,16.0,us,us: 5,20-30 km: 2,shallow,light,-16.250319,-8.339021
600,12,2,2023-12-12 02:26:39,19.747,-64.5261,25.0,3.96,md: 2,1.3352,pr: 3,"159 km N of Cruz Bay, U.S. Virgin Islands",earthquake: 0,21.8,0.09,5.0,pr,pr: 3,0-10 km: 0,shallow,minor,-58.686295,28.805292
601,12,2,2023-12-12 03:07:25,31.737,-104.112,6.7614,3.1,ml: 3,0.0,tx: 4,"48 km W of Mentone, Texas",earthquake: 0,0.6654855487,0.2,14.0,tx,tx: 4,0-10 km: 0,shallow,minor,-74.891975,24.04862
602,12,2,2023-12-12 03:18:22,31.656,-104.028,6.7614,3.6,ml: 3,0.0,tx: 4,"41 km W of Mentone, Texas",earthquake: 0,0.4550984901,0.1,25.0,tx,tx: 4,0-10 km: 0,shallow,minor,-71.25111,15.65398
603,12,2,2023-12-12 06:07:29,31.622,-104.286,6.6714,2.9,ml: 3,0.1,tx: 4,"57 km NW of Toyah, Texas",earthquake: 0,1.042154676,0.1,10.0,tx,tx: 4,0-10 km: 0,shallow,minor,-73.037224,15.748442
604,12,2,2023-12-12 07:04:41,38.794,-122.7276667,0.9,2.72,md: 2,0.008937,nc: 1,"3 km NE of The Geysers, CA",earthquake: 0,0.14,0.173,114.0,nc,nc: 1,0-10 km: 0,shallow,minor,-87.96301,2.6490426
605,12,2,2023-12-12 07:42:13,-17.7668,-178.5835,532.85,4.2,mb: 0,4.65,us: 5,"224 km E of Levuka, Fiji",earthquake: 0,9.614,0.059,79.0,us,us: 5,0-10 km: 0,deep,light,-10.507572,72.410835
606,12,2,2023-12-12 08:16:29,34.6245,62.0488,10.328,4.2,mb: 0,4.579,us: 5,"33 km NNW of Herāt, Afghanistan",earthquake: 0,3.434,0.166,10.0,us,us: 5,0-10 km: 0,shallow,light,-11.670797,-15.216276
607,12,2,2023-12-12 08:27:14,31.738,-104.115,6.0802,3.1,ml: 3,0.0,tx: 4,"49 km W of Mentone, Texas",earthquake: 0,0.9581824222,0.2,13.0,tx,tx: 4,0-10 km: 0,shallow,minor,-74.88797,24.048737
608,12,2,2023-12-12 08:45:14,31.739,-104.115,6.093,3.1,ml: 3,0.0,tx: 4,"49 km W of Mentone, Texas",earthquake: 0,0.7022105977,0.1,18.0,tx,tx: 4,0-10 km: 0,shallow,minor,-72.41559,15.397541
609,12,2,2023-12-12 09:44:12,-18.4902,-177.3468,409.526,4.3,mb: 0,3.343,us: 5,Fiji region,earthquake: 0,10.1,0.116,21.0,us,us: 5,0-10 km: 0,deep,light,-5.833678,75.953125
610,12,2,2023-12-12 10:52:20,19.6173,-65.7313,33.0,3.72,md: 2,1.3548,pr: 3,"132 km N of Suárez, Puerto Rico",earthquake: 0,20.1,0.14,10.0,pr,pr: 3,0-10 km: 0,shallow,minor,-59.474083,28.412174
611,12,2,2023-12-12 12:25:58,19.5905,-64.5635,11.0,3.87,md: 2,1.1767,pr: 3,"141 km N of Cruz Bay, U.S. Virgin Islands",earthquake: 0,15.85,0.09,6.0,pr,pr: 3,0-10 km: 0,shallow,minor,-60.662075,29.388624
612,12,2,2023-12-12 13:36:24,19.6835,-64.6116,19.0,3.8,md: 2,1.2685,pr: 3,"150 km N of Cruz Bay, U.S. Virgin Islands",earthquake: 0,17.86,0.02,5.0,pr,pr: 3,0-10 km: 0,shallow,minor,-59.16527,30.197435
613,12,2,2023-12-12 14:34:11,52.3467,-168.3367,10.0,2.7,ml: 3,1.017,us: 5,"74 km SSE of Nikolski, Alaska",earthquake: 0,2.013,0.105,12.0,us,us: 5,0-10 km: 0,shallow,minor,-39.762524,39.056797
614,12,2,2023-12-12 15:03:18,52.4676,-174.5002,177.104,4.1,mb: 0,0.183,us: 5,"36 km NW of Atka, Alaska",earthquake: 0,3.758,0.072,52.0,us,us: 5,0-10 km: 0,intermediate,light,-38.236214,27.813948
615,12,2,2023-12-12 15:11:00,54.3057,-159.7507,26.823,2.8,ml: 3,1.127,us: 5,"124 km SSE of Sand Point, Alaska",earthquake: 0,16.42,0.105,12.0,us,us: 5,0-10 km: 0,shallow,minor,-46.110207,29.086348
616,12,2,2023-12-12 15:53:52,53.2565,-163.5798,10.0,2.8,ml: 3,1.394,us: 5,"174 km SE of Akutan, Alaska",earthquake: 0,2.013,0.115,10.0,us,us: 5,0-10 km: 0,shallow,minor,-39.40559,38.918827
617,12,2,2023-12-12 15:56:22,-17.3743,126.0997,10.0,4.2,mb: 0,0.843,us: 5,"107 km NNE of Fitzroy Crossing, Australia",earthquake: 0,1.944,0.198,7.0,us,us: 5,0-10 km: 0,shallow,light,-13.001238,-23.576244
618,12,2,2023-12-12 16:34:53,34.5925,24.735,40.653,4.3,mb: 0,0.705,us: 5,"52 km SSW of Moíres, Greece",earthquake: 0,7.98,0.126,18.0,us,us: 5,0-10 km: 0,shallow,light,22.053715,5.7928853
619,12,2,2023-12-12 16:52:11,-20.8644,168.639,10.0,4.1,mb: 0,2.063,us: 5,"109 km NE of Tadine, New Caledonia",earthquake: 0,1.968,0.198,8.0,us,us: 5,0-10 km: 0,shallow,light,-12.409307,-23.866716
620,12,2,2023-12-12 17:03:31,52.1028,152.8163,430.134,4.4,mb: 0,3.143,us: 5,"262 km WNW of Ozernovskiy, Russia",earthquake: 0,7.033,0.034,262.0,us,us: 5,0-10 km: 0,deep,light,-0.699994,58.13688
621,12,2,2023-12-12 19:46:45,32.9223333,-116.255,10.91,2.81,ml: 3,0.05187,ci: 0,"27 km SSW of Ocotillo Wells, CA",earthquake: 0,0.39,0.128,24.0,ci,ci: 0,0-10 km: 0,shallow,minor,-85.87663,0.5613922
622,12,2,2023-12-12 20:31:11,31.675,-104.388,7.0571,3.4,ml: 3,0.0,tx: 4,"55 km S of Whites City, New Mexico",earthquake: 0,0.9834142164,0.2,26.0,tx,tx: 4,0-10 km: 0,shallow,minor,-74.7285,23.570805
623,12,2,2023-12-12 20:32:01,51.7447,-175.2407,44.495,4.3,mwr: 6,0.489,us: 5,"87 km SW of Atka, Alaska",earthquake: 0,2.819,0.086,13.0,us,us: 5,0-10 km: 0,shallow,light,25.56681,-69.20454
624,12,2,2023-12-12 23:05:36,31.729,-104.541,5.4117,3.3,ml: 3,0.0,tx: 4,"51 km SSW of Whites City, New Mexico",earthquake: 0,0.7171976349,0.1,21.0,tx,tx: 4,0-10 km: 0,shallow,minor,-71.894135,15.591103
625,12,2,2023-12-13 02:40:17,44.7741,-114.4144,12.487,2.7,ml: 3,0.452,us: 5,"33 km NNW of Challis, Idaho",earthquake: 0,6.952,0.037,95.0,us,us: 5,0-10 km: 0,shallow,minor,-44.929966,34.67684
626,12,2,2023-12-13 07:17:12,19.6256,-64.587,62.0,4.0,md: 2,1.211,pr: 3,"144 km N of Cruz Bay, U.S. Virgin Islands",earthquake: 0,10.64,0.11,9.0,pr,pr: 3,0-10 km: 0,shallow,light,-63.30091,29.487297
627,12,2,2023-12-13 07:33:05,26.9039,55.3048,10.0,4.3,mb: 0,2.112,us: 5,"57 km NE of Bandar-e Lengeh, Iran",earthquake: 0,1.927,0.116,21.0,us,us: 5,0-10 km: 0,shallow,light,-23.25055,10.445694
628,12,2,2023-12-13 09:23:12,-23.0343,-175.9118,10.0,4.4,mb: 0,1.968,us: 5,"211 km SSW of ‘Ohonua, Tonga",earthquake: 0,1.818,0.179,10.0,us,us: 5,0-10 km: 0,shallow,light,-54.67726,-26.691595
629,12,2,2023-12-13 09:55:47,17.998,-66.7573333333333,12.41,3.08,md: 2,0.03921,pr: 3,"2 km SSE of Magas Arriba, Puerto Rico",earthquake: 0,0.33,0.0705353242945659,5.0,pr,pr: 3,0-10 km: 0,shallow,minor,-69.59683,32.85791
630,12,2,2023-12-13 10:18:09,7.9873,59.0034,10.0,4.3,mb: 0,13.059,us: 5,Carlsberg Ridge,earthquake: 0,1.946,0.148,13.0,us,us: 5,10-20 km: 1,shallow,light,-20.531986,-7.802893
631,12,2,2023-12-13 11:08:55,2.0407,96.7775,29.597,4.5,mb: 0,2.24,us: 5,"65 km SE of Sinabang, Indonesia",earthquake: 0,5.107,0.151,13.0,us,us: 5,0-10 km: 0,shallow,light,36.77487,8.596854
632,12,2,2023-12-13 11:30:33,-20.7375,-178.6273,572.788,4.3,mb: 0,3.229,us: 5,Fiji region,earthquake: 0,10.137,0.113,22.0,us,us: 5,0-10 km: 0,deep,light,-7.674051,76.36853
633,12,2,2023-12-13 12:12:33,-6.0538,149.603,64.098,4.5,mb: 0,3.151,us: 5,"17 km NNE of Kandrian, Papua New Guinea",earthquake: 0,6.846,0.093,34.0,us,us: 5,0-10 km: 0,shallow,light,38.513878,27.344301
634,12,2,2023-12-13 13:36:35,-24.1653,-67.3639,231.572,4.5,mb: 0,1.42,us: 5,"106 km W of San Antonio de los Cobres, Argentina",earthquake: 0,10.898,0.18,10.0,us,us: 5,0-10 km: 0,intermediate,light,-41.271946,-15.321929
635,12,2,2023-12-13 15:12:09,-19.1586,169.3559,229.14,4.3,mb: 0,3.873,us: 5,"43 km N of Isangel, Vanuatu",earthquake: 0,7.394,0.126,18.0,us,us: 5,0-10 km: 0,intermediate,light,46.768105,32.726593
636,12,2,2023-12-13 15:21:17,-20.925,-177.8251,455.839,4.2,mb: 0,2.461,us: 5,"263 km W of Houma, Tonga",earthquake: 0,7.609,0.128,17.0,us,us: 5,0-10 km: 0,deep,light,-6.12061,75.87769
637,12,2,2023-12-13 15:47:58,31.737,-104.112,7.4684,3.8,ml: 3,0.0,tx: 4,"48 km W of Mentone, Texas",earthquake: 0,0.8493216721,0.2,25.0,tx,tx: 4,0-10 km: 0,shallow,minor,-74.55008,23.06525
638,12,2,2023-12-13 16:08:59,-5.6571,110.4186,551.302,4.2,mb: 0,3.284,us: 5,"96 km NNW of Batang, Indonesia",earthquake: 0,9.083,0.16,11.0,us,us: 5,0-10 km: 0,deep,light,5.403368,64.50618
639,12,2,2023-12-13 16:15:55,8.3574,126.5649,83.181,4.3,mb: 0,1.61,us: 5,"25 km E of Hinatuan, Philippines",earthquake: 0,3.684,0.16,11.0,us,us: 5,0-10 km: 0,intermediate,light,35.03432,8.050929
640,12,2,2023-12-13 17:36:51,2.0165,124.1617,302.23,4.1,mb: 0,3.341,us: 5,"96 km NW of Manado, Indonesia",earthquake: 0,7.789,0.092,32.0,us,us: 5,0-10 km: 0,deep,light,46.354027,34.661835
641,12,2,2023-12-13 18:34:27,-29.3269,-67.8716,114.83,4.3,mb: 0,2.04,us: 5,"40 km WSW of Chilecito, Argentina",earthquake: 0,7.995,0.375,2.0,us,us: 5,0-10 km: 0,intermediate,light,-38.888752,-19.814426
642,12,2,2023-12-13 18:49:14,51.7921,178.3591,117.648,3.7,mb: 0,0.183,us: 5,"Rat Islands, Aleutian Islands, Alaska",earthquake: 0,3.825,0.292,5.0,us,us: 5,0-10 km: 0,intermediate,minor,-13.376959,-19.780258
643,12,2,2023-12-13 18:51:35,-24.2295,-66.8452,199.341,4.3,mb: 0,1.765,us: 5,"53 km W of San Antonio de los Cobres, Argentina",earthquake: 0,11.429,0.376,2.0,us,us: 5,0-10 km: 0,intermediate,light,-38.83039,-19.514175
644,12,2,2023-12-13 19:07:11,72.5882,3.4277,10.0,4.2,mb: 0,4.074,us: 5,Norwegian Sea,earthquake: 0,1.896,0.121,19.0,us,us: 5,0-10 km: 0,shallow,light,-30.703438,16.879375
645,12,2,2023-12-13 19:40:10,14.4004,-93.2672,42.626,4.1,mb: 0,2.165,us: 5,"97 km WSW of Puerto Madero, Mexico",earthquake: 0,12.054,0.097,29.0,us,us: 5,0-10 km: 0,shallow,light,-44.279846,6.2558627
646,12,2,2023-12-13 19:45:13,13.5244,125.7742,10.0,4.5,mb: 0,13.449,us: 5,"123 km NE of Cabodiongan, Philippines",earthquake: 0,1.915,0.127,19.0,us,us: 5,10-20 km: 1,shallow,light,-13.467766,-7.7781777
647,12,2,2023-12-13 20:27:14,72.618,3.94,10.0,4.5,mb: 0,6.392,us: 5,Norwegian Sea,earthquake: 0,1.869,0.151,13.0,us,us: 5,0-10 km: 0,shallow,light,-30.437016,16.086504
648,12,2,2023-12-13 21:25:55,-27.7319,-71.1665,30.508,4.1,mb: 0,0.478,us: 5,"91 km WSW of Copiapó, Chile",earthquake: 0,7.618,0.523,1.0,us,us: 5,0-10 km: 0,shallow,light,-38.61911,-21.10697
649,12,2,2023-12-13 22:06:52,82.8654,-29.1326,11.241,4.1,mb: 0,4.214,us: 5,near the north coast of Greenland,earthquake: 0,6.233,0.14,14.0,us,us: 5,0-10 km: 0,shallow,light,-31.491375,16.548908
650,12,2,2023-12-13 22:17:24,42.3439,-126.6367,12.259,3.8,mb: 0,1.697,us: 5,"181 km WSW of Port Orford, Oregon",earthquake: 0,8.706,0.228,5.0,us,us: 5,0-10 km: 0,shallow,minor,-34.740498,-18.135305
651,12,2,2023-12-13 22:51:35,-11.504,118.1573,10.0,4.4,mb: 0,2.686,us: 5,"258 km SSW of Tambolaka, Indonesia",earthquake: 0,1.959,0.203,7.0,us,us: 5,0-10 km: 0,shallow,light,-13.400532,-23.605291
652,12,2,2023-12-13 23:25:22,-5.4166,146.0223,74.154,4.1,mb: 0,4.12,us: 5,"33 km SE of Madang, Papua New Guinea",earthquake: 0,8.33,0.158,11.0,us,us: 5,0-10 km: 0,intermediate,light,42.265137,2.0655382
653,12,2,2023-12-13 23:35:10,-6.8597,106.5246,10.4,4.5,mb: 0,1.267,us: 5,"14 km NNW of Pelabuhanratu, Indonesia",earthquake: 0,4.166,0.108,25.0,us,us: 5,0-10 km: 0,shallow,light,30.987003,20.307344
654,12,2,2023-12-13 23:35:11,-15.0746,-177.7606,381.121,4.4,mb: 0,4.816,us: 5,"92 km SSE of Alo, Wallis and Futuna",earthquake: 0,8.402,0.07,58.0,us,us: 5,0-10 km: 0,deep,light,-5.411746,70.394485
655,12,2,2023-12-14 00:09:35,-27.7146,120.6066,10.0,4.1,mb: 0,4.243,us: 5,"24 km NNW of Leinster, Australia",earthquake: 0,1.983,0.262,4.0,us,us: 5,0-10 km: 0,shallow,light,-14.832188,-25.69786
656,12,2,2023-12-14 00:10:48,50.9601,-177.9386,10.0,2.6,ml: 3,0.797,us: 5,"136 km SW of Adak, Alaska",earthquake: 0,2.018,0.128,8.0,us,us: 5,0-10 km: 0,shallow,minor,-39.002804,39.354862
657,12,2,2023-12-14 00:22:07,19.274,-66.3581666666667,20.26,3.23,md: 2,0.9502,pr: 3,"89 km N of Brenas, Puerto Rico",earthquake: 0,14.4,0.054338921269883,13.0,pr,pr: 3,0-10 km: 0,shallow,minor,-60.94126,30.100657
658,12,2,2023-12-14 01:14:48,32.759,-100.643,7.8744,3.8,ml: 3,0.1,tx: 4,"17 km NE of Hermleigh, Texas",earthquake: 0,1.10977718,0.2,12.0,tx,tx: 4,0-10 km: 0,shallow,minor,-74.54901,23.069191
659,12,2,2023-12-14 01:17:08,31.5063,139.9587,10.0,4.3,mb: 0,1.609,us: 5,"Izu Islands, Japan region",earthquake: 0,1.93,0.217,6.0,us,us: 5,0-10 km: 0,shallow,light,-14.611357,-18.7293
660,12,2,2023-12-14 01:28:36,32.751,-100.649,8.7793,2.8,ml: 3,0.1,tx: 4,"16 km NE of Hermleigh, Texas",earthquake: 0,1.33966309,0.1,15.0,tx,tx: 4,0-10 km: 0,shallow,minor,-73.5746,15.822133
661,12,2,2023-12-14 02:39:03,29.2665,105.5421,38.715,4.5,mb: 0,6.85,us: 5,"6 km SSE of Qingsheng, China",earthquake: 0,6.873,0.108,25.0,us,us: 5,0-10 km: 0,shallow,light,15.080213,28.746914
662,12,2,2023-12-14 04:00:24,56.1479,-149.4338,17.797,4.1,mb: 0,2.379,us: 5,"238 km SE of Chiniak, Alaska",earthquake: 0,5.621,0.214,6.0,us,us: 5,0-10 km: 0,shallow,light,-34.45946,-18.072325
663,12,2,2023-12-14 05:04:54,-21.8368,-66.2141,251.836,4.3,mb: 0,2.13,us: 5,"67 km SW of Tupiza, Bolivia",earthquake: 0,9.516,0.154,12.0,us,us: 5,0-10 km: 0,intermediate,light,-41.49408,-14.367287
664,12,2,2023-12-14 06:04:56,36.2362,71.0523,112.016,4.4,mb: 0,2.357,us: 5,"65 km SW of Ashkāsham, Afghanistan",earthquake: 0,14.85,0.154,12.0,us,us: 5,0-10 km: 0,intermediate,light,33.47059,0.98173577
665,12,2,2023-12-14 07:59:53,40.1392,71.5122,10.0,4.2,mb: 0,0.539,us: 5,"13 km SW of Khalmion, Kyrgyzstan",earthquake: 0,1.974,0.215,6.0,us,us: 5,0-10 km: 0,shallow,light,-13.939123,-18.45204
666,12,2,2023-12-14 08:37:44,17.9895,-66.8411666666667,15.74,2.9,md: 2,0.03651,pr: 3,"2 km WSW of Indios, Puerto Rico",earthquake: 0,0.42,0.077399961521192,6.0,pr,pr: 3,0-10 km: 0,shallow,minor,-70.17996,32.91135
667,12,2,2023-12-14 11:00:25,38.0612,49.2181,10.0,4.4,mb: 0,3.499,us: 5,"40 km NE of Hashtpar, Iran",earthquake: 0,1.914,0.107,25.0,us,us: 5,0-10 km: 0,shallow,light,-23.973907,12.259623
668,12,2,2023-12-14 11:58:35,18.2155,-67.3911666666667,7.75,2.91,md: 2,0.1877,pr: 3,"19 km SW of Stella, Puerto Rico",earthquake: 0,2.17,0.0547157386144801,4.0,pr,pr: 3,0-10 km: 0,shallow,minor,-69.147804,33.42773
669,12,2,2023-12-14 12:59:00,19.657,-64.5283,47.0,3.88,md: 2,1.2453,pr: 3,"149 km N of Cruz Bay, U.S. Virgin Islands",earthquake: 0,19.28,0.16,6.0,pr,pr: 3,0-10 km: 0,shallow,minor,-59.85921,28.258562
670,12,2,2023-12-14 14:41:11,5.0444,-82.8125,16.824,4.4,mb: 0,3.727,us: 5,south of Panama,earthquake: 0,8.244,0.095,32.0,us,us: 5,0-10 km: 0,shallow,light,-44.002956,3.7537484
671,12,2,2023-12-14 15:33:32,8.4942,127.3122,49.17,4.5,mb: 0,2.225,us: 5,"103 km ENE of Barcelona, Philippines",earthquake: 0,7.332,0.076,55.0,us,us: 5,0-10 km: 0,shallow,light,52.19411,21.952812
672,12,2,2023-12-14 17:49:06,-6.7879,130.4237,116.052,4.5,mb: 0,2.309,us: 5,"287 km WSW of Tual, Indonesia",earthquake: 0,8.654,0.102,28.0,us,us: 5,0-10 km: 0,intermediate,light,45.080086,28.91741
673,12,2,2023-12-14 19:06:14,-20.2014,-173.2182,10.0,4.3,mb: 0,1.712,us: 5,"125 km ESE of Fangale’ounga, Tonga",earthquake: 0,1.968,0.2,8.0,us,us: 5,0-10 km: 0,shallow,light,-53.082535,-26.452044
674,12,2,2023-12-14 20:21:09,-18.6605,-177.6287,564.319,4.5,mb: 0,3.382,us: 5,Fiji region,earthquake: 0,9.071,0.104,27.0,us,us: 5,0-10 km: 0,deep,light,-7.9815793,75.49373
675,12,2,2023-12-14 20:37:21,44.26166666666666,-120.88533333333334,-1.6,2.77,ml: 3,0.1846,uw: 7,"5 km SW of Prineville, Oregon",explosion: 1,31.61,0.0633877857192608,11.0,uw,uw: 7,0-10 km: 0,shallow,minor,-51.92456,27.807467
676,12,2,2023-12-14 20:43:17,19.6871,-64.509,19.0,3.63,md: 2,1.2767,pr: 3,"153 km NNE of Cruz Bay, U.S. Virgin Islands",earthquake: 0,23.44,0.03,3.0,pr,pr: 3,0-10 km: 0,shallow,minor,-58.023624,29.66634
677,12,2,2023-12-14 21:29:46,51.497,-174.7373,46.888,3.8,mb: 0,0.781,us: 5,"86 km SSW of Atka, Alaska",earthquake: 0,5.456,0.131,15.0,us,us: 5,0-10 km: 0,shallow,minor,-40.12898,26.95242
678,12,2,2023-12-14 21:44:01,19.7838,-64.3256,40.0,3.73,md: 2,1.3997,pr: 3,"168 km NNE of Cruz Bay, U.S. Virgin Islands",earthquake: 0,24.99,0.14,10.0,pr,pr: 3,0-10 km: 0,shallow,minor,-57.87843,28.050116
679,12,2,2023-12-14 22:23:06,-31.137,-178.8307,76.754,4.5,mb: 0,2.028,us: 5,Kermadec Islands region,earthquake: 0,6.824,0.171,10.0,us,us: 5,0-10 km: 0,intermediate,light,-49.70586,-17.108498
680,12,2,2023-12-14 23:03:34,8.5153,127.2134,10.0,4.3,mb: 0,2.165,us: 5,"94 km ENE of Barcelona, Philippines",earthquake: 0,1.743,0.239,5.0,us,us: 5,0-10 km: 0,shallow,light,-15.586304,-21.43879
681,12,2,2023-12-14 23:04:56,19.954,145.384,10.0,4.4,mb: 0,4.703,us: 5,"Maug Islands region, Northern Mariana Islands",earthquake: 0,1.924,0.139,15.0,us,us: 5,0-10 km: 0,shallow,light,-16.464664,-8.608872
682,12,2,2023-12-14 23:10:27,8.6554,127.5069,10.0,4.4,mb: 0,2.476,us: 5,"130 km ENE of Barcelona, Philippines",earthquake: 0,1.908,0.103,27.0,us,us: 5,0-10 km: 0,shallow,light,-8.687831,-6.650212
683,12,2,2023-12-14 23:30:25,8.7798,128.066,10.0,4.3,mb: 0,2.993,us: 5,"192 km ENE of Barcelona, Philippines",earthquake: 0,1.951,0.16,11.0,us,us: 5,0-10 km: 0,shallow,light,-16.686342,-13.585918
684,12,3,2023-12-15 00:00:13,-14.0788,171.2236,628.477,4.4,mb: 0,7.513,us: 5,Vanuatu region,earthquake: 0,5.272,0.04,183.0,us,us: 5,0-10 km: 0,deep,light,2.3755798,61.17869
685,12,3,2023-12-15 00:28:10,18.1051,-68.4368,103.0,3.9,md: 2,0.4125,pr: 3,"35 km SSE of Boca de Yuma, Dominican Republic",earthquake: 0,2.46,0.14,20.0,pr,pr: 3,0-10 km: 0,intermediate,minor,-68.33504,28.663519
686,12,3,2023-12-15 01:37:40,31.4211667,-114.2641667,5.94,3.05,ml: 3,0.6316,ci: 0,"111 km SE of Estacion Coahuila, B.C., MX",earthquake: 0,31.61,0.171,3.0,ci,ci: 0,0-10 km: 0,shallow,minor,-57.09511,26.002283
687,12,3,2023-12-15 02:40:50,23.164,142.4821,108.944,4.5,mb: 0,3.924,us: 5,"Volcano Islands, Japan region",earthquake: 0,7.761,0.131,18.0,us,us: 5,0-10 km: 0,intermediate,light,41.19994,11.761332
688,12,3,2023-12-15 02:56:29,51.5973,-176.6914,68.301,2.6,ml: 3,0.286,us: 5,"31 km S of Adak, Alaska",earthquake: 0,5.866,0.128,8.0,us,us: 5,0-10 km: 0,shallow,minor,-37.548813,38.252747
689,12,3,2023-12-15 03:43:54,29.604,66.8104,10.0,4.3,mb: 0,5.274,us: 5,"21 km S of Mastung, Pakistan",earthquake: 0,1.948,0.109,25.0,us,us: 5,0-10 km: 0,shallow,light,-23.176466,10.481232
690,12,3,2023-12-15 04:37:48,51.523,178.704,65.113,3.2,ml: 3,0.401,us: 5,"Rat Islands, Aleutian Islands, Alaska",earthquake: 0,5.639,0.081,20.0,us,us: 5,0-10 km: 0,shallow,minor,-46.22868,44.470592
691,12,3,2023-12-15 04:41:24,1.6751,126.6221,49.87,4.2,mb: 0,1.166,us: 5,"129 km NW of Ternate, Indonesia",earthquake: 0,5.27,0.177,11.0,us,us: 5,0-10 km: 0,shallow,light,36.57881,5.6305814
692,12,3,2023-12-15 04:55:48,-6.2446,146.3467,89.999,4.3,mb: 0,3.241,us: 5,"53 km E of Kainantu, Papua New Guinea",earthquake: 0,7.474,0.108,25.0,us,us: 5,0-10 km: 0,intermediate,light,44.913868,27.187931
693,12,3,2023-12-15 05:39:15,17.924,-66.9123333333333,15.11,2.88,md: 2,0.04807,pr: 3,"5 km S of Guánica, Puerto Rico",earthquake: 0,0.38,0.140734036714602,10.0,pr,pr: 3,0-10 km: 0,shallow,minor,-71.54196,30.112041
694,12,3,2023-12-15 07:44:57,18.9803,-65.1887,47.172,2.8,ml: 3,0.662,us: 5,"75 km NNW of Charlotte Amalie, U.S. Virgin Islands",earthquake: 0,24.286,0.069,28.0,us,us: 5,0-10 km: 0,shallow,minor,-51.932396,28.624022
695,12,3,2023-12-15 07:45:47,18.1396666666667,-64.9876666666667,84.13,3.35,md: 2,0.2136,pr: 3,"23 km SSW of Charlotte Amalie, U.S. Virgin Islands",earthquake: 0,1.32,0.198442819065058,6.0,pr,pr: 3,0-10 km: 0,intermediate,minor,-70.95351,27.72134
696,12,3,2023-12-15 08:32:11,-14.1538,171.2635,632.976,4.0,mb: 0,9.16,us: 5,Vanuatu region,earthquake: 0,10.068,0.134,15.0,us,us: 5,0-10 km: 0,deep,light,5.2370076,64.26294
697,12,3,2023-12-15 08:44:41,31.729,-104.576,6.5686,2.6,ml: 3,0.0,tx: 4,"52 km SSW of Whites City, New Mexico",earthquake: 0,0.9527417336,0.1,20.0,tx,tx: 4,0-10 km: 0,shallow,minor,-74.33952,15.1848755
698,12,3,2023-12-15 09:49:33,19.3768,-64.7828,48.0,3.68,md: 2,0.9756,pr: 3,"115 km N of Charlotte Amalie, U.S. Virgin Islands",earthquake: 0,17.6,0.1,6.0,pr,pr: 3,0-10 km: 0,shallow,minor,-60.035492,29.164446
699,12,3,2023-12-15 10:00:38,45.0009,141.476,290.997,4.3,mb: 0,1.19,us: 5,"24 km WNW of Teshio, Japan",earthquake: 0,9.247,0.065,67.0,us,us: 5,0-10 km: 0,intermediate,light,6.5977564,54.22015
700,12,3,2023-12-15 10:10:49,11.787,-89.0387,10.0,4.5,mb: 0,1.812,us: 5,"173 km SSW of Puerto El Triunfo, El Salvador",earthquake: 0,1.942,0.1,29.0,us,us: 5,0-10 km: 0,shallow,light,-33.738213,-3.2530344
701,12,3,2023-12-15 13:07:22,18.8543333333333,-66.0895,64.32,2.92,md: 2,0.5424,pr: 3,"42 km N of San Juan, Puerto Rico",earthquake: 0,3.37,0.188027739862476,7.0,pr,pr: 3,0-10 km: 0,shallow,minor,-71.4387,27.994228
702,12,3,2023-12-15 14:28:18,34.246,-116.7875,5.66,2.99,ml: 3,0.1116,ci: 0,"6 km ESE of Big Bear City, CA",earthquake: 0,0.38,0.135,189.0,ci,ci: 0,0-10 km: 0,shallow,minor,-87.499504,0.6029639
703,12,3,2023-12-15 17:15:16,9.0922,-75.2317,11.792,4.5,mwr: 6,0.801,us: 5,"4 km WSW of El Roble, Colombia",earthquake: 0,4.565,0.08,15.0,us,us: 5,0-10 km: 0,shallow,light,57.56593,-49.962467
704,12,3,2023-12-15 19:36:04,19.0221666666667,-65.0063333333333,20.48,3.13,md: 2,0.6679,pr: 3,"75 km N of Charlotte Amalie, U.S. Virgin Islands",earthquake: 0,26.55,0.0353608886536558,4.0,pr,pr: 3,0-10 km: 0,shallow,minor,-57.349007,29.362865
705,12,3,2023-12-15 19:37:14,18.9756,-65.0436,18.0,3.58,md: 2,0.6276,pr: 3,"71 km N of Charlotte Amalie, U.S. Virgin Islands",earthquake: 0,13.34,0.15,9.0,pr,pr: 3,0-10 km: 0,shallow,minor,-61.915577,28.964981
706,12,3,2023-12-15 19:55:46,36.5082,70.5659,200.284,4.0,mb: 0,2.323,us: 5,"46 km SSW of Jurm, Afghanistan",earthquake: 0,8.385,0.164,12.0,us,us: 5,0-10 km: 0,intermediate,light,30.819098,1.3094828
707,12,3,2023-12-15 20:24:18,7.1975,-76.2986,17.524,4.4,mwr: 6,1.259,us: 5,"15 km ESE of Mutatá, Colombia",earthquake: 0,4.41,0.086,13.0,us,us: 5,0-10 km: 0,shallow,light,57.684998,-50.028587
708,12,3,2023-12-15 20:42:41,18.9953,-65.0011,26.0,3.95,ml: 3,0.6431,pr: 3,"72 km N of Charlotte Amalie, U.S. Virgin Islands",earthquake: 0,20.93,0.0,0.0,pr,pr: 3,0-10 km: 0,shallow,minor,-58.419914,30.226011
709,12,3,2023-12-15 20:43:19,18.9998333333333,-64.9975,20.88,3.34,md: 2,0.6452,pr: 3,"73 km N of Charlotte Amalie, U.S. Virgin Islands",earthquake: 0,20.7,0.07389782753074,3.0,pr,pr: 3,0-10 km: 0,shallow,minor,-58.819958,29.31056
710,12,3,2023-12-15 20:45:18,18.9695,-65.0161666666667,25.22,3.09,md: 2,0.6164,pr: 3,"70 km N of Charlotte Amalie, U.S. Virgin Islands",earthquake: 0,19.76,0.0640471081447052,5.0,pr,pr: 3,0-10 km: 0,shallow,minor,-59.030968,29.571356
711,12,3,2023-12-15 21:31:31,52.1538,-169.2912,35.0,3.1,ml: 3,0.687,us: 5,"92 km SSW of Nikolski, Alaska",earthquake: 0,2.018,0.097,14.0,us,us: 5,0-10 km: 0,shallow,minor,-40.131924,37.8889
712,12,3,2023-12-15 21:34:10,-19.9689,-177.7151,495.689,4.2,mb: 0,2.639,us: 5,"284 km WNW of Houma, Tonga",earthquake: 0,10.35,0.146,13.0,us,us: 5,0-10 km: 0,deep,light,-6.7415295,76.842
713,12,3,2023-12-15 21:57:12,18.8043333333333,-67.8373333333333,9.89,3.17,md: 2,0.5384,pr: 3,"64 km ENE of Punta Cana, Dominican Republic",earthquake: 0,31.61,0.19025781162164,8.0,pr,pr: 3,0-10 km: 0,shallow,minor,-56.37041,27.47334
714,12,3,2023-12-15 22:03:00,-13.9653,171.1813,625.926,4.4,mb: 0,7.605,us: 5,Vanuatu region,earthquake: 0,8.34,0.11,24.0,us,us: 5,0-10 km: 0,deep,light,4.9205627,63.641434
715,12,3,2023-12-15 22:17:05,-1.2157,126.8534,10.0,4.2,mb: 0,2.04,us: 5,"95 km SW of Labuha, Indonesia",earthquake: 0,1.924,0.159,11.0,us,us: 5,0-10 km: 0,shallow,light,-17.348253,-13.649378
716,12,3,2023-12-15 22:28:31,8.9007,127.2847,10.0,4.4,mb: 0,2.483,us: 5,"107 km E of Aras-asan, Philippines",earthquake: 0,1.9,0.134,16.0,us,us: 5,0-10 km: 0,shallow,light,-14.119617,-9.886216
717,12,3,2023-12-15 23:52:24,53.7801,-164.0293,35.0,2.6,ml: 3,0.767,us: 5,"121 km ESE of Akutan, Alaska",earthquake: 0,2.011,0.105,12.0,us,us: 5,0-10 km: 0,shallow,minor,-39.61886,39.096245
718,12,3,2023-12-15 23:55:12,-23.481,170.6036,10.0,4.5,mb: 0,3.034,us: 5,southeast of the Loyalty Islands,earthquake: 0,1.721,0.18,9.0,us,us: 5,0-10 km: 0,shallow,light,-9.213442,-26.53361
719,12,3,2023-12-16 00:03:59,-15.0926,-172.7953,10.0,4.5,mb: 0,1.532,us: 5,"143 km NE of Hihifo, Tonga",earthquake: 0,1.844,0.145,14.0,us,us: 5,0-10 km: 0,shallow,light,-59.4392,-21.754814
720,12,3,2023-12-16 00:12:12,8.487,126.8695,39.986,4.5,mb: 0,1.902,us: 5,"60 km NE of Barcelona, Philippines",earthquake: 0,7.923,0.171,10.0,us,us: 5,0-10 km: 0,shallow,light,38.85133,1.9084179
721,12,3,2023-12-16 00:15:11,39.8135,141.8833,64.211,4.4,mb: 0,1.159,us: 5,"8 km ESE of Iwaizumi, Japan",earthquake: 0,7.314,0.101,28.0,us,us: 5,0-10 km: 0,shallow,light,14.61134,29.50701
722,12,3,2023-12-16 00:37:07,-29.2847,60.8669,10.0,4.5,mb: 0,9.315,us: 5,Southwest Indian Ridge,earthquake: 0,1.763,0.113,23.0,us,us: 5,0-10 km: 0,shallow,light,-19.206697,-37.72438
723,12,3,2023-12-16 02:04:01,37.4699,142.3877,39.643,4.5,mb: 0,3.323,us: 5,"122 km E of Tomioka, Japan",earthquake: 0,7.612,0.191,9.0,us,us: 5,0-10 km: 0,shallow,light,32.652054,3.2008815
724,12,3,2023-12-16 02:06:28,-24.3276,-67.1643,183.355,4.4,mb: 0,1.655,us: 5,"86 km W of San Antonio de los Cobres, Argentina",earthquake: 0,8.486,0.17,10.0,us,us: 5,0-10 km: 0,intermediate,light,-42.14147,-14.548643
725,12,3,2023-12-16 02:11:59,56.2984,-149.3865,10.0,2.9,ml: 3,2.295,us: 5,"228 km SE of Chiniak, Alaska",earthquake: 0,2.025,0.064,32.0,us,us: 5,0-10 km: 0,shallow,minor,-42.013874,38.029285
726,12,3,2023-12-16 03:12:44,8.7839,127.4216,40.277,4.4,mb: 0,2.496,us: 5,"122 km E of Aras-asan, Philippines",earthquake: 0,4.714,0.13,21.0,us,us: 5,0-10 km: 0,shallow,light,36.02373,11.591481
727,12,3,2023-12-16 03:29:30,1.0022,125.9208,30.93,4.5,mb: 0,1.464,us: 5,"100 km ESE of Bitung, Indonesia",earthquake: 0,5.952,0.139,17.0,us,us: 5,0-10 km: 0,shallow,light,37.243153,9.22453
728,12,3,2023-12-16 04:28:39,-7.5693,127.5616,143.64,4.4,mb: 0,3.82,us: 5,"122 km NNE of Lospalos, Timor Leste",earthquake: 0,8.052,0.134,17.0,us,us: 5,0-10 km: 0,intermediate,light,42.247128,16.218758
729,12,3,2023-12-16 05:36:09,8.3563,126.5701,57.9,4.2,mb: 0,1.612,us: 5,"26 km E of Hinatuan, Philippines",earthquake: 0,7.134,0.167,10.0,us,us: 5,0-10 km: 0,shallow,light,38.256626,4.1902566
730,12,3,2023-12-16 06:37:30,17.9268333333333,-66.851,11.18,3.01,md: 2,0.05499,pr: 3,"6 km SE of Maria Antonia, Puerto Rico",earthquake: 0,0.43,0.0882271982393981,14.0,pr,pr: 3,0-10 km: 0,shallow,minor,-70.14417,32.33384
731,12,3,2023-12-16 06:56:39,8.5473,126.841,18.648,4.3,mb: 0,1.928,us: 5,"59 km ENE of Hinatuan, Philippines",earthquake: 0,5.529,0.168,10.0,us,us: 5,0-10 km: 0,shallow,light,36.94252,5.801096
732,12,3,2023-12-16 07:01:59,19.9339,145.1965,10.0,4.4,mb: 0,4.702,us: 5,"Maug Islands region, Northern Mariana Islands",earthquake: 0,1.897,0.117,21.0,us,us: 5,0-10 km: 0,shallow,light,-15.014018,4.9593925
733,12,3,2023-12-16 07:48:15,-31.3174,179.3116,480.575,4.2,mb: 0,3.151,us: 5,Kermadec Islands region,earthquake: 0,15.602,0.159,11.0,us,us: 5,0-10 km: 0,deep,light,5.65492,64.97732
734,12,3,2023-12-16 08:16:33,25.959,128.5374,10.0,4.4,mb: 0,0.905,us: 5,"78 km ESE of Katsuren-haebaru, Japan",earthquake: 0,1.663,0.149,13.0,us,us: 5,0-10 km: 0,shallow,light,-17.13033,-9.480157
735,12,3,2023-12-16 08:28:01,32.758,-100.645,7.5321,2.7,ml: 3,0.1,tx: 4,"17 km NE of Hermleigh, Texas",earthquake: 0,1.233036842,0.1,12.0,tx,tx: 4,0-10 km: 0,shallow,minor,-74.001854,15.801076
736,12,3,2023-12-16 08:28:45,31.675,-104.191,6.3886,2.6,ml: 3,0.1,tx: 4,"54 km NW of Toyah, Texas",earthquake: 0,1.199777707,0.1,21.0,tx,tx: 4,0-10 km: 0,shallow,minor,-74.41943,15.645139
737,12,3,2023-12-16 08:45:01,40.4411667,-124.729,24.11,2.62,md: 2,0.3007,nc: 1,"40 km WNW of Petrolia, CA",earthquake: 0,2.07,0.338,49.0,nc,nc: 1,0-10 km: 0,shallow,minor,-85.04906,4.4781437
738,12,3,2023-12-16 12:10:49,18.2503333333333,-66.4196666666667,38.0,2.71,md: 2,0.1019,pr: 3,"3 km NW of Orocovis, Puerto Rico",earthquake: 0,0.51,0.182126179824762,13.0,pr,pr: 3,0-10 km: 0,shallow,minor,-72.140465,28.461098
739,12,3,2023-12-16 12:19:06,18.2633333333333,-66.4208333333333,35.84,2.76,md: 2,0.2404,pr: 3,"5 km NW of Orocovis, Puerto Rico",earthquake: 0,0.83,0.0434552619713733,4.0,pr,pr: 3,0-10 km: 0,shallow,minor,-69.48637,34.09458
740,12,3,2023-12-16 12:23:04,17.8933333333333,-66.845,10.58,2.71,md: 2,0.08757,pr: 3,"10 km SSE of Maria Antonia, Puerto Rico",earthquake: 0,0.87,0.0954127222989336,3.0,pr,pr: 3,0-10 km: 0,shallow,minor,-70.97139,32.274567
741,12,3,2023-12-16 13:55:52,42.6457,-101.0409,10.427,2.6,mb_lg: 1,1.054,us: 5,"31 km S of Nenzel, Nebraska",earthquake: 0,8.591,0.114,20.0,us,us: 5,0-10 km: 0,shallow,minor,-43.439377,33.070915
742,12,3,2023-12-16 19:03:40,53.3373,-163.3645,10.0,3.7,ml: 3,1.409,us: 5,"168 km S of False Pass, Alaska",earthquake: 0,2.012,0.097,14.0,us,us: 5,0-10 km: 0,shallow,minor,-40.187874,35.846336
743,12,3,2023-12-16 19:07:23,-20.5751,-177.8299,583.085,4.2,mb: 0,2.526,us: 5,"271 km WNW of Houma, Tonga",earthquake: 0,12.154,0.146,13.0,us,us: 5,0-10 km: 0,deep,light,-7.5423017,77.542656
744,12,3,2023-12-16 19:16:06,40.3716667,-125.822,10.0,3.23,ml: 3,1.134,nc: 1,"130 km W of Petrolia, CA",earthquake: 0,31.61,0.141,15.0,nc,nc: 1,0-10 km: 0,shallow,minor,-57.056747,26.18159
745,12,3,2023-12-16 20:16:21,-18.8345,-177.6234,582.397,4.2,mb: 0,3.252,us: 5,Fiji region,earthquake: 0,11.26,0.146,13.0,us,us: 5,0-10 km: 0,deep,light,-7.3901467,77.38022
746,12,3,2023-12-16 20:45:40,-25.5608,-179.633,478.436,4.1,mb: 0,3.989,us: 5,south of the Fiji Islands,earthquake: 0,9.69,0.123,18.0,us,us: 5,0-10 km: 0,deep,light,-6.452694,76.29431
747,12,3,2023-12-16 20:58:13,-23.4662,-179.9035,521.9,4.4,mb: 0,4.915,us: 5,south of the Fiji Islands,earthquake: 0,8.055,0.061,76.0,us,us: 5,0-10 km: 0,deep,light,-9.828561,72.24372
748,12,3,2023-12-16 22:30:39,-0.5444,122.2196,10.0,4.2,mb: 0,0.741,us: 5,"77 km NW of Luwuk, Indonesia",earthquake: 0,1.908,0.187,8.0,us,us: 5,0-10 km: 0,shallow,light,-13.9547205,-21.701275
749,12,3,2023-12-17 00:18:14,17.9138333333333,-66.8473333333333,11.43,2.66,md: 2,0.06805,pr: 3,"8 km SSE of Maria Antonia, Puerto Rico",earthquake: 0,0.49,0.0240440671517326,5.0,pr,pr: 3,0-10 km: 0,shallow,minor,-69.31185,34.638042
750,12,3,2023-12-17 01:49:43,19.9254,145.4759,91.746,4.5,mb: 0,4.668,us: 5,"Maug Islands region, Northern Mariana Islands",earthquake: 0,7.563,0.056,97.0,us,us: 5,0-10 km: 0,intermediate,light,12.576436,36.048996
751,12,3,2023-12-17 02:14:06,-22.7375,-63.7641,537.334,4.4,mb: 0,4.078,us: 5,"16 km SSE of General Mosconi, Argentina",earthquake: 0,8.618,0.105,26.0,us,us: 5,0-10 km: 0,deep,light,-6.9100084,75.06537
752,12,3,2023-12-17 03:16:46,6.7952,-73.0857,156.794,4.5,mb: 0,0.897,us: 5,"6 km N of Jordán, Colombia",earthquake: 0,8.176,0.042,169.0,us,us: 5,0-10 km: 0,intermediate,light,-49.06915,4.342161
753,12,3,2023-12-17 03:24:35,14.3059,-92.8786,47.464,4.4,mb: 0,2.091,us: 5,"67 km SW of Puerto Madero, Mexico",earthquake: 0,10.958,0.051,112.0,us,us: 5,0-10 km: 0,shallow,light,-46.112732,6.18716
754,12,3,2023-12-17 03:28:52,17.9268333333333,-66.8631666666667,7.57,2.61,md: 2,0.05034,pr: 3,"6 km SSE of Maria Antonia, Puerto Rico",earthquake: 0,0.94,0.103303929058576,5.0,pr,pr: 3,0-10 km: 0,shallow,minor,-71.32065,31.991796
755,12,3,2023-12-17 03:41:17,-23.6249,-179.9076,529.82,4.4,mb: 0,4.992,us: 5,south of the Fiji Islands,earthquake: 0,9.672,0.123,21.0,us,us: 5,0-10 km: 0,deep,light,-7.403367,76.18007
756,12,3,2023-12-17 04:01:27,17.9318333333333,-66.848,6.71,2.76,md: 2,0.1905,pr: 3,"6 km SE of Maria Antonia, Puerto Rico",earthquake: 0,1.06,0.0832893925805671,6.0,pr,pr: 3,0-10 km: 0,shallow,minor,-70.60496,32.728683
757,12,3,2023-12-17 04:17:18,36.9873,76.2331,86.521,4.2,mb: 0,4.087,us: 5,"91 km SSW of Damusi, China",earthquake: 0,11.467,0.176,11.0,us,us: 5,0-10 km: 0,intermediate,light,32.712345,1.0687164
758,12,3,2023-12-17 04:22:10,-5.2399,130.1681,118.54,4.3,mb: 0,0.76,us: 5,"251 km SSE of Amahai, Indonesia",earthquake: 0,4.723,0.168,13.0,us,us: 5,0-10 km: 0,intermediate,light,35.333584,7.665488
759,12,3,2023-12-17 04:38:49,-24.3895,179.7725,526.224,4.3,mb: 0,5.254,us: 5,south of the Fiji Islands,earthquake: 0,6.323,0.069,61.0,us,us: 5,0-10 km: 0,deep,light,4.8467617,62.065422
760,12,3,2023-12-17 04:43:29,32.762,-100.636,8.6325,2.9,ml: 3,0.1,tx: 4,"18 km NE of Hermleigh, Texas",earthquake: 0,1.731285782,0.2,12.0,tx,tx: 4,0-10 km: 0,shallow,minor,-75.02535,24.354338
761,12,3,2023-12-17 04:45:44,4.2529,126.874,59.654,4.3,mb: 0,3.081,us: 5,"201 km SE of Sarangani, Philippines",earthquake: 0,7.244,0.168,13.0,us,us: 5,0-10 km: 0,shallow,light,38.380512,3.905218
762,12,3,2023-12-17 06:05:52,19.252,-65.746,111.0,3.59,md: 2,1.0015,pr: 3,"91 km N of Suárez, Puerto Rico",earthquake: 0,11.17,0.1,11.0,pr,pr: 3,0-10 km: 0,intermediate,minor,-63.07145,29.789587
763,12,3,2023-12-17 06:30:53,31.618,-103.968,6.9542,2.8,ml: 3,0.0,tx: 4,"36 km WSW of Mentone, Texas",earthquake: 0,0.5879683442,0.1,13.0,tx,tx: 4,0-10 km: 0,shallow,minor,-73.49327,15.186895
764,12,3,2023-12-17 06:57:24,51.4893,-177.9174,35.0,2.8,ml: 3,0.267,us: 5,"98 km WSW of Adak, Alaska",earthquake: 0,1.994,0.091,16.0,us,us: 5,0-10 km: 0,shallow,minor,-40.19837,38.56277
765,12,3,2023-12-17 08:38:40,18.4308333333333,-65.9303333333333,82.78,2.92,md: 2,0.1894,pr: 3,"4 km NNW of Santa Barbara, Puerto Rico",earthquake: 0,0.96,0.0577724745978849,7.0,pr,pr: 3,0-10 km: 0,intermediate,minor,-69.28424,33.501987
766,12,3,2023-12-17 10:07:22,17.9401,-66.9636,14.0,3.91,md: 2,0.0858,pr: 3,"6 km WSW of Guánica, Puerto Rico",earthquake: 0,0.58,0.15,18.0,pr,pr: 3,0-10 km: 0,shallow,minor,-68.9486,28.736132
767,12,3,2023-12-17 14:35:04,31.68,-104.535,5.7717,3.6,ml: 3,0.0,tx: 4,"56 km SSW of Whites City, New Mexico",earthquake: 0,0.9551133697,0.1,8.0,tx,tx: 4,0-10 km: 0,shallow,minor,-71.199326,15.660969
768,12,3,2023-12-17 16:17:07,37.8872,144.3313,32.319,4.5,mb: 0,3.849,us: 5,"260 km ESE of Onagawa Chō, Japan",earthquake: 0,5.067,0.079,47.0,us,us: 5,0-10 km: 0,shallow,light,10.2679405,29.498682
769,12,3,2023-12-17 17:49:07,54.6327,161.549,75.893,4.4,mb: 0,2.356,us: 5,"162 km SE of Atlasovo, Russia",earthquake: 0,7.469,0.059,81.0,us,us: 5,0-10 km: 0,intermediate,light,8.43788,39.475418
770,12,3,2023-12-17 18:50:19,41.3644,-125.7613,10.0,2.7,ml: 3,1.402,us: 5,"137 km WSW of Crescent City, California",earthquake: 0,2.012,0.044,68.0,us,us: 5,0-10 km: 0,shallow,minor,-44.046036,38.510242
771,12,3,2023-12-17 19:34:55,31.618,-103.968,6.71,3.9,ml: 3,0.0,tx: 4,"36 km WSW of Mentone, Texas",earthquake: 0,0.3814819298,0.2,13.0,tx,tx: 4,0-10 km: 0,shallow,minor,-74.51475,22.973116
772,12,3,2023-12-17 19:37:28,40.3286,52.4283,45.379,4.1,mb: 0,5.03,us: 5,"56 km NW of Türkmenbaşy, Turkmenistan",earthquake: 0,9.432,0.094,31.0,us,us: 5,0-10 km: 0,shallow,light,21.88099,5.8003006
773,12,3,2023-12-17 20:32:04,9.0473,126.9297,10.0,4.2,mb: 0,2.377,us: 5,"70 km ENE of Aras-asan, Philippines",earthquake: 0,1.902,0.142,16.0,us,us: 5,0-10 km: 0,shallow,light,-15.532117,-11.473324
774,12,3,2023-12-17 20:53:53,40.73,29.0587,12.447,4.2,mb: 0,1.363,us: 5,"10 km NNW of Çınarcık, Turkey",earthquake: 0,5.101,0.186,8.0,us,us: 5,0-10 km: 0,shallow,light,-11.358251,-16.043713
775,12,3,2023-12-17 21:16:16,8.3856,126.8845,35.296,4.4,mb: 0,1.839,us: 5,"55 km ENE of Barcelona, Philippines",earthquake: 0,9.688,0.19,8.0,us,us: 5,0-10 km: 0,shallow,light,39.32475,-1.3487889
776,12,3,2023-12-17 22:15:52,39.9005,39.2946,10.0,4.2,mb: 0,0.932,us: 5,"24 km NW of Erzincan, Turkey",earthquake: 0,1.959,0.132,17.0,us,us: 5,0-10 km: 0,shallow,light,-20.337097,-3.4420621
777,12,3,2023-12-17 22:56:48,31.61,-103.976,8.4858,2.9,ml: 3,0.0,tx: 4,"37 km NNW of Toyah, Texas",earthquake: 0,0.3742297445,0.2,15.0,tx,tx: 4,0-10 km: 0,shallow,minor,-75.034355,24.365723
778,12,3,2023-12-17 23:38:44,52.6582,-167.0059,34.525,3.8,mb: 0,0.931,us: 5,"128 km ESE of Nikolski, Alaska",earthquake: 0,7.824,0.111,21.0,us,us: 5,0-10 km: 0,shallow,minor,-41.11909,27.93331
779,12,3,2023-12-18 01:02:58,53.0067,88.0818,10.0,4.1,mb: 0,2.166,us: 5,"11 km NE of Sheregesh, Russia",earthquake: 0,1.964,0.165,10.0,us,us: 5,0-10 km: 0,shallow,light,-19.694324,-2.4304516
780,12,3,2023-12-18 02:47:39,35.0438333,-117.6568333,1.12,2.6,ml: 3,0.1139,ci: 0,"5 km N of Boron, CA",earthquake: 0,0.31,0.223,67.0,ci,ci: 0,0-10 km: 0,shallow,minor,-84.9052,2.4514725
781,12,3,2023-12-18 03:25:21,-19.5163,-69.2785,105.234,4.1,mb: 0,0.171,us: 5,"27 km SE of Camiña, Chile",earthquake: 0,3.788,0.158,11.0,us,us: 5,0-10 km: 0,intermediate,light,-44.490982,-13.796742
782,12,3,2023-12-18 04:10:33,38.2325,-89.0951666666667,16.71,3.07,md: 2,0.5258,nm: 2,"5 km WNW of Waltonville, Illinois",earthquake: 0,0.53,0.195899048705384,26.0,nm,nm: 2,0-10 km: 0,shallow,minor,-73.412476,28.43047
783,12,3,2023-12-18 06:08:01,29.4031,70.1667,10.0,4.3,mb: 0,4.994,us: 5,"26 km SW of Dajal, Pakistan",earthquake: 0,1.947,0.137,15.0,us,us: 5,0-10 km: 0,shallow,light,-20.38899,-4.4459004
784,12,3,2023-12-18 06:10:24,-4.0835,133.9446,10.0,4.4,mb: 0,2.05,us: 5,"190 km WSW of Nabire, Indonesia",earthquake: 0,1.913,0.149,15.0,us,us: 5,0-10 km: 0,shallow,light,-5.391753,-19.565767
785,12,3,2023-12-18 06:11:34,36.3908,70.5893,159.445,4.1,mb: 0,2.236,us: 5,"56 km SSW of Jurm, Afghanistan",earthquake: 0,5.102,0.174,10.0,us,us: 5,0-10 km: 0,intermediate,light,28.76805,3.7429497
786,12,3,2023-12-18 08:09:06,19.7678,-64.426,45.0,3.93,md: 2,1.5115,pr: 3,"163 km NNE of Cruz Bay, U.S. Virgin Islands",earthquake: 0,33.75,0.11,8.0,pr,pr: 3,0-10 km: 0,shallow,minor,-56.297398,28.004618
787,12,3,2023-12-18 08:24:22,19.7961,-64.4833,37.0,3.62,md: 2,1.3876,pr: 3,"165 km NNE of Cruz Bay, U.S. Virgin Islands",earthquake: 0,18.7,0.15,6.0,pr,pr: 3,0-10 km: 0,shallow,minor,-59.975357,28.440245
788,12,3,2023-12-18 08:32:39,31.529,-115.6095,10.39,2.93,ml: 3,0.2026,ci: 0,"88 km SSW of Alberto Oviedo Mota, B.C., MX",earthquake: 0,1.01,0.161,47.0,ci,ci: 0,0-10 km: 0,shallow,minor,-86.0079,1.4336014
789,12,3,2023-12-18 09:44:43,19.521,-64.5316,54.0,3.79,md: 2,1.1094,pr: 3,"134 km NNE of Cruz Bay, U.S. Virgin Islands",earthquake: 0,8.87,0.1,7.0,pr,pr: 3,0-10 km: 0,shallow,minor,-64.111626,29.824276
790,12,3,2023-12-18 15:19:46,31.613,-104.392,6.5429,2.8,ml: 3,0.1,tx: 4,"62 km S of Whites City, New Mexico",earthquake: 0,1.259765399,0.1,14.0,tx,tx: 4,0-10 km: 0,shallow,minor,-73.56338,15.731785
791,12,3,2023-12-18 16:56:52,35.7407,102.8679,10.0,4.2,mb: 0,0.706,us: 5,"34 km WNW of Linxia Chengguanzhen, China",earthquake: 0,1.908,0.113,22.0,us,us: 5,0-10 km: 0,shallow,light,-22.702745,9.880655
792,12,3,2023-12-18 16:59:39,35.7582,102.8458,10.0,4.5,mb: 0,0.718,us: 5,"37 km WNW of Linxia Chengguanzhen, China",earthquake: 0,1.89,0.104,27.0,us,us: 5,0-10 km: 0,shallow,light,-17.50116,9.2176485
793,12,3,2023-12-18 22:20:44,5.957,94.8264,10.199,4.5,mb: 0,2.231,us: 5,"54 km W of Sabang, Indonesia",earthquake: 0,4.642,0.093,34.0,us,us: 5,0-10 km: 0,shallow,light,28.056433,22.03199
794,12,3,2023-12-18 23:55:11,36.8412,-104.8125,5.648,3.8,ml: 3,0.057,us: 5,"31 km S of Segundo, Colorado",earthquake: 0,5.424,0.044,117.0,us,us: 5,0-10 km: 0,shallow,minor,-46.154087,34.555573
795,12,3,2023-12-19 00:35:53,9.6835,-84.0879,10.0,3.7,mb: 0,0.317,us: 5,"7 km WNW of San Marcos, Costa Rica",earthquake: 0,1.983,0.505,1.0,us,us: 5,0-10 km: 0,shallow,minor,-38.605263,-21.21891
796,12,3,2023-12-19 04:02:41,51.9184,177.7127,126.08,4.4,mb: 0,1.128,us: 5,"Rat Islands, Aleutian Islands, Alaska",earthquake: 0,11.029,0.05,114.0,us,us: 5,0-10 km: 0,intermediate,light,8.94794,40.039665
797,12,3,2023-12-19 06:25:52,36.4747,-100.0968,1.229,2.9,mb_lg: 1,0.684,us: 5,"6 km NE of Follett, Texas",earthquake: 0,5.254,0.066,61.0,us,us: 5,0-10 km: 0,shallow,minor,-43.98996,35.139946
798,12,3,2023-12-19 06:28:25,19.6886,-64.4633,36.0,3.73,md: 2,1.283,pr: 3,"154 km NNE of Cruz Bay, U.S. Virgin Islands",earthquake: 0,30.19,0.14,5.0,pr,pr: 3,0-10 km: 0,shallow,minor,-56.725964,27.876118
799,12,3,2023-12-19 06:40:02,19.7011,-64.4923,36.0,4.01,md: 2,1.2923,pr: 3,"154 km NNE of Cruz Bay, U.S. Virgin Islands",earthquake: 0,22.84,0.0,3.0,pr,pr: 3,0-10 km: 0,shallow,light,-58.119408,30.105953
800,12,3,2023-12-19 07:01:27,25.1447,122.2828,183.622,4.4,mb: 0,0.733,us: 5,"44 km E of Jiufen, Taiwan",earthquake: 0,5.789,0.082,43.0,us,us: 5,0-10 km: 0,intermediate,light,14.890799,34.839264
801,12,3,2023-12-19 10:22:30,45.3953,-105.4654,9.884,2.8,ml: 3,1.397,us: 5,"6 km SW of Broadus, Montana",earthquake: 0,7.407,0.071,26.0,us,us: 5,0-10 km: 0,shallow,minor,-44.22626,33.335365
802,12,3,2023-12-19 12:14:24,18.1227,96.0615,10.0,4.5,mb: 0,2.758,us: 5,"49 km NE of Letpandan, Myanmar",earthquake: 0,1.849,0.113,23.0,us,us: 5,0-10 km: 0,shallow,light,-13.933023,-2.8957155
803,12,3,2023-12-19 12:41:38,-19.1518,-67.0257,257.065,4.3,mb: 0,2.11,us: 5,"38 km SW of Challapata, Bolivia",earthquake: 0,15.865,0.218,6.0,us,us: 5,0-10 km: 0,intermediate,light,-40.393826,-16.884678
804,12,3,2023-12-19 14:04:11,24.1069,125.9471,10.0,4.5,mb: 0,1.586,us: 5,"99 km SE of Miyakojima, Japan",earthquake: 0,1.851,0.1,29.0,us,us: 5,0-10 km: 0,shallow,light,-14.543878,7.6344852
805,12,3,2023-12-19 15:14:52,31.538,-104.146,9.5507,3.4,ml: 3,0.0,tx: 4,"41 km NW of Toyah, Texas",earthquake: 0,1.119625452,0.2,13.0,tx,tx: 4,0-10 km: 0,shallow,minor,-74.72096,23.57974
806,12,3,2023-12-19 15:23:44,-7.7884,122.8696,257.457,4.2,mb: 0,2.393,us: 5,"117 km NE of Maumere, Indonesia",earthquake: 0,11.775,0.187,8.0,us,us: 5,0-10 km: 0,intermediate,light,30.620218,-0.43826327
807,12,3,2023-12-19 16:02:25,67.3811,-168.5489,9.921,3.6,ml: 3,1.847,us: 5,"132 km SW of Point Hope, Alaska",earthquake: 0,8.539,0.083,19.0,us,us: 5,0-10 km: 0,shallow,minor,-44.62685,31.603466
808,12,3,2023-12-19 17:50:56,67.5405,-169.1303,9.341,2.6,mb_lg: 1,2.047,us: 5,"134 km SW of Point Hope, Alaska",earthquake: 0,7.427,0.208,6.0,us,us: 5,0-10 km: 0,shallow,minor,-36.73277,39.148487
809,12,3,2023-12-19 20:29:29,54.6492,-159.6481,35.0,3.0,ml: 3,0.849,us: 5,"93 km SE of Sand Point, Alaska",earthquake: 0,2.013,0.074,24.0,us,us: 5,0-10 km: 0,shallow,minor,-41.222095,37.932034
810,12,3,2023-12-19 20:44:23,-19.0008,-69.6035,110.726,4.1,mb: 0,0.669,us: 5,"39 km NNW of Camiña, Chile",earthquake: 0,6.058,0.158,14.0,us,us: 5,0-10 km: 0,intermediate,light,-44.03339,-13.992851
811,12,3,2023-12-19 21:04:31,18.838,-65.4933333333333,13.0,2.9,md: 2,0.6371,pr: 3,"56 km NNE of Luquillo, Puerto Rico",earthquake: 0,1.26,0.015619620376494,6.0,pr,pr: 3,0-10 km: 0,shallow,minor,-68.75049,34.431686
812,12,3,2023-12-20 01:42:44,31.742,-104.119,7.5198,2.7,ml: 3,0.0,tx: 4,"49 km W of Mentone, Texas",earthquake: 0,0.8779333262,0.2,19.0,tx,tx: 4,0-10 km: 0,shallow,minor,-75.13258,24.585163
813,12,3,2023-12-20 02:04:51,51.1522,-178.1269,35.0,4.5,mb: 0,0.589,us: 5,"131 km SW of Adak, Alaska",earthquake: 0,1.741,0.046,136.0,us,us: 5,0-10 km: 0,shallow,light,-26.469683,33.91498
814,12,3,2023-12-20 02:46:21,44.1194,-115.0512,5.0,2.7,ml: 3,0.148,us: 5,"14 km SW of Stanley, Idaho",earthquake: 0,1.911,0.039,87.0,us,us: 5,0-10 km: 0,shallow,minor,-44.418358,38.313274
815,12,3,2023-12-20 03:58:35,-20.4452,-69.2172,102.519,4.3,mb: 0,0.308,us: 5,"47 km ESE of La Tirana, Chile",earthquake: 0,4.306,0.237,5.0,us,us: 5,0-10 km: 0,intermediate,light,-44.215076,-17.5659
816,12,3,2023-12-20 06:14:47,34.296,-117.0261667,7.95,2.74,ml: 3,0.04267,ci: 0,"12 km WNW of Big Bear Lake, CA",earthquake: 0,0.29,0.144,110.0,ci,ci: 0,0-10 km: 0,shallow,minor,-86.72576,0.8261475
817,12,3,2023-12-20 06:59:33,17.9288333333333,-66.2863333333333,13.02,2.9,md: 2,0.1111,pr: 3,"5 km SSE of Salinas, Puerto Rico",earthquake: 0,0.4,0.180238768650824,14.0,pr,pr: 3,0-10 km: 0,shallow,minor,-72.000946,28.481802
818,12,3,2023-12-20 08:41:33,17.9251666666667,-66.28,8.0,2.71,md: 2,0.1119,pr: 3,"6 km SSE of Salinas, Puerto Rico",earthquake: 0,1.57,0.173306671225671,13.0,pr,pr: 3,0-10 km: 0,shallow,minor,-72.01505,28.78571
819,12,3,2023-12-20 08:59:36,-24.0022,-67.0303,240.857,4.4,mb: 0,1.485,us: 5,"76 km WNW of San Antonio de los Cobres, Argentina",earthquake: 0,11.409,0.309,3.0,us,us: 5,0-10 km: 0,intermediate,light,-39.09871,-19.170948
820,12,3,2023-12-20 10:07:25,31.698,-104.131,7.0313,2.8,ml: 3,0.1,tx: 4,"50 km W of Mentone, Texas",earthquake: 0,0.7851698538,0.1,24.0,tx,tx: 4,0-10 km: 0,shallow,minor,-73.496346,15.069714
821,12,3,2023-12-20 10:27:48,31.662,-104.19,6.2858,2.9,ml: 3,0.1,tx: 4,"53 km NW of Toyah, Texas",earthquake: 0,1.172690242,0.1,30.0,tx,tx: 4,0-10 km: 0,shallow,minor,-72.987816,15.114385
822,12,3,2023-12-20 10:39:32,-14.1867,-72.8483,87.652,4.4,mb: 0,4.463,us: 5,"17 km NE of Sabaino, Peru",earthquake: 0,9.529,0.11,24.0,us,us: 5,0-10 km: 0,intermediate,light,-44.94312,-9.17063
823,12,3,2023-12-20 11:47:51,55.2214,-163.1439,124.873,2.7,ml: 3,0.206,us: 5,"27 km W of Cold Bay, Alaska",earthquake: 0,3.515,0.091,16.0,us,us: 5,0-10 km: 0,intermediate,minor,-38.489735,37.553234
824,12,3,2023-12-20 12:39:48,-21.4582,-68.4396,112.823,4.5,mb: 0,0.819,us: 5,"32 km SW of Ollagüe, Chile",earthquake: 0,6.779,0.068,64.0,us,us: 5,0-10 km: 0,intermediate,light,-46.682266,-0.1463104
825,12,3,2023-12-20 13:15:57,30.9425,140.7861,39.976,4.5,mb: 0,2.318,us: 5,"Izu Islands, Japan region",earthquake: 0,5.558,0.065,72.0,us,us: 5,0-10 km: 0,shallow,light,9.3183775,31.287924
826,12,3,2023-12-20 14:19:17,32.385,-101.635,6.2849,3.5,ml: 3,0.0,tx: 4,"17 km SSE of Ackerly, Texas",earthquake: 0,1.074000404,0.2,19.0,tx,tx: 4,0-10 km: 0,shallow,minor,-74.669754,23.425941
827,12,3,2023-12-20 15:56:16,31.641,-104.393,6.8514,2.9,ml: 3,0.0,tx: 4,"59 km S of Whites City, New Mexico",earthquake: 0,0.8188013886,0.1,19.0,tx,tx: 4,0-10 km: 0,shallow,minor,-72.99145,15.227695
828,12,3,2023-12-20 16:50:20,33.706,73.4118,10.0,2.6,mb_lg: 1,0.132,us: 5,"10 km WSW of Kamra, Pakistan",earthquake: 0,2.004,0.228,5.0,us,us: 5,0-10 km: 0,shallow,minor,-14.117769,-19.851627
829,12,3,2023-12-20 17:31:32,38.4976,142.2141,40.667,4.4,mb: 0,2.455,us: 5,"67 km E of Onagawa Chō, Japan",earthquake: 0,9.731,0.155,12.0,us,us: 5,0-10 km: 0,shallow,light,33.336666,2.4655187
830,12,3,2023-12-20 18:07:43,31.673,-104.328,7.9311,2.7,ml: 3,0.1,tx: 4,"55 km S of Whites City, New Mexico",earthquake: 0,1.032428824,0.2,21.0,tx,tx: 4,0-10 km: 0,shallow,minor,-75.133354,24.583805
831,12,3,2023-12-20 20:53:24,17.9586,-66.2816,7.0,3.48,md: 2,0.1749,pr: 3,"2 km SE of Salinas, Puerto Rico",earthquake: 0,1.55,0.11,14.0,pr,pr: 3,0-10 km: 0,shallow,minor,-68.6853,30.173409
832,12,3,2023-12-20 22:12:54,47.9051,146.9547,435.664,4.0,mb: 0,3.0,us: 5,northwest of the Kuril Islands,earthquake: 0,11.901,0.104,25.0,us,us: 5,0-10 km: 0,deep,light,6.874145,54.914288
833,12,3,2023-12-20 23:00:09,17.9236666666667,-66.2741666666667,13.75,2.61,md: 2,0.1113,pr: 3,"6 km WSW of Central Aguirre, Puerto Rico",earthquake: 0,0.41,0.116290171825139,6.0,pr,pr: 3,0-10 km: 0,shallow,minor,-71.62228,31.50655
834,12,3,2023-12-20 23:33:59,51.3612,177.3571,31.505,3.4,ml: 3,0.929,us: 5,"Rat Islands, Aleutian Islands, Alaska",earthquake: 0,10.374,0.085,18.0,us,us: 5,0-10 km: 0,shallow,minor,-46.23656,45.013012
835,12,3,2023-12-20 23:47:04,17.9243333333333,-66.2811666666667,15.26,2.72,md: 2,0.1131,pr: 3,"6 km SSE of Salinas, Puerto Rico",earthquake: 0,0.99,0.23169077294344,8.0,pr,pr: 3,0-10 km: 0,shallow,minor,-72.56606,27.3392
836,12,3,2023-12-20 23:48:28,36.0023,-106.8488,11.26,3.5,ml: 3,1.101,us: 5,"10 km ESE of Cuba, New Mexico",earthquake: 0,7.607,0.042,86.0,us,us: 5,0-10 km: 0,shallow,minor,-45.78309,33.899982
837,12,3,2023-12-21 03:39:28,17.9306666666667,-66.8545,15.6,2.75,md: 2,0.05004,pr: 3,"6 km SE of Maria Antonia, Puerto Rico",earthquake: 0,0.54,0.146908627025827,12.0,pr,pr: 3,0-10 km: 0,shallow,minor,-71.762505,29.946526
838,12,3,2023-12-21 04:09:18,31.567,-115.6198333,10.95,2.81,ml: 3,0.2243,ci: 0,"85 km SSW of Alberto Oviedo Mota, B.C., MX",earthquake: 0,1.09,0.16,10.0,ci,ci: 0,0-10 km: 0,shallow,minor,-85.40458,1.0885979
839,12,3,2023-12-21 04:30:46,39.7486667,-122.0773333,27.67,2.88,md: 2,0.1441,nc: 1,"6 km W of Hamilton City, CA",earthquake: 0,0.5,0.296,59.0,nc,nc: 1,0-10 km: 0,shallow,minor,-85.185165,4.3665953
840,12,3,2023-12-21 06:18:49,17.9993333333333,-66.9058333333333,10.03,2.79,md: 2,0.02711,pr: 3,"1 km NE of Fuig, Puerto Rico",earthquake: 0,0.56,0.0568047675270744,6.0,pr,pr: 3,0-10 km: 0,shallow,minor,-69.900635,33.690845
841,12,3,2023-12-21 07:06:31,17.9311666666667,-66.277,15.2,2.87,md: 2,0.1053,pr: 3,"5 km SSE of Salinas, Puerto Rico",earthquake: 0,0.8,0.282115003662798,12.0,pr,pr: 3,0-10 km: 0,shallow,minor,-72.89764,26.793575
842,12,3,2023-12-21 08:20:53,27.5324,53.5348,10.0,4.3,mb: 0,3.519,us: 5,"61 km WSW of Gerāsh, Iran",earthquake: 0,1.885,0.099,30.0,us,us: 5,0-10 km: 0,shallow,light,-23.21159,10.563987
843,12,3,2023-12-21 09:20:51,17.9676666666667,-66.8703333333333,10.74,2.63,md: 2,0.01123,pr: 3,"2 km ESE of Maria Antonia, Puerto Rico",earthquake: 0,0.51,0.103319823083062,4.0,pr,pr: 3,0-10 km: 0,shallow,minor,-71.32118,31.99867
844,12,3,2023-12-21 11:45:28,38.6682,-97.5226,3.506,3.1,mb_lg: 1,0.712,us: 5,"7 km E of Assaria, Kansas",earthquake: 0,6.047,0.046,124.0,us,us: 5,0-10 km: 0,shallow,minor,-45.093292,35.250523
845,12,3,2023-12-21 15:40:26,49.3432,153.1427,175.408,4.3,mb: 0,4.733,us: 5,"260 km SW of Severo-Kuril’sk, Russia",earthquake: 0,7.406,0.067,70.0,us,us: 5,0-10 km: 0,intermediate,light,9.958011,39.88115
846,12,3,2023-12-21 15:50:40,44.3237,-115.1585,14.929,2.6,ml: 3,0.312,us: 5,"21 km NW of Stanley, Idaho",earthquake: 0,7.134,0.041,80.0,us,us: 5,0-10 km: 0,shallow,minor,-44.82318,34.49304
847,12,3,2023-12-21 15:52:13,45.3811,-114.0644,15.852,2.8,ml: 3,0.622,us: 5,"26 km NNW of Salmon, Idaho",earthquake: 0,7.253,0.032,126.0,us,us: 5,0-10 km: 0,shallow,minor,-45.09613,34.859364
848,12,3,2023-12-21 18:24:33,36.3366,36.2046,10.0,4.2,mb: 0,1.161,us: 5,"2 km NE of Anayazı, Turkey",earthquake: 0,1.958,0.152,12.0,us,us: 5,0-10 km: 0,shallow,light,-20.14658,-3.5911274
849,12,3,2023-12-21 19:40:07,17.9358333333333,-66.2768333333333,7.81,2.77,md: 2,0.1009,pr: 3,"5 km SSE of Salinas, Puerto Rico",earthquake: 0,0.58,0.122567253705579,6.0,pr,pr: 3,0-10 km: 0,shallow,minor,-71.46938,31.068865
850,12,3,2023-12-21 21:03:52,17.9275,-66.283,13.96,2.6,md: 2,0.1109,pr: 3,"5 km SSE of Salinas, Puerto Rico",earthquake: 0,0.83,0.0467367267871848,3.0,pr,pr: 3,0-10 km: 0,shallow,minor,-69.86032,34.2284
851,12,3,2023-12-21 21:29:27,31.9036667,-117.2583333,21.66,3.24,ml: 3,0.4819,ci: 0,"48 km SW of Primo Tapia, B.C., MX",earthquake: 0,1.24,0.161,60.0,ci,ci: 0,0-10 km: 0,shallow,minor,-86.42203,1.6146975
852,12,3,2023-12-21 22:40:52,-7.0773,129.6944,124.685,4.3,mb: 0,2.547,us: 5,"Kepulauan Babar, Indonesia",earthquake: 0,8.63,0.109,24.0,us,us: 5,0-10 km: 0,intermediate,light,45.337006,28.350468
853,12,4,2023-12-22 00:31:14,33.4269,73.0885,10.0,3.6,mb: 0,0.269,us: 5,"19 km SSE of Rawalpindi, Pakistan",earthquake: 0,1.857,0.224,5.0,us,us: 5,0-10 km: 0,shallow,minor,-14.204855,-19.488855
854,12,4,2023-12-22 01:45:59,40.1341,142.2531,16.094,4.5,mwr: 6,1.118,us: 5,"37 km E of Noda, Japan",earthquake: 0,1.948,0.071,19.0,us,us: 5,0-10 km: 0,shallow,light,17.119978,-43.426746
855,12,4,2023-12-22 02:49:18,32.764,-100.636,8.6325,3.6,ml: 3,0.1,tx: 4,"18 km NE of Hermleigh, Texas",earthquake: 0,1.12294068,0.2,14.0,tx,tx: 4,0-10 km: 0,shallow,minor,-74.624756,23.29206
856,12,4,2023-12-22 03:06:21,56.4316,-148.7853,10.0,3.0,ml: 3,2.476,us: 5,"249 km ESE of Chiniak, Alaska",earthquake: 0,2.023,0.059,38.0,us,us: 5,0-10 km: 0,shallow,minor,-42.3533,37.826675
857,12,4,2023-12-22 03:18:43,-17.9107,-178.5756,563.531,4.4,mb: 0,3.216,us: 5,"223 km E of Levuka, Fiji",earthquake: 0,8.988,0.035,239.0,us,us: 5,0-10 km: 0,deep,light,-10.155162,66.90262
858,12,4,2023-12-22 03:49:46,32.843,-100.983,6.4316,2.8,ml: 3,0.1,tx: 4,"15 km NNW of Snyder, Texas",earthquake: 0,2.036776789,0.1,14.0,tx,tx: 4,0-10 km: 0,shallow,minor,-73.680855,16.333813
859,12,4,2023-12-22 04:37:17,-19.6065,-175.866,236.035,4.5,mb: 0,1.675,us: 5,"160 km W of Pangai, Tonga",earthquake: 0,8.53,0.078,48.0,us,us: 5,0-10 km: 0,intermediate,light,-48.91051,-4.465756
860,12,4,2023-12-22 04:52:10,19.1011666666667,-68.1431666666667,28.75,3.37,md: 2,1.163,pr: 3,"63 km NNE of Punta Cana, Dominican Republic",earthquake: 0,20.8,0.0475843724507083,8.0,pr,pr: 3,0-10 km: 0,shallow,minor,-58.643047,29.629429
861,12,4,2023-12-22 05:19:52,51.4077,-175.5881,51.342,4.1,mb: 0,0.747,us: 5,"89 km SE of Adak, Alaska",earthquake: 0,8.137,0.061,73.0,us,us: 5,0-10 km: 0,shallow,light,-40.030483,28.759365
862,12,4,2023-12-22 05:43:57,51.2391,-175.4025,33.194,3.8,mb: 0,0.816,us: 5,"110 km SE of Adak, Alaska",earthquake: 0,13.911,0.09,32.0,us,us: 5,0-10 km: 0,shallow,minor,-43.393833,28.64212
863,12,4,2023-12-22 05:56:37,-17.9825,-178.5293,585.226,4.4,mb: 0,3.264,us: 5,"228 km E of Levuka, Fiji",earthquake: 0,9.223,0.053,100.0,us,us: 5,0-10 km: 0,deep,light,-10.5679655,71.411415
864,12,4,2023-12-22 06:10:47,37.567,138.9565,170.971,4.0,mb: 0,0.728,us: 5,"4 km NNE of Mitsuke, Japan",earthquake: 0,7.283,0.144,13.0,us,us: 5,0-10 km: 0,intermediate,light,30.320335,1.695801
865,12,4,2023-12-22 09:30:52,41.9944,142.6525,66.641,4.2,mb: 0,0.377,us: 5,"20 km SSW of Urakawa, Japan",earthquake: 0,6.972,0.137,15.0,us,us: 5,0-10 km: 0,shallow,light,28.161346,5.995238
866,12,4,2023-12-22 10:19:46,33.3011,139.5609,148.226,4.3,mb: 0,0.282,us: 5,"162 km SSE of Shimoda, Japan",earthquake: 0,5.168,0.116,21.0,us,us: 5,0-10 km: 0,intermediate,light,40.129852,12.217302
867,12,4,2023-12-22 12:45:56,51.2275,-175.3367,36.404,4.1,mb: 0,0.978,us: 5,"115 km SE of Adak, Alaska",earthquake: 0,6.969,0.079,44.0,us,us: 5,0-10 km: 0,shallow,light,-40.042027,28.358297
868,12,4,2023-12-22 14:27:10,-40.4764,173.3567,179.808,4.5,mb: 0,0.72,us: 5,"62 km NE of Takaka, New Zealand",earthquake: 0,5.442,0.15,13.0,us,us: 5,0-10 km: 0,intermediate,light,39.211445,18.77434
869,12,4,2023-12-22 16:37:27,51.694,-173.0198,35.0,3.8,ml: 3,0.885,us: 5,"98 km SE of Atka, Alaska",earthquake: 0,2.015,0.128,12.0,us,us: 5,0-10 km: 0,shallow,minor,-39.91144,35.579
870,12,4,2023-12-22 18:14:40,32.125,-101.052,9.464,2.6,ml: 3,0.2,tx: 4,"25 km S of Westbrook, Texas",earthquake: 0,2.542563978,0.1,10.0,tx,tx: 4,0-10 km: 0,shallow,minor,-74.35309,16.339521
871,12,4,2023-12-22 18:36:51,19.5363,-68.7321,5.0,3.65,md: 2,0.5184,pr: 3,"69 km NNE of Miches, Dominican Republic",earthquake: 0,31.61,0.21,16.0,pr,pr: 3,0-10 km: 0,shallow,minor,-56.36894,27.430506
872,12,4,2023-12-22 19:02:44,-22.8423,-66.2461,243.404,4.2,mb: 0,1.785,us: 5,"57 km WSW of Abra Pampa, Argentina",earthquake: 0,13.273,0.199,8.0,us,us: 5,0-10 km: 0,intermediate,light,-40.73825,-16.49284
873,12,4,2023-12-22 19:07:09,8.4349,126.9511,42.372,4.5,mb: 0,1.921,us: 5,"64 km ENE of Barcelona, Philippines",earthquake: 0,5.612,0.065,78.0,us,us: 5,0-10 km: 0,shallow,light,26.223862,36.06466
874,12,4,2023-12-22 19:45:58,19.2595,-68.7638,10.0,3.95,md: 2,0.4255,pr: 3,"42 km NE of Miches, Dominican Republic",earthquake: 0,31.61,0.13,18.0,pr,pr: 3,0-10 km: 0,shallow,minor,-56.53159,27.910204
875,12,4,2023-12-22 23:43:38,18.9017,-68.8707,20.392,2.9,ml: 3,0.603,us: 5,"20 km ESE of Miches, Dominican Republic",earthquake: 0,15.861,0.071,26.0,us,us: 5,0-10 km: 0,shallow,minor,-45.85275,28.527538
876,12,4,2023-12-22 23:46:29,18.6031666666667,-67.3935,13.29,2.82,md: 2,0.2322,pr: 3,"31 km NW of Aguadilla, Puerto Rico",earthquake: 0,0.58,0.192878388448672,8.0,pr,pr: 3,0-10 km: 0,shallow,minor,-72.19141,28.121115
877,12,4,2023-12-22 23:51:28,19.6923,-64.5816,29.0,3.95,md: 2,1.2778,pr: 3,"152 km N of Cruz Bay, U.S. Virgin Islands",earthquake: 0,18.83,0.11,6.0,pr,pr: 3,0-10 km: 0,shallow,minor,-59.70562,28.845531
878,12,4,2023-12-23 01:50:40,55.6706,-149.0842,10.0,3.3,ml: 3,2.991,us: 5,"291 km SE of Chiniak, Alaska",earthquake: 0,2.003,0.066,30.0,us,us: 5,0-10 km: 0,shallow,minor,-42.015907,37.31737
879,12,4,2023-12-23 02:46:54,-24.2102,-66.9047,214.658,4.2,mb: 0,1.713,us: 5,"59 km W of San Antonio de los Cobres, Argentina",earthquake: 0,10.028,0.159,11.0,us,us: 5,0-10 km: 0,intermediate,light,-41.567104,-14.61113
880,12,4,2023-12-23 03:09:00,32.5462,-101.1335,5.0,2.6,mb_lg: 1,0.58,us: 5,"23 km NNW of Westbrook, Texas",earthquake: 0,2.004,0.089,33.0,us,us: 5,0-10 km: 0,shallow,minor,-40.753128,40.441227
881,12,4,2023-12-23 03:23:47,42.0446,-126.5635,10.0,3.0,ml: 3,1.668,us: 5,"181 km W of Pistol River, Oregon",earthquake: 0,2.024,0.051,50.0,us,us: 5,0-10 km: 0,shallow,minor,-43.49575,38.045345
882,12,4,2023-12-23 03:48:39,19.6983,-68.7468,10.0,3.87,md: 2,0.6014,pr: 3,"82 km NE of Samaná, Dominican Republic",earthquake: 0,31.61,0.09,12.0,pr,pr: 3,0-10 km: 0,shallow,minor,-56.53588,28.247473
883,12,4,2023-12-23 04:15:31,43.2201,-71.4804,5.0,2.7,mb_lg: 1,0.662,us: 5,"4 km ENE of Concord, New Hampshire",earthquake: 0,1.943,0.142,13.0,us,us: 5,0-10 km: 0,shallow,minor,-39.095577,40.3572
884,12,4,2023-12-23 05:46:10,19.6423,-68.8905,53.0,3.64,md: 2,0.4614,pr: 3,"67 km NE of Samaná, Dominican Republic",earthquake: 0,22.96,0.08,4.0,pr,pr: 3,0-10 km: 0,shallow,minor,-58.291115,28.95166
885,12,4,2023-12-23 05:52:22,33.677166,-117.9731674,12.45,3.39,ml: 3,0.02616,ci: 0,"3 km SE of Huntington Beach, CA",earthquake: 0,0.54,0.4,20.0,ci,ci: 0,0-10 km: 0,shallow,minor,-84.60328,4.3138237
886,12,4,2023-12-23 06:21:46,51.2924,-175.4076,47.261,4.0,mb: 0,0.766,us: 5,"106 km SE of Adak, Alaska",earthquake: 0,11.991,0.089,34.0,us,us: 5,0-10 km: 0,shallow,light,-42.6138,28.468342
887,12,4,2023-12-23 06:42:47,51.5613,-176.7914,49.293,3.9,mb: 0,0.328,us: 5,"36 km SSW of Adak, Alaska",earthquake: 0,5.132,0.102,25.0,us,us: 5,0-10 km: 0,shallow,minor,-39.931637,27.335722
888,12,4,2023-12-23 06:46:54,31.4319,139.6037,9.237,4.5,mb: 0,1.688,us: 5,"Izu Islands, Japan region",earthquake: 0,4.842,0.111,24.0,us,us: 5,0-10 km: 0,shallow,light,25.190353,9.989828
889,12,4,2023-12-23 06:47:34,51.2175,-175.3338,32.904,4.0,mb: 0,0.854,us: 5,"116 km SE of Adak, Alaska",earthquake: 0,10.057,0.103,25.0,us,us: 5,0-10 km: 0,shallow,light,-41.853508,28.295345
890,12,4,2023-12-23 07:08:53,18.1913,-68.1815,97.0,3.5,md: 2,0.3795,pr: 3,"49 km SSE of Punta Cana, Dominican Republic",earthquake: 0,2.57,0.06,6.0,pr,pr: 3,0-10 km: 0,intermediate,minor,-67.62989,32.36086
891,12,4,2023-12-23 07:59:38,17.8905,-66.8765,14.49,2.84,md: 2,0.08413,pr: 3,"9 km SSE of Guánica, Puerto Rico",earthquake: 0,0.45,0.206855424721695,13.0,pr,pr: 3,0-10 km: 0,shallow,minor,-72.30463,27.805748
892,12,4,2023-12-23 08:02:33,17.8538333333333,-65.6163333333333,5.13,2.93,md: 2,0.3621,pr: 3,"31 km SSW of Esperanza, Puerto Rico",earthquake: 0,1.69,0.0779367646323728,9.0,pr,pr: 3,0-10 km: 0,shallow,minor,-69.94911,32.73612
893,12,4,2023-12-23 08:11:48,34.7724,62.1082,9.16,4.4,mb: 0,4.506,us: 5,"35 km ESE of Qarah Bāgh, Afghanistan",earthquake: 0,5.42,0.139,15.0,us,us: 5,0-10 km: 0,shallow,light,25.989279,7.1601424
894,12,4,2023-12-23 11:08:34,35.9911,-106.8844,10.358,2.8,ml: 3,1.1,us: 5,"7 km ESE of Cuba, New Mexico",earthquake: 0,8.5,0.074,28.0,us,us: 5,0-10 km: 0,shallow,minor,-44.17632,33.260582
895,12,4,2023-12-23 11:20:42,19.6025,-68.7798,9.0,3.78,md: 2,0.5144,pr: 3,"73 km NE of Samaná, Dominican Republic",earthquake: 0,1.45,0.06,7.0,pr,pr: 3,0-10 km: 0,shallow,minor,-67.980515,31.921318
896,12,4,2023-12-23 11:26:52,-15.5982,-72.5099,119.198,4.4,mb: 0,4.268,us: 5,"16 km NNW of Uñon, Peru",earthquake: 0,8.488,0.117,21.0,us,us: 5,0-10 km: 0,intermediate,light,-44.834618,-9.423068
897,12,4,2023-12-23 14:24:46,19.6388,-68.5415,13.0,3.76,md: 2,0.7349,pr: 3,"89 km NE of Miches, Dominican Republic",earthquake: 0,5.67,0.09,10.0,pr,pr: 3,0-10 km: 0,shallow,minor,-66.09501,30.414461
898,12,4,2023-12-23 14:45:45,-17.8361,-178.834,520.832,4.5,mb: 0,4.766,us: 5,"197 km E of Levuka, Fiji",earthquake: 0,5.271,0.067,65.0,us,us: 5,0-10 km: 0,deep,light,-8.362791,71.68153
899,12,4,2023-12-23 15:42:07,34.0121651,-116.3440018,2.41,3.11,ml: 3,0.06858,ci: 0,"14 km SSW of Joshua Tree, CA",earthquake: 0,0.4,0.235,17.0,ci,ci: 0,0-10 km: 0,shallow,minor,-85.04117,2.9725344
900,12,4,2023-12-23 17:25:10,18.7496,-64.6965,8.0,3.78,md: 2,0.3435,pr: 3,"47 km NNE of Cruz Bay, U.S. Virgin Islands",earthquake: 0,1.43,0.2,14.0,pr,pr: 3,0-10 km: 0,shallow,minor,-70.28046,27.660969
901,12,4,2023-12-23 17:46:36,17.9751666666667,-66.8171666666667,12.87,2.7,md: 2,0.0591,pr: 3,"2 km S of Indios, Puerto Rico",earthquake: 0,0.91,0.123715643017686,5.0,pr,pr: 3,0-10 km: 0,shallow,minor,-71.553894,31.088274
902,12,4,2023-12-23 20:11:06,18.1505,-66.8483333333333,21.83,2.79,md: 2,0.1314,pr: 3,"12 km N of Yauco, Puerto Rico",earthquake: 0,0.71,0.0147737844383817,6.0,pr,pr: 3,0-10 km: 0,shallow,minor,-68.97693,34.604168
903,12,4,2023-12-23 20:56:58,19.4866,-68.5706,116.0,3.96,md: 2,1.78,pr: 3,"74 km NE of Miches, Dominican Republic",earthquake: 0,9.76,0.04,5.0,pr,pr: 3,0-10 km: 0,intermediate,minor,-63.407833,30.474195
904,12,4,2023-12-23 21:07:51,22.6295,121.4004,18.77,4.2,mwr: 6,0.35,us: 5,"96 km NE of Hengchun, Taiwan",earthquake: 0,4.768,0.059,28.0,us,us: 5,0-10 km: 0,shallow,light,14.556278,-41.917732
905,12,4,2023-12-23 21:21:16,22.5989,121.3999,17.576,4.2,mwr: 6,0.367,us: 5,"94 km NE of Hengchun, Taiwan",earthquake: 0,4.082,0.058,29.0,us,us: 5,0-10 km: 0,shallow,light,14.57162,-41.979992
906,12,4,2023-12-24 02:10:11,19.0388,-67.4968,81.0,3.54,md: 2,0.9559,pr: 3,"73 km NW of San Antonio, Puerto Rico",earthquake: 0,10.33,0.08,7.0,pr,pr: 3,0-10 km: 0,intermediate,minor,-63.541477,30.16607
907,12,4,2023-12-24 02:35:35,17.9345,-66.832,12.33,2.9,md: 2,0.06042,pr: 3,"6 km SSW of Indios, Puerto Rico",earthquake: 0,0.41,0.235707950462765,11.0,pr,pr: 3,0-10 km: 0,shallow,minor,-72.56518,27.270002
908,12,4,2023-12-24 04:10:16,-38.0964,-74.038,10.0,4.3,mb: 0,1.506,us: 5,"63 km SSW of Lebu, Chile",earthquake: 0,1.961,0.218,6.0,us,us: 5,0-10 km: 0,shallow,light,-49.388885,-29.128088
909,12,4,2023-12-24 05:55:52,-38.0497,-73.9886,10.0,4.4,mb: 0,1.447,us: 5,"57 km SSW of Lebu, Chile",earthquake: 0,1.978,0.241,5.0,us,us: 5,0-10 km: 0,shallow,light,-49.381767,-28.704933
910,12,4,2023-12-24 06:00:00,-38.0828,-74.005,10.612,4.4,mwr: 6,1.482,us: 5,"61 km SSW of Lebu, Chile",earthquake: 0,5.62,0.065,23.0,us,us: 5,0-10 km: 0,shallow,light,64.70482,-45.4665
911,12,4,2023-12-24 08:12:27,6.262,-82.6732,10.0,4.3,mb: 0,3.979,us: 5,"197 km S of Burica, Panama",earthquake: 0,1.956,0.122,19.0,us,us: 5,0-10 km: 0,shallow,light,-33.228218,-5.417468
912,12,4,2023-12-24 08:57:42,18.2781666666667,-67.1425,25.03,2.98,md: 2,0.06288,pr: 3,"0 km SSW of Añasco, Puerto Rico",earthquake: 0,0.57,0.187966809574222,13.0,pr,pr: 3,0-10 km: 0,shallow,minor,-71.93781,28.17556
913,12,4,2023-12-24 09:23:56,18.1133333333333,-65.7496666666667,13.83,2.82,md: 2,0.09856,pr: 3,"5 km S of Punta Santiago, Puerto Rico",earthquake: 0,0.53,0.0413956344688775,4.0,pr,pr: 3,0-10 km: 0,shallow,minor,-69.44169,34.11416
914,12,4,2023-12-24 10:43:44,-6.2439,145.7579,115.275,4.4,mb: 0,3.434,us: 5,"12 km WNW of Kainantu, Papua New Guinea",earthquake: 0,8.126,0.126,18.0,us,us: 5,0-10 km: 0,intermediate,light,42.59255,16.338781
915,12,4,2023-12-24 11:09:31,44.4518,-115.2036,10.0,2.9,ml: 3,0.43,us: 5,"33 km NW of Stanley, Idaho",earthquake: 0,2.011,0.035,107.0,us,us: 5,0-10 km: 0,shallow,minor,-44.71566,37.780388
916,12,4,2023-12-24 12:44:29,52.2503,-173.5931,181.522,3.1,ml: 3,0.312,us: 5,"41 km E of Atka, Alaska",earthquake: 0,5.278,0.091,16.0,us,us: 5,0-10 km: 0,intermediate,minor,-38.175873,37.05776
917,12,4,2023-12-24 13:59:24,19.3706,-64.7826,58.0,3.93,md: 2,0.9695,pr: 3,"114 km N of Charlotte Amalie, U.S. Virgin Islands",earthquake: 0,13.99,0.14,5.0,pr,pr: 3,0-10 km: 0,shallow,minor,-61.81785,29.000313
918,12,4,2023-12-24 15:14:04,47.81966666666667,-122.96,52.39,4.04,ml: 3,0.03345,uw: 7,"6 km W of Quilcene, Washington",earthquake: 0,0.51,0.1851638898871073,104.0,uw,uw: 7,0-10 km: 0,shallow,light,-38.22546,41.870377
919,12,4,2023-12-24 22:30:52,41.3036667,-123.4595,36.49,2.92,md: 2,0.02538,nc: 1,"8 km S of Somes Bar, CA",earthquake: 0,0.38,0.213,56.0,nc,nc: 1,0-10 km: 0,shallow,minor,-87.41304,3.1880796
920,12,4,2023-12-24 23:19:55,43.3925,-127.6996,10.0,3.3,ml: 3,2.677,us: 5,"268 km W of Bandon, Oregon",earthquake: 0,2.026,0.048,58.0,us,us: 5,0-10 km: 0,shallow,minor,-43.592136,37.37606
921,12,4,2023-12-25 02:04:24,18.6241666666667,-66.6963333333333,6.85,2.78,md: 2,0.3701,pr: 3,"16 km N of Arecibo, Puerto Rico",earthquake: 0,2.13,0.123299045494936,6.0,pr,pr: 3,0-10 km: 0,shallow,minor,-71.292145,31.00402
922,12,4,2023-12-25 02:58:18,12.6143,-88.7465,35.0,4.4,mb: 0,0.944,us: 5,"77 km SSW of Puerto El Triunfo, El Salvador",earthquake: 0,1.956,0.041,173.0,us,us: 5,0-10 km: 0,shallow,light,-25.495777,48.8596
923,12,4,2023-12-25 03:20:32,-5.8158,147.9151,117.074,4.5,mb: 0,3.643,us: 5,"82 km N of Finschhafen, Papua New Guinea",earthquake: 0,7.623,0.108,25.0,us,us: 5,0-10 km: 0,intermediate,light,44.773228,28.823061
924,12,4,2023-12-25 03:50:46,34.1358333,-117.4358333,4.25,2.71,ml: 3,0.03625,ci: 0,"5 km NNE of Fontana, CA",earthquake: 0,0.35,0.174,24.0,ci,ci: 0,0-10 km: 0,shallow,minor,-85.35142,1.4594272
925,12,4,2023-12-25 04:21:59,19.7251,-65.4766,66.0,3.85,md: 2,1.5406,pr: 3,"148 km NNE of Suárez, Puerto Rico",earthquake: 0,16.98,0.17,6.0,pr,pr: 3,0-10 km: 0,shallow,minor,-60.65589,28.404503
926,12,4,2023-12-25 06:14:37,19.1577,-68.6842,10.0,3.2,ml: 3,0.701,us: 5,"42 km ENE of Miches, Dominican Republic",earthquake: 0,2.0,0.064,32.0,us,us: 5,0-10 km: 0,shallow,minor,-45.063255,39.94578
927,12,4,2023-12-25 07:49:48,13.5263,-91.6124,35.422,4.2,mb: 0,1.82,us: 5,"81 km SSW of Nueva Concepción, Guatemala",earthquake: 0,12.443,0.076,48.0,us,us: 5,0-10 km: 0,shallow,light,-44.404522,6.274109
928,12,4,2023-12-25 13:17:14,19.6211,-68.6946,56.0,3.8,md: 2,0.5945,pr: 3,"79 km NNE of Miches, Dominican Republic",earthquake: 0,28.17,0.11,7.0,pr,pr: 3,0-10 km: 0,shallow,minor,-57.109016,28.225838
929,12,4,2023-12-25 13:45:44,19.6001,-68.8365,81.0,3.83,md: 2,0.469,pr: 3,"68 km NE of Samaná, Dominican Republic",earthquake: 0,22.72,0.15,15.0,pr,pr: 3,0-10 km: 0,intermediate,minor,-58.719776,28.068632
930,12,4,2023-12-25 17:14:25,18.8533,-65.4771,14.0,4.17,md: 2,0.7177,pr: 3,"58 km NNE of Luquillo, Puerto Rico",earthquake: 0,1.91,0.12,14.0,pr,pr: 3,0-10 km: 0,shallow,light,-68.15116,29.128378
931,12,4,2023-12-25 17:26:54,29.7974,51.5212,10.0,4.2,mb: 0,6.378,us: 5,"23 km NNW of Kāzerūn, Iran",earthquake: 0,1.956,0.104,26.0,us,us: 5,0-10 km: 0,shallow,light,-23.198153,10.49242
932,12,4,2023-12-25 18:30:15,31.69,-104.298,7.7769,2.6,ml: 3,0.0,tx: 4,"54 km S of Whites City, New Mexico",earthquake: 0,0.86509778,0.1,18.0,tx,tx: 4,0-10 km: 0,shallow,minor,-74.31842,15.1223545
933,12,4,2023-12-25 18:38:07,12.9526,-88.7956,64.833,4.2,mb: 0,0.689,us: 5,"45 km SW of Puerto El Triunfo, El Salvador",earthquake: 0,7.564,0.08,44.0,us,us: 5,0-10 km: 0,shallow,light,-44.467964,3.7915244
934,12,4,2023-12-25 19:18:09,19.1046666666667,-66.4873333333333,19.68,3.26,md: 2,0.8666,pr: 3,"71 km N of Tierras Nuevas Poniente, Puerto Rico",earthquake: 0,4.07,0.0352379884552645,10.0,pr,pr: 3,0-10 km: 0,shallow,minor,-67.49306,33.073536
935,12,4,2023-12-25 20:37:07,19.0396666666667,-65.4721666666667,20.5,3.2,md: 2,0.8371,pr: 3,"77 km NNE of Vieques, Puerto Rico",earthquake: 0,24.94,0.0776480152154351,13.0,pr,pr: 3,0-10 km: 0,shallow,minor,-57.675358,28.988455
936,12,4,2023-12-25 23:39:41,54.9822,-160.412,45.565,3.6,mb: 0,0.37,us: 5,"39 km S of Sand Point, Alaska",earthquake: 0,12.115,0.249,4.0,us,us: 5,0-10 km: 0,shallow,minor,-35.32358,-18.336735
937,12,4,2023-12-26 00:49:33,54.6068,-159.8278,35.0,2.9,ml: 3,0.833,us: 5,"91 km SSE of Sand Point, Alaska",earthquake: 0,2.014,0.101,13.0,us,us: 5,0-10 km: 0,shallow,minor,-39.87107,38.413586
938,12,4,2023-12-26 01:57:12,43.1923,-126.7828,10.0,3.3,ml: 3,1.997,us: 5,"192 km W of Langlois, Oregon",earthquake: 0,2.01,0.038,90.0,us,us: 5,0-10 km: 0,shallow,minor,-44.29093,37.265396
939,12,4,2023-12-26 04:28:42,-26.3057,-70.9694,35.0,4.5,mb: 0,0.368,us: 5,"92 km W of Diego de Almagro, Chile",earthquake: 0,1.936,0.22,6.0,us,us: 5,0-10 km: 0,shallow,light,-49.4707,-28.705748
940,12,4,2023-12-26 06:20:10,35.7076667,-117.5148333,7.65,2.8,ml: 3,0.08548,ci: 0,"12 km WSW of Searles Valley, CA",earthquake: 0,0.57,0.138,25.0,ci,ci: 0,0-10 km: 0,shallow,minor,-85.78344,0.75329
941,12,4,2023-12-26 06:47:27,40.3896667,-125.4811667,10.06,3.04,ml: 3,0.8772,nc: 1,"102 km W of Petrolia, CA",earthquake: 0,31.61,0.197,11.0,nc,nc: 1,0-10 km: 0,shallow,minor,-57.04719,26.146456
942,12,4,2023-12-26 09:28:26,43.2701,-126.4961,10.0,3.3,ml: 3,1.836,us: 5,"170 km W of Bandon, Oregon",earthquake: 0,2.02,0.04,82.0,us,us: 5,0-10 km: 0,shallow,minor,-44.108845,37.288822
943,12,4,2023-12-26 10:35:12,19.0681666666667,-66.496,32.57,3.41,md: 2,0.6376,pr: 3,"67 km N of Tierras Nuevas Poniente, Puerto Rico",earthquake: 0,4.35,0.0863888593325355,14.0,pr,pr: 3,0-10 km: 0,shallow,minor,-66.692986,31.185545
944,12,4,2023-12-26 10:52:11,19.0303333333333,-64.577,12.33,3.18,md: 2,0.6083,pr: 3,"80 km NNE of Cruz Bay, U.S. Virgin Islands",earthquake: 0,5.76,0.180722615095381,3.0,pr,pr: 3,0-10 km: 0,shallow,minor,-66.91425,28.220348
945,12,4,2023-12-26 11:07:25,35.9273338,-117.6825027,2.19,3.0,ml: 3,0.1119,ci: 0,"20 km E of Little Lake, CA",earthquake: 0,0.45,0.251,24.0,ci,ci: 0,0-10 km: 0,shallow,minor,-84.9017,3.1858926
946,12,4,2023-12-26 11:23:29,18.6255,-64.8193333333333,10.07,3.29,md: 2,0.2782,pr: 3,"32 km N of Cruz Bay, U.S. Virgin Islands",earthquake: 0,1.88,0.0685359751598202,6.0,pr,pr: 3,0-10 km: 0,shallow,minor,-68.6561,32.439774
947,12,4,2023-12-26 11:48:00,35.9266663,-117.6819992,1.71,2.61,ml: 3,0.1124,ci: 0,"20 km E of Little Lake, CA",earthquake: 0,0.48,0.17,25.0,ci,ci: 0,0-10 km: 0,shallow,minor,-85.307495,1.2890692
948,12,4,2023-12-26 15:29:44,44.2103,-115.1176,14.903,2.9,ml: 3,0.221,us: 5,"14 km W of Stanley, Idaho",earthquake: 0,4.255,0.034,112.0,us,us: 5,0-10 km: 0,shallow,minor,-44.940174,36.48861
949,12,4,2023-12-26 16:11:30,10.9093,-70.4958,18.164,4.5,mb: 0,1.666,us: 5,"23 km ESE of Dabajuro, Venezuela",earthquake: 0,4.328,0.096,32.0,us,us: 5,0-10 km: 0,shallow,light,-35.201824,-1.7046295
950,12,4,2023-12-26 19:15:22,31.6215,-104.3846,10.0,2.6,ml: 3,0.11,us: 5,"61 km S of Whites City, New Mexico",earthquake: 0,1.97,0.051,72.0,us,us: 5,0-10 km: 0,shallow,minor,-44.09705,38.94208
951,12,4,2023-12-26 19:38:13,32.848,-100.979,6.0403,2.9,ml: 3,0.1,tx: 4,"15 km NNW of Snyder, Texas",earthquake: 0,2.140094077,0.1,11.0,tx,tx: 4,0-10 km: 0,shallow,minor,-73.149445,16.326185
952,12,4,2023-12-26 21:22:29,38.2994,22.0992,12.157,4.1,mb: 0,1.127,us: 5,"5 km NE of Rododáfni, Greece",earthquake: 0,5.758,0.158,11.0,us,us: 5,0-10 km: 0,shallow,light,-11.066424,-15.6039715
953,12,4,2023-12-26 21:27:43,31.5005,-114.3545,13.731,2.9,ml: 3,1.08,us: 5,"24 km SSE of Golfo de Santa Clara, Mexico",earthquake: 0,8.549,0.052,48.0,us,us: 5,0-10 km: 0,shallow,minor,-44.592693,33.59841
954,12,4,2023-12-26 23:43:48,33.8063,138.2475,273.255,4.4,mb: 0,0.871,us: 5,"88 km S of Ōyama, Japan",earthquake: 0,6.256,0.06,80.0,us,us: 5,0-10 km: 0,intermediate,light,6.262653,54.048325
955,12,4,2023-12-27 02:59:51,17.9523333333333,-66.894,11.27,2.91,md: 2,0.0266,pr: 3,"2 km SE of Guánica, Puerto Rico",earthquake: 0,0.39,0.0599949436662734,8.0,pr,pr: 3,0-10 km: 0,shallow,minor,-69.79218,33.4498
956,12,4,2023-12-27 03:45:09,18.9345,-64.518,5.0,3.58,md: 2,0.5291,pr: 3,"72 km NNE of Cruz Bay, U.S. Virgin Islands",earthquake: 0,5.15,0.15,6.0,pr,pr: 3,0-10 km: 0,shallow,minor,-66.80848,28.966759
957,12,4,2023-12-27 05:11:51,56.0211,-149.2873,13.703,3.8,ml: 3,2.527,us: 5,"254 km SE of Chiniak, Alaska",earthquake: 0,8.231,0.059,38.0,us,us: 5,0-10 km: 0,shallow,minor,-45.01655,31.966864
958,12,4,2023-12-27 05:32:44,43.4622,16.286,10.0,2.7,ml: 3,1.44,us: 5,"3 km SSE of Okrug Gornji, Croatia",earthquake: 0,1.99,0.055,44.0,us,us: 5,0-10 km: 0,shallow,minor,-43.934887,39.712063
959,12,4,2023-12-27 05:37:35,54.7742,-164.1098,9.333,3.6,mb: 0,0.01,us: 5,"45 km WSW of False Pass, Alaska",earthquake: 0,5.633,0.224,5.0,us,us: 5,0-10 km: 0,shallow,minor,-34.51289,-18.089865
960,12,4,2023-12-27 06:16:44,53.5173,-165.067,41.326,4.2,mb: 0,0.746,us: 5,"83 km SE of Akutan, Alaska",earthquake: 0,14.743,0.303,3.0,us,us: 5,0-10 km: 0,shallow,light,-36.154606,-18.61503
961,12,4,2023-12-27 06:16:58,53.6129,-165.2554,57.524,4.5,mb: 0,0.778,us: 5,"67 km SSE of Akutan, Alaska",earthquake: 0,7.744,0.113,23.0,us,us: 5,0-10 km: 0,shallow,light,-40.196518,27.964218
962,12,4,2023-12-27 08:02:37,53.5872,-165.3392,35.0,3.8,ml: 3,0.739,us: 5,"67 km SSE of Akutan, Alaska",earthquake: 0,2.009,0.091,16.0,us,us: 5,0-10 km: 0,shallow,minor,-40.194347,35.800854
963,12,4,2023-12-27 08:41:35,17.516,-67.477,15.35,3.2,md: 2,0.6004,pr: 3,"59 km SSW of Pole Ojea, Puerto Rico",earthquake: 0,17.01,0.0820704095451248,6.0,pr,pr: 3,0-10 km: 0,shallow,minor,-60.021942,29.649065
964,12,4,2023-12-27 09:00:05,38.6829,73.6314,102.29,4.2,mb: 0,1.632,us: 5,"64 km NNW of Murghob, Tajikistan",earthquake: 0,4.752,0.176,9.0,us,us: 5,0-10 km: 0,intermediate,light,28.609657,3.8837059
965,12,4,2023-12-27 11:01:01,64.9703,-164.2119,7.653,3.0,ml: 3,0.643,us: 5,"47 km NNE of Solomon, Alaska",earthquake: 0,6.841,0.056,42.0,us,us: 5,0-10 km: 0,shallow,minor,-44.616776,32.8334
966,12,4,2023-12-27 11:36:10,-16.7783,168.8281,221.204,4.5,mb: 0,5.802,us: 5,"119 km NNE of Port-Vila, Vanuatu",earthquake: 0,14.657,0.119,21.0,us,us: 5,0-10 km: 0,intermediate,light,43.181293,18.220503
967,12,4,2023-12-27 12:08:20,35.9290009,-117.6798325,2.11,3.08,ml: 3,0.1137,ci: 0,"20 km E of Little Lake, CA",earthquake: 0,0.39,0.25,25.0,ci,ci: 0,0-10 km: 0,shallow,minor,-84.94424,3.2031949
968,12,4,2023-12-27 12:10:49,8.1926,-103.77,10.0,4.4,mb: 0,10.603,us: 5,northern East Pacific Rise,earthquake: 0,1.977,0.09,36.0,us,us: 5,10-20 km: 1,shallow,light,-33.95127,-3.04847
969,12,4,2023-12-27 13:19:44,35.9228333,-117.6858333,2.36,2.94,ml: 3,0.1102,ci: 0,"20 km E of Little Lake, CA",earthquake: 0,0.4,0.218,27.0,ci,ci: 0,0-10 km: 0,shallow,minor,-85.15724,2.5690122
970,12,4,2023-12-27 17:22:35,2.6567,128.6047,224.723,4.4,mb: 0,2.244,us: 5,"122 km NNE of Tobelo, Indonesia",earthquake: 0,7.518,0.1,29.0,us,us: 5,0-10 km: 0,intermediate,light,45.962215,34.028584
971,12,4,2023-12-27 17:25:29,35.9269981,-117.6825027,2.18,3.22,ml: 3,0.112,ci: 0,"20 km E of Little Lake, CA",earthquake: 0,0.44,0.28,23.0,ci,ci: 0,0-10 km: 0,shallow,minor,-84.77978,3.5932581
972,12,4,2023-12-27 18:21:30,31.641,-104.275,6.4915,2.8,ml: 3,0.0,tx: 4,"58 km NW of Toyah, Texas",earthquake: 0,0.8215990348,0.1,29.0,tx,tx: 4,0-10 km: 0,shallow,minor,-73.47355,14.911125
973,12,4,2023-12-27 18:56:08,43.4502,16.2809,10.0,3.5,ml: 3,1.452,us: 5,"5 km SSE of Okrug Gornji, Croatia",earthquake: 0,1.982,0.052,48.0,us,us: 5,0-10 km: 0,shallow,minor,-46.19485,39.685535
974,12,4,2023-12-27 19:11:41,35.9253333,-117.6858333,2.42,2.88,ml: 3,0.1097,ci: 0,"20 km E of Little Lake, CA",earthquake: 0,0.39,0.174,26.0,ci,ci: 0,0-10 km: 0,shallow,minor,-85.56491,1.6115214
975,12,4,2023-12-27 19:25:33,51.37,-178.9894,28.146,3.3,ml: 3,0.214,us: 5,"172 km WSW of Adak, Alaska",earthquake: 0,12.784,0.081,20.0,us,us: 5,0-10 km: 0,shallow,minor,-45.00251,29.621143
976,12,4,2023-12-27 19:26:30,51.3546,-178.8856,25.571,3.2,ml: 3,0.204,us: 5,"166 km WSW of Adak, Alaska",earthquake: 0,7.733,0.091,16.0,us,us: 5,0-10 km: 0,shallow,minor,-44.404255,31.95593
977,12,4,2023-12-27 19:56:19,34.465,62.1217,7.508,4.3,mb: 0,4.737,us: 5,"14 km NNW of Herāt, Afghanistan",earthquake: 0,5.249,0.093,33.0,us,us: 5,0-10 km: 0,shallow,light,3.4400864,23.539469
978,12,4,2023-12-27 20:05:40,35.2355,-120.784,6.22,3.07,ml: 3,0.003138,nc: 1,"8 km NW of Avila Beach, CA",earthquake: 0,0.2,0.16,23.0,nc,nc: 1,0-10 km: 0,shallow,minor,-87.73406,2.6356652
979,12,4,2023-12-27 23:01:07,19.1081666666667,-68.527,29.9,3.43,md: 2,0.6065,pr: 3,"52 km NNE of Otra Banda, Dominican Republic",earthquake: 0,12.35,0.159075862259537,7.0,pr,pr: 3,0-10 km: 0,shallow,minor,-62.17853,28.894512
980,12,4,2023-12-28 00:14:44,-24.196,-67.0941,215.021,4.5,mb: 0,1.589,us: 5,"78 km W of San Antonio de los Cobres, Argentina",earthquake: 0,9.848,0.164,11.0,us,us: 5,0-10 km: 0,intermediate,light,-41.605793,-14.646216
981,12,4,2023-12-28 01:29:49,65.0073,-164.2263,5.0,3.5,ml: 3,0.663,us: 5,"50 km NNE of Solomon, Alaska",earthquake: 0,2.004,0.059,38.0,us,us: 5,0-10 km: 0,shallow,minor,-42.080093,36.893333
982,12,4,2023-12-28 03:42:05,17.8963333333333,-66.9043333333333,9.14,2.68,md: 2,0.07557,pr: 3,"8 km S of Guánica, Puerto Rico",earthquake: 0,0.91,0.0798389296228974,5.0,pr,pr: 3,0-10 km: 0,shallow,minor,-70.67108,32.932697
983,12,4,2023-12-28 06:51:59,10.9262,-70.4706,18.009,4.4,mb: 0,1.68,us: 5,"25 km ESE of Dabajuro, Venezuela",earthquake: 0,6.733,0.179,11.0,us,us: 5,0-10 km: 0,shallow,light,-33.71939,-13.617298
984,12,4,2023-12-28 07:00:41,40.415,-125.2471667,10.0,3.75,ml: 3,0.6969,nc: 1,"82 km W of Petrolia, CA",earthquake: 0,31.61,0.18,90.0,nc,nc: 1,0-10 km: 0,shallow,minor,-57.048714,26.173779
985,12,4,2023-12-28 07:03:51,-6.8929,125.761,514.425,4.4,mb: 0,6.262,us: 5,"181 km N of Metinaro, Timor Leste",earthquake: 0,11.869,0.149,15.0,us,us: 5,0-10 km: 0,deep,light,5.5041723,64.677704
986,12,4,2023-12-28 07:50:03,19.1298,-66.5138,24.0,3.73,md: 2,0.8919,pr: 3,"73 km N of Tierras Nuevas Poniente, Puerto Rico",earthquake: 0,25.83,0.09,10.0,pr,pr: 3,0-10 km: 0,shallow,minor,-57.583435,28.55231
987,12,4,2023-12-28 09:22:44,-21.1714,-68.4895,144.482,4.3,mb: 0,0.937,us: 5,"25 km WNW of Ollagüe, Chile",earthquake: 0,8.177,0.147,13.0,us,us: 5,0-10 km: 0,intermediate,light,-42.67187,-13.964839
988,12,4,2023-12-28 09:34:07,38.2026,38.0774,10.0,4.5,mb: 0,0.912,us: 5,"17 km SSE of Akçadağ, Turkey",earthquake: 0,1.936,0.121,20.0,us,us: 5,0-10 km: 0,shallow,light,-24.799376,13.485464
989,12,4,2023-12-28 10:07:44,44.4657,149.0921,44.562,4.5,mb: 0,4.679,us: 5,"127 km SE of Kuril’sk, Russia",earthquake: 0,4.717,0.06,82.0,us,us: 5,0-10 km: 0,shallow,light,6.8816094,37.345055
990,12,4,2023-12-28 10:40:34,36.3145,28.3733,69.409,4.3,mb: 0,0.227,us: 5,"15 km E of Faliraki, Greece",earthquake: 0,8.137,0.108,24.0,us,us: 5,0-10 km: 0,shallow,light,21.990864,5.802218
991,12,4,2023-12-28 11:11:04,19.0611,-64.5831,13.0,3.52,md: 2,0.6471,pr: 3,"83 km NNE of Cruz Bay, U.S. Virgin Islands",earthquake: 0,13.31,0.12,6.0,pr,pr: 3,0-10 km: 0,shallow,minor,-61.900703,29.343311
992,12,4,2023-12-28 11:14:27,17.9198333333333,-66.8401666666667,10.14,2.74,md: 2,0.06634,pr: 3,"8 km SE of Maria Antonia, Puerto Rico",earthquake: 0,1.48,0.10863454528611,5.0,pr,pr: 3,0-10 km: 0,shallow,minor,-71.12513,31.653254
993,12,4,2023-12-28 12:03:26,40.4025,-125.1083333,10.0,3.5,ml: 3,0.5929,nc: 1,"70 km W of Petrolia, CA",earthquake: 0,31.61,0.188,62.0,nc,nc: 1,0-10 km: 0,shallow,minor,-57.045227,26.165548
994,12,4,2023-12-28 14:17:22,18.1761,-68.597,138.0,3.84,md: 2,0.4007,pr: 3,"22 km S of Boca de Yuma, Dominican Republic",earthquake: 0,2.41,0.2,9.0,pr,pr: 3,0-10 km: 0,intermediate,minor,-69.9244,27.589825
995,12,4,2023-12-28 14:37:22,32.125,-101.054,8.1923,2.9,ml: 3,0.2,tx: 4,"25 km S of Westbrook, Texas",earthquake: 0,2.292157945,0.1,19.0,tx,tx: 4,0-10 km: 0,shallow,minor,-73.17387,16.371874
996,12,4,2023-12-28 14:49:23,27.8244,129.0247,55.429,4.5,mb: 0,1.19,us: 5,"12 km E of Amagi, Japan",earthquake: 0,8.193,0.108,25.0,us,us: 5,0-10 km: 0,shallow,light,15.171351,29.059755
997,12,4,2023-12-28 15:44:10,29.312,-97.456,0.0245,2.6,ml: 3,0.1,tx: 4,"18 km ENE of Smiley, Texas",earthquake: 0,1.674869089,0.1,13.0,tx,tx: 4,0-10 km: 0,shallow,minor,-74.408295,16.006657
998,12,4,2023-12-28 16:46:22,-17.4457,-178.8035,553.357,4.5,mb: 0,3.013,us: 5,"210 km ENE of Levuka, Fiji",earthquake: 0,9.488,0.094,33.0,us,us: 5,0-10 km: 0,deep,light,-8.323166,75.337265
999,12,4,2023-12-28 18:25:41,18.2408333333333,-64.1676666666667,80.33,3.27,md: 2,0.4655,pr: 3,"66 km E of Cruz Bay, U.S. Virgin Islands",earthquake: 0,4.81,0.134695362409894,4.0,pr,pr: 3,0-10 km: 0,intermediate,minor,-66.96208,29.200064
1000,12,4,2023-12-28 18:35:33,19.2121666666667,-64.482,16.71,3.3,md: 2,0.7986,pr: 3,"102 km NNE of Cruz Bay, U.S. Virgin Islands",earthquake: 0,7.24,0.118963060806915,3.0,pr,pr: 3,0-10 km: 0,shallow,minor,-65.41703,29.943544
1001,12,4,2023-12-28 22:44:58,-1.758,-78.0803,165.053,4.2,mb: 0,0.269,us: 5,"14 km WSW of Palora, Ecuador",earthquake: 0,8.036,0.215,6.0,us,us: 5,0-10 km: 0,intermediate,light,-42.69803,-16.374882
1002,12,4,2023-12-28 22:48:26,1.1713,126.3557,54.266,4.3,mb: 0,1.086,us: 5,"121 km WNW of Ternate, Indonesia",earthquake: 0,10.371,0.138,15.0,us,us: 5,0-10 km: 0,shallow,light,44.723965,0.8520718
1003,12,4,2023-12-29 00:24:49,-20.6414,-177.8406,385.668,4.5,mb: 0,2.521,us: 5,"270 km WNW of Houma, Tonga",earthquake: 0,6.819,0.085,40.0,us,us: 5,0-10 km: 0,deep,light,-5.3633933,70.3458
1004,12,4,2023-12-29 00:34:01,-14.6603,167.2496,112.868,4.4,mb: 0,6.503,us: 5,"46 km NNE of Port-Olry, Vanuatu",earthquake: 0,12.953,0.179,9.0,us,us: 5,0-10 km: 0,intermediate,light,40.909054,-2.6459699
1005,12,4,2023-12-29 03:57:53,32.377,-115.5388333,0.01,2.72,ml: 3,0.1643,ci: 0,"23 km S of Progreso, B.C., MX",earthquake: 0,0.79,0.216,27.0,ci,ci: 0,0-10 km: 0,shallow,minor,-84.92521,2.3466573
1006,12,4,2023-12-29 07:10:11,38.814,-122.7988333,2.08,3.41,ml: 3,0.006625,nc: 1,"6 km NW of The Geysers, CA",earthquake: 0,0.12,0.145,138.0,nc,nc: 1,0-10 km: 0,shallow,minor,-88.47692,2.0579703
1007,12,4,2023-12-29 07:19:06,31.6458,-104.4022,5.0,2.6,ml: 3,0.087,us: 5,"58 km S of Whites City, New Mexico",earthquake: 0,1.96,0.051,51.0,us,us: 5,0-10 km: 0,shallow,minor,-43.966835,39.100212
1008,12,4,2023-12-29 08:36:23,-22.3789,-67.7834,194.668,4.3,mb: 0,0.677,us: 5,"72 km NE of San Pedro de Atacama, Chile",earthquake: 0,12.07,0.217,6.0,us,us: 5,0-10 km: 0,intermediate,light,-41.01963,-16.588238
1009,12,4,2023-12-29 11:20:32,19.0381666666667,-66.4971666666667,12.1,3.21,md: 2,0.8093,pr: 3,"63 km N of Tierras Nuevas Poniente, Puerto Rico",earthquake: 0,8.9,0.0752500524598578,7.0,pr,pr: 3,0-10 km: 0,shallow,minor,-64.604836,30.669735
1010,12,4,2023-12-29 12:15:13,-23.4006,-179.5084,550.904,4.3,mb: 0,4.563,us: 5,south of the Fiji Islands,earthquake: 0,9.196,0.125,19.0,us,us: 5,0-10 km: 0,deep,light,-7.26628,76.199936
1011,12,4,2023-12-29 21:11:26,19.1366666666667,-66.515,28.86,3.23,md: 2,0.9004,pr: 3,"74 km N of Tierras Nuevas Poniente, Puerto Rico",earthquake: 0,9.07,0.0761414976813297,5.0,pr,pr: 3,0-10 km: 0,shallow,minor,-64.48594,30.597607
1012,12,4,2023-12-29 21:48:25,32.762,-100.644,6.5783,2.9,ml: 3,0.1,tx: 4,"17 km NE of Hermleigh, Texas",earthquake: 0,1.009609978,0.1,16.0,tx,tx: 4,0-10 km: 0,shallow,minor,-73.0314,15.581318
1013,12,4,2023-12-29 23:06:11,18.9493333333333,-65.1253333333333,34.63,3.43,md: 2,0.615,pr: 3,"70 km NNW of Charlotte Amalie, U.S. Virgin Islands",earthquake: 0,3.85,0.0301832076681687,6.0,pr,pr: 3,0-10 km: 0,shallow,minor,-67.44142,32.995785
1014,12,4,2023-12-29 23:17:18,18.9786666666667,-65.1178333333333,23.75,2.92,md: 2,0.6414,pr: 3,"73 km NNW of Charlotte Amalie, U.S. Virgin Islands",earthquake: 0,25.12,0.0831491376075424,3.0,pr,pr: 3,0-10 km: 0,shallow,minor,-57.50738,29.044128
1015,1,1,2023-01-01 03:16:14,-6.7065,155.232,35.0,5.4,mww: 7,3.946,us: 5,"51 km SSW of Panguna, Papua New Guinea",earthquake: 0,1.77,0.098,10.0,us,us: 5,0-10 km: 0,shallow,moderate,42.23947,-26.734152
1016,1,1,2023-01-01 05:27:09,17.4535,93.4248,39.85,4.7,mb: 0,3.459,us: 5,"157 km WNW of Pathein, Myanmar",earthquake: 0,7.199,0.097,33.0,us,us: 5,0-10 km: 0,shallow,light,47.08545,17.814114
1017,1,1,2023-01-01 06:39:45,36.5374,70.9078,187.282,4.8,mb: 0,2.506,us: 5,"36 km S of Jurm, Afghanistan",earthquake: 0,5.592,0.04,194.0,us,us: 5,0-10 km: 0,intermediate,light,3.3076355,45.390106
1018,1,1,2023-01-01 12:18:59,-23.0742,-68.9221,106.733,4.8,mwr: 6,0.696,us: 5,"68 km S of Calama, Chile",earthquake: 0,4.252,0.057,30.0,us,us: 5,0-10 km: 0,intermediate,light,62.572037,-44.466816
1019,1,1,2023-01-01 16:24:27,-25.2057,178.5092,595.724,5.1,mb: 0,7.041,us: 5,south of the Fiji Islands,earthquake: 0,6.692,0.039,213.0,us,us: 5,0-10 km: 0,deep,moderate,1.7660314,60.736637
1020,1,1,2023-01-01 17:58:51,-13.8596,166.5448,10.0,4.6,mb: 0,6.995,us: 5,"108 km W of Sola, Vanuatu",earthquake: 0,1.913,0.173,12.0,us,us: 5,0-10 km: 0,shallow,light,-8.365677,-25.248766
1021,1,1,2023-01-01 18:20:53,-60.8195,-51.0213,11.175,4.7,mb: 0,3.926,us: 5,Scotia Sea,earthquake: 0,4.226,0.13,18.0,us,us: 5,0-10 km: 0,shallow,light,-31.955822,-50.285126
1022,1,1,2023-01-01 18:24:32,-2.5533,140.8007,30.83,5.5,mww: 7,0.104,us: 5,"9 km ESE of Jayapura, Indonesia",earthquake: 0,4.07,0.068,21.0,us,us: 5,0-10 km: 0,shallow,moderate,34.534378,-24.029783
1023,1,1,2023-01-01 18:26:42,-56.2415,-123.5343,10.0,5.8,mww: 7,29.414,us: 5,southern East Pacific Rise,earthquake: 0,1.725,0.083,14.0,us,us: 5,20-30 km: 2,shallow,moderate,62.644432,-27.512129
1024,1,1,2023-01-01 18:55:09,40.6042,-29.1424,10.0,4.7,mb: 0,3.993,us: 5,Azores Islands region,earthquake: 0,1.856,0.07,62.0,us,us: 5,0-10 km: 0,shallow,light,-25.71308,21.823277
1025,1,1,2023-01-02 05:28:07,36.2865,21.8713,35.0,4.6,mb: 0,0.891,us: 5,"56 km S of Koróni, Greece",earthquake: 0,1.92,0.055,97.0,us,us: 5,0-10 km: 0,shallow,light,-19.509447,28.287739
1026,1,1,2023-01-02 05:48:25,-59.7984,-26.2746,35.0,4.8,mb: 0,7.842,us: 5,South Sandwich Islands region,earthquake: 0,1.905,0.085,43.0,us,us: 5,0-10 km: 0,shallow,light,-27.928375,-46.42428
1027,1,1,2023-01-02 07:10:12,40.5766,-29.3138,10.0,4.7,mb: 0,1.643,us: 5,"198 km NE of Santa Cruz das Flores, Portugal",earthquake: 0,1.832,0.048,134.0,us,us: 5,0-10 km: 0,shallow,light,-22.73419,30.960526
1028,1,1,2023-01-02 07:20:26,40.4756,-29.3491,10.0,5.3,mww: 7,1.568,us: 5,Azores Islands region,earthquake: 0,1.829,0.041,56.0,us,us: 5,0-10 km: 0,shallow,moderate,22.546806,-59.59238
1029,1,1,2023-01-02 08:02:57,-63.3921,171.223,10.0,4.6,mb: 0,10.921,us: 5,Balleny Islands region,earthquake: 0,1.956,0.141,15.0,us,us: 5,10-20 km: 1,shallow,light,-10.63681,-37.355064
1030,1,1,2023-01-02 08:59:40,-6.7418,144.6436,40.72,4.9,mb: 0,3.634,us: 5,"New Guinea, Papua New Guinea",earthquake: 0,6.683,0.08,49.0,us,us: 5,0-10 km: 0,shallow,light,33.763096,33.629566
1031,1,1,2023-01-02 10:39:59,5.4686,97.1178,10.0,5.0,mb: 0,0.293,us: 5,"32 km N of Lhokseumawe, Indonesia",earthquake: 0,1.748,0.107,28.0,us,us: 5,0-10 km: 0,shallow,moderate,-6.3829675,-4.6748652
1032,1,1,2023-01-02 13:18:34,-20.4977,-178.4537,572.291,4.6,mb: 0,3.113,us: 5,Fiji region,earthquake: 0,6.667,0.057,92.0,us,us: 5,0-10 km: 0,deep,light,-9.417167,71.06582
1033,1,1,2023-01-02 14:46:16,-19.9514,-174.3869,63.161,4.8,mb: 0,1.434,us: 5,"15 km SSW of Pangai, Tonga",earthquake: 0,7.995,0.168,11.0,us,us: 5,0-10 km: 0,shallow,light,-49.56679,-16.164352
1034,1,1,2023-01-02 16:05:17,-65.2429,179.2554,10.015,4.9,mb: 0,13.214,us: 5,Balleny Islands region,earthquake: 0,3.655,0.139,16.0,us,us: 5,10-20 km: 1,shallow,light,-10.092676,-37.497982
1035,1,1,2023-01-02 18:22:47,45.9418,150.8008,109.233,5.3,mww: 7,5.649,us: 5,"241 km ENE of Kuril’sk, Russia",earthquake: 0,4.114,0.071,19.0,us,us: 5,0-10 km: 0,intermediate,moderate,17.553246,-34.82982
1036,1,1,2023-01-02 19:25:14,30.2167,-41.9612,10.0,5.2,mww: 7,15.561,us: 5,northern Mid-Atlantic Ridge,earthquake: 0,1.791,0.056,31.0,us,us: 5,10-20 km: 1,shallow,moderate,49.430737,-53.424595
1037,1,1,2023-01-02 21:37:26,40.5483,-29.3131,10.0,4.9,mb: 0,4.05,us: 5,"196 km NE of Santa Cruz das Flores, Portugal",earthquake: 0,1.84,0.052,116.0,us,us: 5,0-10 km: 0,shallow,light,-22.690311,30.073185
1038,1,1,2023-01-02 22:09:38,8.4519,126.9002,35.0,4.9,mww: 7,1.897,us: 5,"60 km ENE of Barcelona, Philippines",earthquake: 0,1.829,0.093,11.0,us,us: 5,0-10 km: 0,shallow,light,28.341904,-28.699806
1039,1,1,2023-01-02 23:01:13,31.1665,141.7623,10.0,5.2,mww: 7,2.551,us: 5,"Izu Islands, Japan region",earthquake: 0,1.815,0.078,16.0,us,us: 5,0-10 km: 0,shallow,moderate,24.034985,-45.692616
1040,1,1,2023-01-03 01:17:26,-23.3486,-174.5472,10.0,4.7,mb: 0,2.252,us: 5,Tonga region,earthquake: 0,1.883,0.208,7.0,us,us: 5,0-10 km: 0,shallow,light,-52.26124,-27.514278
1041,1,1,2023-01-03 04:51:43,-56.2277,-122.47,10.0,4.6,mb: 0,33.954,us: 5,southern East Pacific Rise,earthquake: 0,1.851,0.137,16.0,us,us: 5,30-40 km: 3,shallow,light,-40.14887,-36.359024
1042,1,1,2023-01-03 07:08:35,40.2108,142.6435,35.0,5.1,mww: 7,1.336,us: 5,"86 km NE of Miyako, Japan",earthquake: 0,1.814,0.083,14.0,us,us: 5,0-10 km: 0,shallow,moderate,21.020237,-43.874977
1043,1,1,2023-01-03 09:32:25,-3.9229,133.3247,10.0,4.9,mb: 0,1.465,us: 5,"199 km NNE of Tual, Indonesia",earthquake: 0,1.866,0.077,53.0,us,us: 5,0-10 km: 0,shallow,light,4.7790494,-2.5562584
1044,1,1,2023-01-03 09:54:06,-2.4806,140.8033,25.295,4.6,mb: 0,8.556,us: 5,"near the north coast of Papua, Indonesia",earthquake: 0,4.681,0.089,40.0,us,us: 5,0-10 km: 0,shallow,light,29.62979,24.182823
1045,1,1,2023-01-03 09:58:25,-40.9602,-88.0226,10.0,4.8,mb: 0,10.337,us: 5,West Chile Rise,earthquake: 0,1.971,0.067,68.0,us,us: 5,10-20 km: 1,shallow,light,-31.579205,-31.021057
1046,1,1,2023-01-03 11:43:09,10.3251,125.8803,57.036,5.1,mb: 0,3.248,us: 5,"33 km E of Loreto, Philippines",earthquake: 0,5.673,0.044,170.0,us,us: 5,0-10 km: 0,shallow,moderate,22.61484,47.54185
1047,1,1,2023-01-03 12:55:30,-2.4745,140.8809,10.0,5.1,mww: 7,0.181,us: 5,"19 km ENE of Jayapura, Indonesia",earthquake: 0,1.844,0.098,10.0,us,us: 5,0-10 km: 0,shallow,moderate,40.533382,-23.142467
1048,1,1,2023-01-03 13:09:08,-65.1631,179.2943,10.0,5.5,mww: 7,13.499,us: 5,Balleny Islands region,earthquake: 0,1.778,0.073,18.0,us,us: 5,10-20 km: 1,shallow,moderate,50.296944,-24.218187
1049,1,1,2023-01-03 13:55:56,12.8244,-90.1479,10.0,4.6,mb: 0,1.069,us: 5,off the coast of Central America,earthquake: 0,1.834,0.038,203.0,us,us: 5,0-10 km: 0,shallow,light,-24.453936,48.996655
1050,1,1,2023-01-03 14:53:33,-65.4071,178.8954,10.0,5.6,mww: 7,13.023,us: 5,Balleny Islands region,earthquake: 0,1.826,0.083,14.0,us,us: 5,10-20 km: 1,shallow,moderate,50.298992,-24.296963
1051,1,1,2023-01-03 15:31:33,-2.8884,134.2964,9.754,4.6,mb: 0,2.045,us: 5,"143 km WNW of Nabire, Indonesia",earthquake: 0,4.632,0.09,37.0,us,us: 5,0-10 km: 0,shallow,light,29.760973,23.585102
1052,1,1,2023-01-03 15:46:16,-2.9351,134.2411,10.49,4.6,mb: 0,1.99,us: 5,"Near the north coast of Papua, Indonesia",earthquake: 0,4.188,0.098,31.0,us,us: 5,0-10 km: 0,shallow,light,30.684286,21.360037
1053,1,1,2023-01-03 16:00:51,-4.6561,152.5,66.53,4.6,mb: 0,0.571,us: 5,"43 km SE of Kokopo, Papua New Guinea",earthquake: 0,3.195,0.092,35.0,us,us: 5,0-10 km: 0,shallow,light,15.901686,11.766329
1054,1,1,2023-01-03 16:39:23,-37.6553,175.7164,10.0,5.0,mww: 7,0.186,us: 5,North Island of New Zealand,earthquake: 0,1.78,0.098,10.0,us,us: 5,0-10 km: 0,shallow,moderate,46.73071,-24.053389
1055,1,1,2023-01-03 17:55:42,-2.4465,140.7623,14.313,4.9,mb: 0,0.089,us: 5,"10 km NNE of Jayapura, Indonesia",earthquake: 0,3.562,0.075,63.0,us,us: 5,0-10 km: 0,shallow,light,24.155825,28.302322
1056,1,1,2023-01-03 17:57:09,-2.6188,140.5861,25.145,4.6,mb: 0,0.157,us: 5,"5 km WSW of Abepura, Indonesia",earthquake: 0,5.124,0.119,24.0,us,us: 5,0-10 km: 0,shallow,light,33.181377,19.01376
1057,1,1,2023-01-03 18:19:25,0.8467,-29.2475,10.0,5.5,mww: 7,9.386,us: 5,central Mid-Atlantic Ridge,earthquake: 0,1.697,0.051,37.0,us,us: 5,0-10 km: 0,shallow,moderate,50.090675,-48.869335
1058,1,1,2023-01-03 21:52:08,-57.7447,-25.3787,33.147,5.3,mww: 7,16.784,us: 5,South Sandwich Islands region,earthquake: 0,3.384,0.093,11.0,us,us: 5,10-20 km: 1,shallow,moderate,59.97253,-24.21153
1059,1,1,2023-01-03 22:30:32,-58.5854,-25.1398,30.097,4.6,mb: 0,15.968,us: 5,South Sandwich Islands region,earthquake: 0,2.69,0.122,20.0,us,us: 5,10-20 km: 1,shallow,light,-33.522133,-45.24204
1060,1,1,2023-01-03 23:58:40,-57.7446,-25.1755,31.656,5.0,mb: 0,16.739,us: 5,South Sandwich Islands region,earthquake: 0,4.368,0.084,45.0,us,us: 5,10-20 km: 1,shallow,moderate,-27.233868,-51.547794
1061,1,1,2023-01-04 01:39:41,-2.4752,140.7244,22.365,4.9,mb: 0,0.044,us: 5,"6 km N of Jayapura, Indonesia",earthquake: 0,4.802,0.078,52.0,us,us: 5,0-10 km: 0,shallow,light,26.27854,28.773531
1062,1,1,2023-01-04 02:02:10,0.0764,170.0324,10.0,5.0,mww: 7,15.676,us: 5,"Gilbert Islands, Kiribati region",earthquake: 0,1.811,0.093,11.0,us,us: 5,10-20 km: 1,shallow,moderate,40.699177,-22.733852
1063,1,1,2023-01-04 02:07:59,53.8855,-35.0411,10.0,5.4,mww: 7,9.173,us: 5,Reykjanes Ridge,earthquake: 0,1.751,0.039,63.0,us,us: 5,0-10 km: 0,shallow,moderate,22.83225,-60.58045
1064,1,1,2023-01-04 02:25:04,53.94,-35.0776,10.0,4.7,mb: 0,9.116,us: 5,Reykjanes Ridge,earthquake: 0,1.775,0.038,212.0,us,us: 5,0-10 km: 0,shallow,light,-24.383581,32.804897
1065,1,1,2023-01-04 03:22:07,-1.0394,98.3047,15.181,4.6,mb: 0,2.439,us: 5,"207 km WSW of Pariaman, Indonesia",earthquake: 0,4.235,0.141,15.0,us,us: 5,0-10 km: 0,shallow,light,32.878826,17.005232
1066,1,1,2023-01-04 04:04:51,-2.4665,140.909,12.704,4.6,mb: 0,0.21,us: 5,"22 km ENE of Jayapura, Indonesia",earthquake: 0,4.903,0.272,6.0,us,us: 5,0-10 km: 0,shallow,light,-15.747921,-25.429646
1067,1,1,2023-01-04 04:21:05,-10.7304,113.4073,25.287,4.6,mb: 0,2.363,us: 5,"270 km S of Kencong, Indonesia",earthquake: 0,3.087,0.165,11.0,us,us: 5,0-10 km: 0,shallow,light,-9.07991,-22.858
1068,1,1,2023-01-04 11:06:21,51.9733,174.7812,37.125,4.6,mb: 0,0.865,us: 5,"Near Islands, Aleutian Islands, Alaska",earthquake: 0,7.073,0.058,89.0,us,us: 5,0-10 km: 0,shallow,light,7.596129,38.82008
1069,1,1,2023-01-04 12:16:58,-2.4959,140.7411,19.763,5.1,mww: 7,8.493,us: 5,"4 km NNE of Jayapura, Indonesia",earthquake: 0,4.201,0.078,16.0,us,us: 5,0-10 km: 0,shallow,moderate,29.54234,-23.377607
1070,1,1,2023-01-04 13:43:58,11.3588,144.1405,10.0,4.6,mb: 0,2.328,us: 5,south of the Mariana Islands,earthquake: 0,1.984,0.193,8.0,us,us: 5,0-10 km: 0,shallow,light,-16.686253,-17.303064
1071,1,1,2023-01-04 14:03:51,-25.4108,71.7226,10.0,4.8,mb: 0,9.549,us: 5,Mid-Indian Ridge,earthquake: 0,1.92,0.186,11.0,us,us: 5,0-10 km: 0,shallow,light,-14.365603,-33.795544
1072,1,1,2023-01-04 18:32:54,-7.1121,105.1243,35.0,4.6,mb: 0,2.488,us: 5,"112 km SW of Labuan, Indonesia",earthquake: 0,1.936,0.152,13.0,us,us: 5,0-10 km: 0,shallow,light,-6.255035,-18.250004
1073,1,1,2023-01-04 19:04:43,-28.4197,-178.3564,10.0,4.6,mb: 0,0.922,us: 5,Kermadec Islands region,earthquake: 0,1.81,0.088,39.0,us,us: 5,0-10 km: 0,shallow,light,-63.651955,-10.830578
1074,1,1,2023-01-04 23:23:46,-19.1636,-68.9655,126.284,5.1,mww: 7,0.547,us: 5,"154 km SSW of Curahuara de Carangas, Bolivia",earthquake: 0,3.021,0.053,34.0,us,us: 5,0-10 km: 0,intermediate,moderate,60.299335,-42.554485
1075,1,1,2023-01-05 02:24:00,-18.9259,-177.0967,391.85,4.8,mb: 0,2.743,us: 5,Fiji region,earthquake: 0,5.148,0.05,124.0,us,us: 5,0-10 km: 0,deep,light,-7.100868,68.824486
1076,1,1,2023-01-05 03:38:16,-10.6035,-74.8614,121.093,4.8,mb: 0,2.38,us: 5,"35 km N of Santa Rosa, Peru",earthquake: 0,6.056,0.048,137.0,us,us: 5,0-10 km: 0,intermediate,light,-49.61776,2.6541288
1077,1,1,2023-01-05 04:19:09,-23.5122,-114.809,10.0,4.6,mb: 0,33.018,us: 5,Easter Island region,earthquake: 0,1.882,0.164,11.0,us,us: 5,30-40 km: 3,shallow,light,-57.829845,-28.32318
1078,1,1,2023-01-05 04:20:29,-59.2992,-23.7354,10.0,4.9,mb: 0,8.61,us: 5,South Sandwich Islands region,earthquake: 0,1.613,0.087,42.0,us,us: 5,0-10 km: 0,shallow,light,-27.242798,-45.668262
1079,1,1,2023-01-05 04:27:40,37.9093,101.1674,12.321,4.8,mb: 0,2.811,us: 5,"111 km SW of Jinchang, China",earthquake: 0,4.363,0.061,85.0,us,us: 5,0-10 km: 0,shallow,light,4.475725,29.384607
1080,1,1,2023-01-05 05:12:18,-33.7412,118.2596,10.875,4.7,mb: 0,1.178,us: 5,Western Australia,earthquake: 0,3.907,0.104,28.0,us,us: 5,0-10 km: 0,shallow,light,11.397437,-17.958126
1081,1,1,2023-01-05 07:00:46,-14.949,166.8342,21.52,5.3,mww: 7,0.61,us: 5,"27 km WNW of Port-Olry, Vanuatu",earthquake: 0,4.822,0.071,19.0,us,us: 5,0-10 km: 0,shallow,moderate,32.014046,-21.499636
1082,1,1,2023-01-05 12:51:44,53.8488,-35.0477,10.0,4.9,mb: 0,9.202,us: 5,Reykjanes Ridge,earthquake: 0,1.806,0.042,178.0,us,us: 5,0-10 km: 0,shallow,light,-24.42043,32.23862
1083,1,1,2023-01-05 14:20:46,-57.0129,-25.2461,10.0,4.7,mb: 0,6.924,us: 5,South Sandwich Islands region,earthquake: 0,1.994,0.117,22.0,us,us: 5,0-10 km: 0,shallow,light,-32.11808,-44.357933
1084,1,1,2023-01-05 14:25:53,36.4738,70.7455,203.0,6.0,mww: 7,2.377,us: 5,"44 km S of Jurm, Afghanistan",earthquake: 0,1.888,0.039,62.0,us,us: 5,0-10 km: 0,intermediate,strong,37.150486,-42.04301
1085,1,1,2023-01-05 15:27:09,-54.5221,-130.5522,10.0,4.7,mb: 0,32.715,us: 5,Pacific-Antarctic Ridge,earthquake: 0,1.847,0.152,16.0,us,us: 5,30-40 km: 3,shallow,light,-40.775852,-36.832363
1086,1,1,2023-01-05 15:27:38,14.2773,-94.0954,10.0,5.2,mww: 7,2.746,us: 5,"163 km SW of La Esperanza (El Zapotal), Mexico",earthquake: 0,1.721,0.044,49.0,us,us: 5,0-10 km: 0,shallow,moderate,51.896664,-50.777134
1087,1,1,2023-01-05 18:36:39,-38.8316,-92.1449,10.0,4.6,mb: 0,15.605,us: 5,West Chile Rise,earthquake: 0,1.852,0.088,39.0,us,us: 5,10-20 km: 1,shallow,light,-33.077766,-32.416576
1088,1,1,2023-01-05 18:56:11,-5.3989,68.6288,10.0,4.9,mb: 0,4.294,us: 5,Chagos Archipelago region,earthquake: 0,1.805,0.064,76.0,us,us: 5,0-10 km: 0,shallow,light,-27.777662,2.646621
1089,1,1,2023-01-06 01:51:38,-2.4951,-12.2795,10.0,4.7,mb: 0,5.785,us: 5,north of Ascension Island,earthquake: 0,1.857,0.081,46.0,us,us: 5,0-10 km: 0,shallow,light,-31.074167,-0.3235206
1090,1,1,2023-01-06 02:33:49,2.9032,-31.2399,10.0,4.6,mb: 0,9.843,us: 5,central Mid-Atlantic Ridge,earthquake: 0,1.59,0.158,12.0,us,us: 5,0-10 km: 0,shallow,light,-29.724165,-10.883381
1091,1,1,2023-01-06 04:44:03,37.4215,137.1761,10.0,4.8,mb: 0,1.201,us: 5,"45 km NNE of Nanao, Japan",earthquake: 0,1.8,0.049,131.0,us,us: 5,0-10 km: 0,shallow,light,-9.517777,31.158716
1092,1,1,2023-01-06 05:04:38,-58.6234,-23.3329,10.0,5.4,mww: 7,8.48,us: 5,South Sandwich Islands region,earthquake: 0,1.737,0.069,20.0,us,us: 5,0-10 km: 0,shallow,moderate,59.058575,-25.45453
1093,1,1,2023-01-06 11:52:37,-24.7479,-179.9661,497.875,5.9,mww: 7,4.852,us: 5,south of the Fiji Islands,earthquake: 0,3.69,0.061,26.0,us,us: 5,0-10 km: 0,deep,moderate,74.31123,4.244407
1094,1,1,2023-01-06 16:50:03,-9.3369,-79.0651,62.141,4.6,mb: 0,3.422,us: 5,off the coast of northern Peru,earthquake: 0,5.141,0.132,17.0,us,us: 5,0-10 km: 0,shallow,light,-45.82964,-13.873413
1095,1,1,2023-01-06 20:55:40,60.7653,-44.0278,10.368,4.7,mb: 0,0.785,us: 5,western Greenland,earthquake: 0,3.811,0.04,195.0,us,us: 5,0-10 km: 0,shallow,light,-24.704597,32.573254
1096,1,1,2023-01-07 01:52:58,39.389,26.1735,10.0,4.8,mwr: 6,1.497,us: 5,"2 km N of Míthymna, Greece",earthquake: 0,1.829,0.054,33.0,us,us: 5,0-10 km: 0,shallow,light,14.6613,-58.177887
1097,1,1,2023-01-07 06:39:29,39.4132,26.1996,12.538,4.6,mwr: 6,1.475,us: 5,Near the coast of western Turkey,earthquake: 0,4.988,0.08,15.0,us,us: 5,0-10 km: 0,shallow,light,10.278738,-54.940037
1098,1,1,2023-01-07 08:12:28,34.995,-3.9009,10.0,4.9,mww: 7,2.238,us: 5,Morocco,earthquake: 0,1.844,0.063,24.0,us,us: 5,0-10 km: 0,shallow,light,18.13095,-57.52786
1099,1,1,2023-01-07 08:49:03,-2.4503,140.5724,27.527,4.6,mb: 0,8.327,us: 5,"17 km NNW of Abepura, Indonesia",earthquake: 0,5.365,0.125,19.0,us,us: 5,0-10 km: 0,shallow,light,33.438225,18.568367
1100,1,1,2023-01-07 14:42:38,37.48,141.643,47.681,4.7,mb: 0,2.904,us: 5,"near the east coast of Honshu, Japan",earthquake: 0,6.991,0.099,31.0,us,us: 5,0-10 km: 0,shallow,light,14.242194,29.73632
1101,1,1,2023-01-07 15:30:34,-16.1394,-174.2192,152.07,5.1,mww: 7,2.504,us: 5,Tonga,earthquake: 0,5.875,0.089,12.0,us,us: 5,0-10 km: 0,intermediate,moderate,67.050896,-38.80366
1102,1,1,2023-01-07 16:18:55,-56.2146,-27.033,62.042,4.9,mb: 0,5.744,us: 5,South Sandwich Islands region,earthquake: 0,5.82,0.088,40.0,us,us: 5,0-10 km: 0,shallow,light,-28.258453,-52.575726
1103,1,1,2023-01-07 16:40:25,-3.8126,133.4759,10.0,4.8,mb: 0,1.513,us: 5,"Papua, Indonesia",earthquake: 0,1.849,0.101,30.0,us,us: 5,0-10 km: 0,shallow,light,-0.9776384,-9.524778
1104,1,1,2023-01-07 20:59:34,50.5111,155.2432,142.623,4.6,mb: 0,3.015,us: 5,"65 km WSW of Severo-Kuril’sk, Russia",earthquake: 0,5.539,0.033,270.0,us,us: 5,0-10 km: 0,intermediate,light,-0.1016887,44.91092
1105,1,1,2023-01-07 23:00:33,7.5478,126.4686,143.364,4.9,mww: 7,1.002,us: 5,"Davao Oriental, Philippines",earthquake: 0,4.898,0.086,13.0,us,us: 5,0-10 km: 0,intermediate,light,30.297253,-16.161953
1106,1,2,2023-01-08 01:16:26,37.0889,141.4075,42.747,4.6,mb: 0,2.624,us: 5,"46 km E of Iwaki, Japan",earthquake: 0,6.225,0.05,119.0,us,us: 5,0-10 km: 0,shallow,light,5.5343356,39.04012
1107,1,2,2023-01-08 07:44:38,-9.1062,-108.3352,10.0,4.7,mb: 0,19.824,us: 5,central East Pacific Rise,earthquake: 0,1.907,0.062,78.0,us,us: 5,10-20 km: 1,shallow,light,-37.14977,1.9130671
1108,1,2,2023-01-08 10:22:40,53.2111,-164.3873,22.163,4.7,mb: 0,1.239,us: 5,"137 km SE of Akutan, Alaska",earthquake: 0,5.415,0.065,74.0,us,us: 5,0-10 km: 0,shallow,light,-38.728874,28.82251
1109,1,2,2023-01-08 12:32:42,-14.9467,166.8791,29.0,7.0,mww: 7,6.096,us: 5,"23 km WNW of Port-Olry, Vanuatu",earthquake: 0,1.851,0.042,54.0,us,us: 5,0-10 km: 0,shallow,major,41.75894,-39.434536
1110,1,2,2023-01-08 12:40:23,-14.968,166.8093,35.0,4.8,mb: 0,6.05,us: 5,"29 km WNW of Port-Olry, Vanuatu",earthquake: 0,1.876,0.155,13.0,us,us: 5,0-10 km: 0,shallow,light,-5.554023,-23.564518
1111,1,2,2023-01-08 12:49:04,-15.0854,166.6611,34.645,4.8,mb: 0,5.887,us: 5,"45 km W of Port-Olry, Vanuatu",earthquake: 0,5.99,0.103,29.0,us,us: 5,0-10 km: 0,shallow,light,36.41842,23.139488
1112,1,2,2023-01-08 12:59:04,-15.0166,166.6938,28.251,4.7,mb: 0,5.962,us: 5,"40 km W of Port-Olry, Vanuatu",earthquake: 0,5.598,0.101,30.0,us,us: 5,0-10 km: 0,shallow,light,36.21589,23.060741
1113,1,2,2023-01-08 13:02:32,-14.9915,166.8065,35.0,4.8,mb: 0,6.027,us: 5,"29 km W of Port-Olry, Vanuatu",earthquake: 0,1.837,0.122,21.0,us,us: 5,0-10 km: 0,shallow,light,3.872389,-18.69787
1114,1,2,2023-01-08 13:03:50,-15.1514,166.7468,35.0,4.8,mb: 0,7.452,us: 5,"37 km WSW of Port-Olry, Vanuatu",earthquake: 0,1.843,0.103,29.0,us,us: 5,0-10 km: 0,shallow,light,6.690091,-14.239008
1115,1,2,2023-01-08 13:14:57,-15.096,166.8104,35.0,4.7,mb: 0,5.934,us: 5,"28 km WSW of Port-Olry, Vanuatu",earthquake: 0,1.917,0.165,11.0,us,us: 5,0-10 km: 0,shallow,light,-6.6184607,-24.530924
1116,1,2,2023-01-08 13:50:08,-15.1308,166.712,39.241,4.7,mb: 0,5.864,us: 5,"40 km WSW of Port-Olry, Vanuatu",earthquake: 0,7.684,0.12,21.0,us,us: 5,0-10 km: 0,shallow,light,40.313255,22.347225
1117,1,2,2023-01-08 14:09:02,55.9674,162.7364,41.863,4.6,mb: 0,3.792,us: 5,"near the east coast of the Kamchatka Peninsula, Russia",earthquake: 0,6.5,0.056,95.0,us,us: 5,0-10 km: 0,shallow,light,7.1985703,38.93453
1118,1,2,2023-01-08 15:03:21,-15.0718,166.7798,35.0,4.8,mb: 0,5.944,us: 5,"31 km W of Port-Olry, Vanuatu",earthquake: 0,1.893,0.154,13.0,us,us: 5,0-10 km: 0,shallow,light,-5.517401,-23.53942
1119,1,2,2023-01-08 15:06:29,-15.2114,166.928,35.0,4.6,mb: 0,5.876,us: 5,"24 km SW of Port-Olry, Vanuatu",earthquake: 0,1.936,0.141,15.0,us,us: 5,0-10 km: 0,shallow,light,-2.3982499,-22.732021
1120,1,2,2023-01-08 15:33:36,-15.0613,166.6785,35.0,4.6,mb: 0,5.916,us: 5,"42 km W of Port-Olry, Vanuatu",earthquake: 0,1.954,0.12,21.0,us,us: 5,0-10 km: 0,shallow,light,1.7496295,-18.919565
1121,1,2,2023-01-08 16:49:21,-15.1455,166.9063,35.0,4.9,mb: 0,5.926,us: 5,"21 km WSW of Port-Olry, Vanuatu",earthquake: 0,1.881,0.099,32.0,us,us: 5,0-10 km: 0,shallow,light,7.094828,-14.299385
1122,1,2,2023-01-08 17:15:08,-15.0976,166.7282,35.0,5.0,mb: 0,5.901,us: 5,"37 km W of Port-Olry, Vanuatu",earthquake: 0,1.787,0.073,60.0,us,us: 5,0-10 km: 0,shallow,moderate,11.313723,-9.4027815
1123,1,2,2023-01-08 18:16:19,-15.0979,166.9147,39.673,4.7,mb: 0,5.973,us: 5,Vanuatu,earthquake: 0,7.581,0.108,26.0,us,us: 5,0-10 km: 0,shallow,light,40.50967,22.853834
1124,1,2,2023-01-08 18:32:22,-25.8149,179.9338,479.628,4.6,mb: 0,6.426,us: 5,south of the Fiji Islands,earthquake: 0,7.157,0.088,39.0,us,us: 5,0-10 km: 0,deep,light,5.369687,62.331203
1125,1,2,2023-01-08 21:12:18,-15.0776,166.9387,34.436,4.6,mb: 0,0.447,us: 5,"14 km WSW of Port-Olry, Vanuatu",earthquake: 0,4.235,0.129,18.0,us,us: 5,0-10 km: 0,shallow,light,31.459352,16.31028
1126,1,2,2023-01-08 22:33:21,37.058,71.3902,117.646,4.6,mb: 0,2.443,us: 5,"41 km NNW of Ishqoshim, Tajikistan",earthquake: 0,9.469,0.192,10.0,us,us: 5,0-10 km: 0,intermediate,light,32.46529,1.723526
1127,1,2,2023-01-09 00:37:38,-14.9368,166.7335,37.928,4.8,mb: 0,0.68,us: 5,"38 km WNW of Port-Olry, Vanuatu",earthquake: 0,7.551,0.128,19.0,us,us: 5,0-10 km: 0,shallow,light,40.14645,22.12296
1128,1,2,2023-01-09 01:46:13,-14.9141,166.9082,30.524,5.2,mb: 0,0.602,us: 5,"22 km NW of Port-Olry, Vanuatu",earthquake: 0,3.787,0.06,91.0,us,us: 5,0-10 km: 0,shallow,moderate,19.191378,21.075987
1129,1,2,2023-01-09 01:48:00,-14.9506,166.7923,13.29,5.0,mb: 0,0.633,us: 5,"31 km WNW of Port-Olry, Vanuatu",earthquake: 0,2.896,0.081,49.0,us,us: 5,0-10 km: 0,shallow,moderate,10.497752,-9.450889
1130,1,2,2023-01-09 06:24:14,-5.2367,153.3438,16.22,5.0,mww: 7,1.569,us: 5,"154 km SE of Kokopo, Papua New Guinea",earthquake: 0,4.317,0.098,10.0,us,us: 5,0-10 km: 0,shallow,moderate,28.740452,-22.730747
1131,1,2,2023-01-09 11:54:04,14.7017,145.5814,125.383,4.6,mb: 0,1.304,us: 5,"29 km S of San Jose Village, Northern Mariana Islands",earthquake: 0,7.023,0.047,134.0,us,us: 5,0-10 km: 0,intermediate,light,30.081324,45.203564
1132,1,2,2023-01-09 12:26:33,-8.8299,111.1757,67.859,5.3,mww: 7,1.117,us: 5,"101 km SW of Trenggalek, Indonesia",earthquake: 0,5.742,0.086,13.0,us,us: 5,0-10 km: 0,shallow,moderate,30.059923,-20.018015
1133,1,2,2023-01-09 17:47:35,-7.0586,130.009,104.95,7.6,mww: 7,1.574,us: 5,"Pulau Pulau Tanimbar, Indonesia",earthquake: 0,2.259,0.041,58.0,us,us: 5,0-10 km: 0,intermediate,major,42.084858,-40.0368
1134,1,2,2023-01-09 18:09:53,-7.081,130.1162,108.246,5.4,mb: 0,1.476,us: 5,"Pulau Pulau Tanimbar, Indonesia",earthquake: 0,5.266,0.088,44.0,us,us: 5,0-10 km: 0,intermediate,moderate,31.662735,29.952335
1135,1,2,2023-01-09 19:36:18,-15.2211,166.8851,35.0,4.7,mb: 0,5.849,us: 5,"28 km SW of Port-Olry, Vanuatu",earthquake: 0,1.881,0.101,30.0,us,us: 5,0-10 km: 0,shallow,light,6.4082193,-13.958412
1136,1,2,2023-01-09 21:21:54,-15.5003,166.5448,29.399,5.0,mb: 0,5.463,us: 5,Vanuatu,earthquake: 0,5.251,0.105,29.0,us,us: 5,0-10 km: 0,shallow,moderate,35.711052,22.991201
1137,1,2,2023-01-09 21:28:09,15.9298,41.7705,10.0,4.9,mb: 0,4.496,us: 5,"93 km SSW of Faras?n, Saudi Arabia",earthquake: 0,1.823,0.054,108.0,us,us: 5,0-10 km: 0,shallow,light,2.4435494,10.864873
1138,1,2,2023-01-09 22:41:28,-6.2921,104.8324,57.413,4.8,mb: 0,2.678,us: 5,"106 km SSW of Bandar Lampung, Indonesia",earthquake: 0,6.643,0.063,78.0,us,us: 5,0-10 km: 0,shallow,light,31.173843,37.871723
1139,1,2,2023-01-09 23:28:57,29.9764,-42.1407,10.0,4.7,mb: 0,15.823,us: 5,northern Mid-Atlantic Ridge,earthquake: 0,1.901,0.108,26.0,us,us: 5,10-20 km: 1,shallow,light,-25.743425,17.34874
1140,1,2,2023-01-09 23:51:03,-60.2634,-28.1877,10.0,4.8,mb: 0,7.49,us: 5,South Sandwich Islands region,earthquake: 0,1.572,0.077,52.0,us,us: 5,0-10 km: 0,shallow,light,-27.32612,-46.418438
1141,1,2,2023-01-10 01:42:57,26.705,96.5576,10.0,4.6,mb: 0,6.905,us: 5,"60 km NNW of Sarupathar, India",earthquake: 0,1.738,0.085,42.0,us,us: 5,0-10 km: 0,shallow,light,-16.51164,17.172628
1142,1,2,2023-01-10 05:24:48,-14.9892,167.226,109.273,5.7,mww: 7,0.456,us: 5,"17 km ENE of Port-Olry, Vanuatu",earthquake: 0,4.872,0.073,18.0,us,us: 5,0-10 km: 0,intermediate,moderate,34.59512,-19.894112
1143,1,2,2023-01-10 07:38:31,39.4874,26.2503,10.0,4.9,mwr: 6,0.909,us: 5,"7 km W of Behram, Turkey",earthquake: 0,1.866,0.066,22.0,us,us: 5,0-10 km: 0,shallow,light,15.491424,-56.619602
1144,1,2,2023-01-10 08:21:24,-10.692,166.0739,177.944,5.0,mb: 0,4.853,us: 5,"30 km E of Lata, Solomon Islands",earthquake: 0,4.798,0.034,278.0,us,us: 5,0-10 km: 0,intermediate,moderate,20.974302,53.23743
1145,1,2,2023-01-10 08:27:46,12.2375,-88.1416,41.553,4.7,mb: 0,1.186,us: 5,"93 km SW of Jiquilillo, Nicaragua",earthquake: 0,5.677,0.038,209.0,us,us: 5,0-10 km: 0,shallow,light,-23.914724,53.422718
1146,1,2,2023-01-10 14:08:42,11.7055,143.0853,10.0,4.9,mb: 0,2.556,us: 5,"243 km SW of Merizo Village, Guam",earthquake: 0,1.881,0.074,57.0,us,us: 5,0-10 km: 0,shallow,light,-1.4558614,4.3769298
1147,1,2,2023-01-10 15:17:04,-17.3774,-174.36,168.96,4.6,mb: 0,1.31,us: 5,"146 km NNW of Neiafu, Tonga",earthquake: 0,1.876,0.056,95.0,us,us: 5,0-10 km: 0,intermediate,light,-51.71956,-3.3251
1148,1,2,2023-01-10 19:47:15,-27.7273,-63.2585,582.21,5.1,mww: 7,5.299,us: 5,"28 km NE of Suncho Corral, Argentina",earthquake: 0,5.165,0.098,10.0,us,us: 5,0-10 km: 0,deep,moderate,73.241104,4.5278053
1149,1,2,2023-01-10 20:25:10,32.0539,105.0998,13.322,4.6,mb: 0,4.063,us: 5,"48 km NE of Jiangyou, China",earthquake: 0,4.216,0.07,70.0,us,us: 5,0-10 km: 0,shallow,light,5.7692704,28.281063
1150,1,2,2023-01-10 21:45:14,-0.9776,10.2588,10.0,4.6,mb: 0,4.726,us: 5,"30 km S of Lambaréné, Gabon",earthquake: 0,1.902,0.083,43.0,us,us: 5,0-10 km: 0,shallow,light,-30.253729,-0.54136866
1151,1,2,2023-01-11 01:15:30,-14.7553,166.7974,10.0,4.7,mb: 0,0.792,us: 5,"43 km NW of Port-Olry, Vanuatu",earthquake: 0,1.819,0.147,14.0,us,us: 5,0-10 km: 0,shallow,light,-3.9492197,-23.636389
1152,1,2,2023-01-11 05:36:15,-60.1415,-28.1733,9.757,4.6,mb: 0,7.403,us: 5,South Sandwich Islands region,earthquake: 0,3.247,0.136,16.0,us,us: 5,0-10 km: 0,shallow,light,-34.73076,-45.38413
1153,1,2,2023-01-11 06:04:28,12.5679,126.4033,10.0,4.6,mb: 0,14.303,us: 5,"106 km ENE of San Policarpo, Philippines",earthquake: 0,1.903,0.141,15.0,us,us: 5,10-20 km: 1,shallow,light,-15.233224,-8.742684
1154,1,2,2023-01-11 07:59:22,-2.8571,137.0171,68.897,4.8,mb: 0,3.699,us: 5,"177 km ENE of Nabire, Indonesia",earthquake: 0,6.029,0.064,76.0,us,us: 5,0-10 km: 0,shallow,light,31.859549,38.20894
1155,1,2,2023-01-11 08:39:52,-14.7604,166.8762,15.0,5.8,mww: 7,0.752,us: 5,"37 km NW of Port-Olry, Vanuatu",earthquake: 0,1.513,0.098,10.0,us,us: 5,0-10 km: 0,shallow,moderate,42.86843,-27.597633
1156,1,2,2023-01-11 10:17:18,43.9646,-128.7389,10.0,5.0,mww: 7,1.986,us: 5,Off the coast of Oregon,earthquake: 0,1.92,0.042,54.0,us,us: 5,0-10 km: 0,shallow,moderate,25.168085,-65.87415
1157,1,2,2023-01-11 11:30:27,-23.2118,-175.3039,10.0,5.6,mww: 7,2.034,us: 5,"211 km S of ‘Ohonua, Tonga",earthquake: 0,1.846,0.075,17.0,us,us: 5,0-10 km: 0,shallow,moderate,65.02319,-33.119488
1158,1,2,2023-01-11 11:34:08,-23.1878,-175.3489,10.0,4.7,mb: 0,2.013,us: 5,Tonga region,earthquake: 0,1.899,0.153,13.0,us,us: 5,0-10 km: 0,shallow,light,-58.03921,-24.921406
1159,1,2,2023-01-11 11:53:25,-6.7715,131.3913,12.519,5.0,mb: 0,1.207,us: 5,"196 km SW of Tual, Indonesia",earthquake: 0,4.793,0.093,37.0,us,us: 5,0-10 km: 0,shallow,moderate,27.528666,28.189653
1160,1,2,2023-01-11 15:14:33,-31.4078,-68.808,107.895,4.6,mb: 0,0.173,us: 5,"San Juan, Argentina",earthquake: 0,5.455,0.109,25.0,us,us: 5,0-10 km: 0,intermediate,light,-45.05488,-11.490091
1161,1,2,2023-01-11 15:59:16,-49.4965,-114.5705,10.0,4.9,mb: 0,26.722,us: 5,southern East Pacific Rise,earthquake: 0,1.845,0.117,23.0,us,us: 5,20-30 km: 2,shallow,light,-38.379948,-35.204475
1162,1,2,2023-01-11 16:07:40,-29.912,-176.9651,10.0,4.6,mb: 0,8.849,us: 5,Kermadec Islands region,earthquake: 0,1.9,0.141,15.0,us,us: 5,0-10 km: 0,shallow,light,-61.019234,-24.393164
1163,1,2,2023-01-11 16:17:45,-49.8496,-114.2216,10.0,5.8,mww: 7,26.196,us: 5,southern East Pacific Rise,earthquake: 0,1.731,0.089,12.0,us,us: 5,20-30 km: 2,shallow,moderate,62.582386,-27.685707
1164,1,2,2023-01-11 16:19:38,35.3383,141.0673,25.83,4.9,mb: 0,2.449,us: 5,"48 km SSE of Hasaki, Japan",earthquake: 0,4.499,0.062,80.0,us,us: 5,0-10 km: 0,shallow,light,5.9614234,30.015984
1165,1,2,2023-01-11 16:22:18,-49.6782,-114.4105,10.0,5.0,mb: 0,22.855,us: 5,southern East Pacific Rise,earthquake: 0,1.859,0.157,13.0,us,us: 5,20-30 km: 2,shallow,moderate,-41.14868,-37.367504
1166,1,2,2023-01-11 19:59:53,-17.3917,175.534,10.0,4.6,mb: 0,2.428,us: 5,"204 km WNW of Nadi, Fiji",earthquake: 0,1.872,0.136,19.0,us,us: 5,0-10 km: 0,shallow,light,-0.8245283,-22.27289
1167,1,2,2023-01-12 00:33:35,-59.943,-26.7417,56.356,4.7,mb: 0,18.205,us: 5,South Sandwich Islands region,earthquake: 0,3.367,0.095,33.0,us,us: 5,10-20 km: 1,shallow,light,-29.49124,-47.979797
1168,1,2,2023-01-12 01:43:35,-9.9809,159.0549,10.0,4.6,mb: 0,1.032,us: 5,"79 km WSW of Malango, Solomon Islands",earthquake: 0,1.945,0.181,9.0,us,us: 5,0-10 km: 0,shallow,light,-9.554383,-24.90002
1169,1,2,2023-01-12 05:38:43,-55.4413,-127.0283,10.0,5.1,mb: 0,34.737,us: 5,Pacific-Antarctic Ridge,earthquake: 0,1.78,0.086,44.0,us,us: 5,30-40 km: 3,shallow,moderate,-36.874443,-34.623375
1170,1,2,2023-01-12 06:19:10,-30.6176,-71.3759,49.0,5.5,mww: 7,0.23,us: 5,"Near the coast of Coquimbo, Chile",earthquake: 0,1.878,0.046,46.0,us,us: 5,0-10 km: 0,shallow,moderate,60.801453,-37.00759
1171,1,2,2023-01-12 08:11:18,-23.316,-174.9481,10.0,4.7,mb: 0,2.149,us: 5,"219 km S of ‘Ohonua, Tonga",earthquake: 0,1.873,0.082,51.0,us,us: 5,0-10 km: 0,shallow,light,-63.667973,-9.401791
1172,1,2,2023-01-12 10:21:49,-5.6534,147.6327,68.583,5.1,mb: 0,3.756,us: 5,"eastern New Guinea region, Papua New Guinea",earthquake: 0,5.419,0.043,176.0,us,us: 5,0-10 km: 0,shallow,moderate,21.686811,48.513412
1173,1,2,2023-01-12 10:47:35,-5.5669,147.7201,59.488,4.9,mb: 0,3.853,us: 5,"eastern New Guinea region, Papua New Guinea",earthquake: 0,6.812,0.052,116.0,us,us: 5,0-10 km: 0,shallow,light,26.908655,44.373554
1174,1,2,2023-01-12 11:11:58,-23.1411,-175.139,10.0,5.3,mww: 7,1.963,us: 5,"201 km S of ‘Ohonua, Tonga",earthquake: 0,1.734,0.083,14.0,us,us: 5,0-10 km: 0,shallow,moderate,67.14138,-33.198288
1175,1,2,2023-01-12 12:23:17,-23.2673,-174.7142,10.0,4.8,mb: 0,2.136,us: 5,"215 km S of ‘Ohonua, Tonga",earthquake: 0,1.271,0.185,13.0,us,us: 5,0-10 km: 0,shallow,light,-53.73538,-27.735447
1176,1,2,2023-01-12 12:28:34,-23.2748,-174.8658,10.0,5.2,mww: 7,2.118,us: 5,"215 km S of ‘Ohonua, Tonga",earthquake: 0,1.769,0.071,19.0,us,us: 5,0-10 km: 0,shallow,moderate,66.782555,-33.75407
1177,1,2,2023-01-12 13:52:11,-31.1674,-176.9682,10.0,4.6,mb: 0,2.07,us: 5,Kermadec Islands region,earthquake: 0,1.794,0.146,14.0,us,us: 5,0-10 km: 0,shallow,light,-60.625988,-25.205374
1178,1,2,2023-01-12 14:16:22,-23.3615,-174.8354,10.0,4.6,mb: 0,2.208,us: 5,"224 km S of ‘Ohonua, Tonga",earthquake: 0,1.847,0.158,12.0,us,us: 5,0-10 km: 0,shallow,light,-57.965694,-25.57963
1179,1,2,2023-01-12 16:28:51,-21.8978,179.7023,598.301,5.5,mww: 7,4.798,us: 5,south of the Fiji Islands,earthquake: 0,3.493,0.103,9.0,us,us: 5,0-10 km: 0,deep,moderate,71.71907,2.32336
1180,1,2,2023-01-12 20:18:24,-2.4758,140.6567,10.0,4.9,mb: 0,0.061,us: 5,"9 km NW of Jayapura, Indonesia",earthquake: 0,1.867,0.076,54.0,us,us: 5,0-10 km: 0,shallow,light,4.966708,-2.3532
1181,1,2,2023-01-12 20:51:16,-23.8183,69.6058,10.0,4.6,mb: 0,21.534,us: 5,Mid-Indian Ridge,earthquake: 0,1.863,0.098,31.0,us,us: 5,20-30 km: 2,shallow,light,-20.448042,-37.715855
1182,1,2,2023-01-12 21:48:17,2.1524,125.9305,9.057,4.7,mb: 0,1.985,us: 5,"Pulau-Pulau Sangihe, Indonesia",earthquake: 0,4.31,0.074,55.0,us,us: 5,0-10 km: 0,shallow,light,26.752144,26.09058
1183,1,2,2023-01-13 00:42:55,-14.6552,167.3059,155.354,4.6,mb: 0,0.794,us: 5,"49 km NNE of Port-Olry, Vanuatu",earthquake: 0,5.91,0.111,24.0,us,us: 5,0-10 km: 0,intermediate,light,41.894455,33.736404
1184,1,2,2023-01-13 01:19:30,-0.2267,129.707,10.0,5.0,mb: 0,2.542,us: 5,"Halmahera, Indonesia",earthquake: 0,0.971,0.053,114.0,us,us: 5,0-10 km: 0,shallow,moderate,9.76777,3.135069
1185,1,2,2023-01-13 07:06:48,11.1215,144.1738,10.0,4.6,mb: 0,2.545,us: 5,"243 km SSW of Merizo Village, Guam",earthquake: 0,1.922,0.126,19.0,us,us: 5,0-10 km: 0,shallow,light,-13.424071,-6.969271
1186,1,2,2023-01-13 07:21:53,6.7854,-73.0766,155.374,4.6,mb: 0,0.887,us: 5,"6 km NNE of Jordán, Colombia",earthquake: 0,8.036,0.062,77.0,us,us: 5,0-10 km: 0,intermediate,light,-46.82048,2.6842217
1187,1,2,2023-01-13 09:13:09,-58.7235,-25.8105,54.089,4.9,mb: 0,15.999,us: 5,South Sandwich Islands region,earthquake: 0,7.687,0.075,56.0,us,us: 5,10-20 km: 1,shallow,light,-28.293606,-53.827217
1188,1,2,2023-01-13 15:02:37,23.9729,122.3377,32.749,4.9,mb: 0,0.708,us: 5,"74 km E of Hualien City, Taiwan",earthquake: 0,5.411,0.086,42.0,us,us: 5,0-10 km: 0,shallow,light,9.775878,25.987106
1189,1,2,2023-01-13 15:41:43,-2.803,138.4123,44.478,4.7,mb: 0,10.89,us: 5,"247 km W of Abepura, Indonesia",earthquake: 0,6.69,0.079,49.0,us,us: 5,10-20 km: 1,shallow,light,34.579063,28.541674
1190,1,2,2023-01-13 20:42:54,-5.8026,149.4018,118.574,4.9,mb: 0,3.183,us: 5,"47 km NNW of Kandrian, Papua New Guinea",earthquake: 0,7.245,0.056,105.0,us,us: 5,0-10 km: 0,intermediate,light,34.528557,43.35323
1191,1,2,2023-01-13 21:31:05,-14.8661,166.7541,17.335,4.7,mb: 0,0.706,us: 5,"39 km WNW of Port-Olry, Vanuatu",earthquake: 0,2.56,0.086,41.0,us,us: 5,0-10 km: 0,shallow,light,7.6741967,-11.536044
1192,1,2,2023-01-13 22:41:02,-5.0128,103.1291,66.413,5.3,mww: 7,0.671,us: 5,"110 km S of Pagar Alam, Indonesia",earthquake: 0,4.888,0.098,10.0,us,us: 5,0-10 km: 0,shallow,moderate,29.637472,-20.508627
1193,1,2,2023-01-14 04:26:06,-37.3729,30.9884,10.0,4.6,mb: 0,9.729,us: 5,off the coast of South Africa,earthquake: 0,1.882,0.141,15.0,us,us: 5,0-10 km: 0,shallow,light,-16.119587,-37.14875
1194,1,2,2023-01-14 13:43:13,-7.3507,155.7238,10.0,4.7,mb: 0,4.732,us: 5,"117 km SSE of Panguna, Papua New Guinea",earthquake: 0,1.841,0.129,18.0,us,us: 5,0-10 km: 0,shallow,light,-2.7495375,-16.566778
1195,1,2,2023-01-14 14:31:27,-14.9489,166.7189,20.746,5.1,mww: 7,8.59,us: 5,"39 km WNW of Port-Olry, Vanuatu",earthquake: 0,4.762,0.073,18.0,us,us: 5,0-10 km: 0,shallow,moderate,31.573517,-21.922604
1196,1,3,2023-01-15 02:11:03,-13.4958,168.8074,10.0,4.6,mb: 0,2.485,us: 5,"142 km ENE of Sola, Vanuatu",earthquake: 0,1.926,0.182,10.0,us,us: 5,0-10 km: 0,shallow,light,-9.3171215,-25.411377
1197,1,3,2023-01-15 03:36:28,38.4311,39.156,10.0,4.7,mb: 0,0.921,us: 5,"13 km W of Sivrice, Turkey",earthquake: 0,1.831,0.07,63.0,us,us: 5,0-10 km: 0,shallow,light,-20.813099,21.77707
1198,1,3,2023-01-15 04:32:55,-17.8987,168.513,153.53,4.8,mb: 0,2.742,us: 5,"27 km SE of Port-Vila, Vanuatu",earthquake: 0,5.465,0.095,37.0,us,us: 5,0-10 km: 0,intermediate,light,41.140804,34.457058
1199,1,3,2023-01-15 04:42:15,29.947,139.1085,397.967,5.2,mww: 7,3.215,us: 5,"Izu Islands, Japan region",earthquake: 0,4.294,0.086,13.0,us,us: 5,0-10 km: 0,deep,moderate,70.023315,0.68633914
1200,1,3,2023-01-15 05:32:26,-15.5324,168.1496,19.513,5.2,mww: 7,0.916,us: 5,Vanuatu,earthquake: 0,4.761,0.086,13.0,us,us: 5,0-10 km: 0,shallow,moderate,31.848036,-21.74074
1201,1,3,2023-01-15 06:18:25,19.4191,145.2657,205.504,4.7,mb: 0,5.81,us: 5,"Maug Islands region, Northern Mariana Islands",earthquake: 0,6.966,0.039,200.0,us,us: 5,0-10 km: 0,intermediate,light,2.8002932,47.015137
1202,1,3,2023-01-15 07:42:44,10.798,-40.9854,10.0,4.7,mb: 0,12.852,us: 5,northern Mid-Atlantic Ridge,earthquake: 0,1.841,0.075,54.0,us,us: 5,10-20 km: 1,shallow,light,-33.02941,0.5535554
1203,1,3,2023-01-15 07:51:39,-11.3892,166.4346,164.91,4.6,mb: 0,4.102,us: 5,"101 km SE of Lata, Solomon Islands",earthquake: 0,5.39,0.06,91.0,us,us: 5,0-10 km: 0,intermediate,light,38.007,42.98426
1204,1,3,2023-01-15 11:37:34,25.0491,125.8117,20.179,5.0,mww: 7,2.611,us: 5,"58 km ENE of Hirara, Japan",earthquake: 0,5.166,0.078,16.0,us,us: 5,0-10 km: 0,shallow,moderate,17.97025,-39.10219
1205,1,3,2023-01-15 12:04:16,-14.9867,166.8837,21.0,5.6,mww: 7,8.738,us: 5,"21 km WNW of Port-Olry, Vanuatu",earthquake: 0,1.838,0.054,33.0,us,us: 5,0-10 km: 0,shallow,moderate,41.06235,-30.163368
1206,1,3,2023-01-15 12:28:15,11.4179,124.6414,10.0,4.8,mb: 0,4.419,us: 5,"9 km SE of Bunga, Philippines",earthquake: 0,1.871,0.08,48.0,us,us: 5,0-10 km: 0,shallow,light,-2.0309224,3.0504265
1207,1,3,2023-01-15 13:15:39,47.3872,153.0932,65.5,4.7,mb: 0,6.443,us: 5,Kuril Islands,earthquake: 0,7.405,0.058,89.0,us,us: 5,0-10 km: 0,shallow,light,7.8772902,39.217297
1208,1,3,2023-01-15 15:59:39,1.5311,127.2195,137.953,4.8,mb: 0,0.768,us: 5,"83 km NNW of Ternate, Indonesia",earthquake: 0,4.561,0.07,64.0,us,us: 5,0-10 km: 0,intermediate,light,36.761974,40.981873
1209,1,3,2023-01-15 16:25:27,41.165,142.3275,56.74,4.8,mb: 0,1.027,us: 5,"94 km E of Mutsu, Japan",earthquake: 0,5.981,0.051,120.0,us,us: 5,0-10 km: 0,shallow,light,5.130164,39.622845
1210,1,3,2023-01-15 17:56:00,-23.8534,-111.8992,10.0,4.7,mb: 0,3.999,us: 5,Easter Island region,earthquake: 0,1.386,0.153,13.0,us,us: 5,0-10 km: 0,shallow,light,-57.894238,-28.415178
1211,1,3,2023-01-15 19:47:40,-54.1684,140.4939,10.0,4.7,mb: 0,16.952,us: 5,west of Macquarie Island,earthquake: 0,1.878,0.143,15.0,us,us: 5,10-20 km: 1,shallow,light,-11.098424,-37.226654
1212,1,3,2023-01-15 21:37:21,41.4466,19.996,17.416,4.7,mwr: 6,0.141,us: 5,"10 km SW of Klos, Albania",earthquake: 0,2.248,0.047,43.0,us,us: 5,0-10 km: 0,shallow,light,13.58518,-59.33698
1213,1,3,2023-01-15 22:29:58,1.9837,97.9979,37.0,6.1,mww: 7,0.796,us: 5,"40 km SE of Singkil, Indonesia",earthquake: 0,1.851,0.039,63.0,us,us: 5,0-10 km: 0,shallow,strong,39.586056,-37.144356
1214,1,3,2023-01-15 23:07:53,14.0226,-89.7977,10.0,5.2,mww: 7,0.121,us: 5,"7 km NW of Atiquizaya, El Salvador",earthquake: 0,1.799,0.078,16.0,us,us: 5,0-10 km: 0,shallow,moderate,53.87076,-52.886723
1215,1,3,2023-01-16 04:47:12,14.0805,-89.8596,7.997,5.0,mww: 7,0.193,us: 5,"6 km ESE of Comapa, Guatemala",earthquake: 0,4.2,0.052,35.0,us,us: 5,0-10 km: 0,shallow,moderate,54.20192,-49.53509
1216,1,3,2023-01-16 04:49:51,28.9804,139.3452,405.0,6.3,mww: 7,3.134,us: 5,"Bonin Islands, Japan region",earthquake: 0,1.813,0.032,96.0,us,us: 5,0-10 km: 0,deep,strong,70.56846,-0.5712411
1217,1,3,2023-01-16 07:12:27,-14.7056,166.8473,10.0,4.8,mb: 0,0.813,us: 5,"44 km NNW of Port-Olry, Vanuatu",earthquake: 0,1.825,0.067,73.0,us,us: 5,0-10 km: 0,shallow,light,10.012311,-3.5360303
1218,1,3,2023-01-16 10:15:09,-41.4285,-88.4007,10.0,4.9,mb: 0,12.55,us: 5,West Chile Rise,earthquake: 0,1.817,0.079,57.0,us,us: 5,10-20 km: 1,shallow,light,-31.75026,-31.7136
1219,1,3,2023-01-16 15:47:40,-24.4747,-67.0711,168.322,4.9,mww: 7,1.824,us: 5,"81 km WSW of San Antonio de los Cobres, Argentina",earthquake: 0,2.411,0.073,18.0,us,us: 5,0-10 km: 0,intermediate,light,60.370872,-43.69177
1220,1,3,2023-01-16 17:03:35,-41.5322,-85.2327,10.0,4.6,mb: 0,9.274,us: 5,West Chile Rise,earthquake: 0,1.882,0.102,29.0,us,us: 5,0-10 km: 0,shallow,light,-33.607853,-33.29522
1221,1,3,2023-01-16 20:54:55,-15.4734,-70.3818,215.603,4.6,mb: 0,2.275,us: 5,"13 km S of Lampa, Peru",earthquake: 0,4.454,0.086,40.0,us,us: 5,0-10 km: 0,intermediate,light,-47.666687,-2.5924196
1222,1,3,2023-01-16 21:30:07,-10.8952,166.0671,11.018,4.7,mb: 0,4.658,us: 5,"35 km ESE of Lata, Solomon Islands",earthquake: 0,3.81,0.082,45.0,us,us: 5,0-10 km: 0,shallow,light,24.965118,25.760815
1223,1,3,2023-01-16 21:57:39,14.4132,122.9785,10.0,5.1,mww: 7,7.732,us: 5,"22 km NNE of Sabang Indan, Philippines",earthquake: 0,1.765,0.073,18.0,us,us: 5,0-10 km: 0,shallow,moderate,30.529903,-30.974468
1224,1,3,2023-01-16 23:45:05,-62.9531,-163.7912,10.0,5.0,mb: 0,17.535,us: 5,Pacific-Antarctic Ridge,earthquake: 0,1.861,0.088,42.0,us,us: 5,10-20 km: 1,shallow,moderate,-37.019554,-34.528824
1225,1,3,2023-01-17 00:06:19,-18.0921,168.1901,10.0,4.6,mb: 0,2.795,us: 5,"41 km SSW of Port-Vila, Vanuatu",earthquake: 0,1.901,0.099,30.0,us,us: 5,0-10 km: 0,shallow,light,4.6298995,-15.192002
1226,1,3,2023-01-17 02:09:35,-3.9013,128.4635,128.221,4.8,mb: 0,3.903,us: 5,"38 km SE of Ambon, Indonesia",earthquake: 0,5.353,0.08,48.0,us,us: 5,0-10 km: 0,intermediate,light,40.882954,37.1505
1227,1,3,2023-01-17 02:38:43,29.5307,141.018,109.102,4.6,mb: 0,2.635,us: 5,"Izu Islands, Japan region",earthquake: 0,5.683,0.08,46.0,us,us: 5,0-10 km: 0,intermediate,light,13.730722,33.533127
1228,1,3,2023-01-17 04:36:12,-9.0476,112.5383,66.345,5.0,mb: 0,1.696,us: 5,"95 km SSW of Dampit, Indonesia",earthquake: 0,3.175,0.069,68.0,us,us: 5,0-10 km: 0,shallow,moderate,15.606866,15.232156
1229,1,3,2023-01-17 09:38:47,-15.2105,-173.0353,10.0,4.9,mb: 0,1.774,us: 5,Tonga,earthquake: 0,1.323,0.066,77.0,us,us: 5,0-10 km: 0,shallow,light,-63.29379,-5.367581
1230,1,3,2023-01-17 09:40:37,-34.9858,-107.0579,10.0,4.9,mb: 0,8.074,us: 5,southern East Pacific Rise,earthquake: 0,1.873,0.054,107.0,us,us: 5,0-10 km: 0,shallow,light,-62.918194,-0.8466351
1231,1,3,2023-01-17 12:59:29,30.0294,131.0606,29.959,4.6,mb: 0,1.565,us: 5,"55 km ESE of Koshima, Japan",earthquake: 0,5.106,0.058,88.0,us,us: 5,0-10 km: 0,shallow,light,8.213764,31.36444
1232,1,3,2023-01-17 17:40:59,42.1313,-29.2871,16.552,5.1,mww: 7,5.233,us: 5,Azores Islands region,earthquake: 0,3.487,0.098,10.0,us,us: 5,0-10 km: 0,shallow,moderate,18.984676,-52.806507
1233,1,3,2023-01-17 18:39:22,14.3395,122.989,10.0,4.6,mb: 0,9.146,us: 5,"15 km NNE of Sabang Indan, Philippines",earthquake: 0,1.856,0.071,62.0,us,us: 5,0-10 km: 0,shallow,light,-0.31322402,3.004449
1234,1,3,2023-01-17 20:42:46,-9.0244,-108.9468,10.0,4.6,mb: 0,38.473,us: 5,central East Pacific Rise,earthquake: 0,1.876,0.074,57.0,us,us: 5,30-40 km: 3,shallow,light,-36.66957,0.97065467
1235,1,3,2023-01-17 20:46:36,-17.7325,-171.1753,10.0,5.0,mb: 0,1.786,us: 5,Tonga region,earthquake: 0,1.703,0.041,196.0,us,us: 5,0-10 km: 0,shallow,moderate,-60.82231,0.09871769
1236,1,3,2023-01-17 21:34:48,-50.1126,126.9657,10.0,4.6,mb: 0,18.557,us: 5,western Indian-Antarctic Ridge,earthquake: 0,1.961,0.164,11.0,us,us: 5,10-20 km: 1,shallow,light,-11.313336,-35.689686
1237,1,3,2023-01-17 21:42:34,-9.0648,148.127,22.274,5.1,mb: 0,1.013,us: 5,"35 km SSW of Popondetta, Papua New Guinea",earthquake: 0,4.122,0.066,76.0,us,us: 5,0-10 km: 0,shallow,moderate,19.189371,21.541113
1238,1,3,2023-01-17 23:25:35,-13.6338,-112.2623,10.0,4.6,mb: 0,41.027,us: 5,central East Pacific Rise,earthquake: 0,1.88,0.112,24.0,us,us: 5,40-50 km: 4,shallow,light,-36.06285,-5.645496
1239,1,3,2023-01-18 00:34:45,-0.0116,123.1998,154.0,6.0,mww: 7,1.109,us: 5,"62 km SSE of Gorontalo, Indonesia",earthquake: 0,1.815,0.049,40.0,us,us: 5,0-10 km: 0,intermediate,strong,43.85548,-35.636295
1240,1,3,2023-01-18 00:56:36,14.2886,123.1735,10.0,4.6,mb: 0,9.228,us: 5,"26 km NE of Mercedes, Philippines",earthquake: 0,1.757,0.084,43.0,us,us: 5,0-10 km: 0,shallow,light,-4.2049975,-0.7547185
1241,1,3,2023-01-18 03:26:32,24.7752,125.4156,35.0,4.6,mb: 0,2.21,us: 5,"11 km ESE of Hirara, Japan",earthquake: 0,1.926,0.077,51.0,us,us: 5,0-10 km: 0,shallow,light,-11.235602,14.554485
1242,1,3,2023-01-18 03:58:23,-13.1094,166.6574,35.0,4.9,mb: 0,7.524,us: 5,"128 km NW of Sola, Vanuatu",earthquake: 0,1.847,0.117,23.0,us,us: 5,0-10 km: 0,shallow,light,4.300194,-18.477997
1243,1,3,2023-01-18 04:17:06,-1.3661,-15.3849,10.0,4.6,mb: 0,6.481,us: 5,north of Ascension Island,earthquake: 0,1.88,0.152,13.0,us,us: 5,0-10 km: 0,shallow,light,-29.269693,-10.529136
1244,1,3,2023-01-18 04:21:57,34.9232,14.2748,10.0,5.0,mww: 7,4.11,us: 5,"102 km S of ?urrieq, Malta",earthquake: 0,1.773,0.086,13.0,us,us: 5,0-10 km: 0,shallow,moderate,19.32981,-51.063686
1245,1,3,2023-01-18 04:33:26,24.7915,124.8538,54.834,4.8,mb: 0,1.708,us: 5,"45 km W of Hirara, Japan",earthquake: 0,7.246,0.07,63.0,us,us: 5,0-10 km: 0,shallow,light,12.239484,32.447277
1246,1,3,2023-01-18 04:51:36,14.2601,123.0134,10.0,4.6,mb: 0,13.479,us: 5,"11 km ENE of Sabang Indan, Philippines",earthquake: 0,1.833,0.122,20.0,us,us: 5,10-20 km: 1,shallow,light,-13.099959,-6.2891006
1247,1,3,2023-01-18 06:06:11,2.7306,127.0221,29.708,7.0,mwc: 5,1.976,us: 5,"156 km NW of Tobelo, Indonesia",earthquake: 0,3.131,0.027,133.0,us,us: 5,0-10 km: 0,shallow,major,41.27147,-40.132187
1248,1,3,2023-01-18 06:19:13,2.8239,127.0179,35.0,5.1,mb: 0,2.068,us: 5,"163 km NW of Tobelo, Indonesia",earthquake: 0,1.917,0.095,36.0,us,us: 5,0-10 km: 0,shallow,moderate,1.9230751,-3.737082
1249,1,3,2023-01-18 06:52:05,2.7108,126.9027,50.398,4.6,mb: 0,1.981,us: 5,"164 km NW of Tobelo, Indonesia",earthquake: 0,6.642,0.098,31.0,us,us: 5,0-10 km: 0,shallow,light,45.64528,19.733118
1250,1,3,2023-01-18 07:00:33,2.6154,127.0118,35.0,4.8,mb: 0,1.865,us: 5,"148 km NW of Tobelo, Indonesia",earthquake: 0,1.886,0.077,52.0,us,us: 5,0-10 km: 0,shallow,light,3.0503867,-0.5331226
1251,1,3,2023-01-18 07:20:21,2.8174,127.1375,47.416,4.6,mb: 0,2.045,us: 5,Molucca Sea,earthquake: 0,5.618,0.088,39.0,us,us: 5,0-10 km: 0,shallow,light,32.543316,25.7492
1252,1,3,2023-01-18 08:01:26,2.6982,127.1349,50.394,5.5,mb: 0,1.927,us: 5,"144 km NW of Tobelo, Indonesia",earthquake: 0,3.8,0.046,163.0,us,us: 5,0-10 km: 0,shallow,moderate,18.420616,48.329163
1253,1,3,2023-01-18 09:39:07,2.7363,127.079,67.668,4.6,mb: 0,1.972,us: 5,"152 km NW of Tobelo, Indonesia",earthquake: 0,8.261,0.095,33.0,us,us: 5,0-10 km: 0,shallow,light,48.39832,21.186024
1254,1,3,2023-01-18 10:08:14,38.4334,44.9458,19.102,5.7,mww: 7,1.192,us: 5,"12 km S of Khowy, Iran",earthquake: 0,3.772,0.069,20.0,us,us: 5,0-10 km: 0,shallow,moderate,31.857014,-49.149208
1255,1,3,2023-01-18 11:06:53,-13.3508,66.8183,10.0,5.0,mb: 0,8.095,us: 5,Mid-Indian Ridge,earthquake: 0,1.876,0.078,52.0,us,us: 5,0-10 km: 0,shallow,moderate,-26.855888,0.6965715
1256,1,3,2023-01-18 13:39:43,2.7378,126.9009,30.531,4.8,mb: 0,2.008,us: 5,"166 km NW of Tobelo, Indonesia",earthquake: 0,4.973,0.071,61.0,us,us: 5,0-10 km: 0,shallow,light,26.06699,31.908459
1257,1,3,2023-01-18 14:13:03,34.9715,14.2761,10.0,4.6,mb: 0,4.1,us: 5,"97 km S of ?urrieq, Malta",earthquake: 0,1.869,0.077,50.0,us,us: 5,0-10 km: 0,shallow,light,-23.018673,20.051188
1258,1,3,2023-01-18 14:21:39,2.7711,127.0537,56.605,4.6,mb: 0,2.01,us: 5,"156 km NW of Tobelo, Indonesia",earthquake: 0,7.487,0.075,53.0,us,us: 5,0-10 km: 0,shallow,light,51.08008,22.916405
1259,1,3,2023-01-18 15:04:23,0.9326,126.1034,47.262,4.6,mb: 0,1.273,us: 5,"138 km ESE of Tondano, Indonesia",earthquake: 0,7.776,0.097,32.0,us,us: 5,0-10 km: 0,shallow,light,46.989517,21.480896
1260,1,3,2023-01-18 15:14:01,2.7226,126.9833,46.534,4.6,mb: 0,1.975,us: 5,"158 km NW of Tobelo, Indonesia",earthquake: 0,6.9,0.066,69.0,us,us: 5,0-10 km: 0,shallow,light,28.365267,36.01661
1261,1,3,2023-01-18 15:35:24,-2.6854,139.6674,31.432,4.6,mb: 0,1.05,us: 5,"near the north coast of Papua, Indonesia",earthquake: 0,4.473,0.083,43.0,us,us: 5,0-10 km: 0,shallow,light,28.852776,24.794004
1262,1,3,2023-01-18 15:43:31,2.9276,127.0925,35.0,4.9,mb: 0,2.159,us: 5,"167 km NW of Tobelo, Indonesia",earthquake: 0,1.899,0.062,81.0,us,us: 5,0-10 km: 0,shallow,light,6.64901,2.6447065
1263,1,3,2023-01-18 15:54:46,34.8554,14.2579,10.0,5.1,mww: 7,2.609,us: 5,"110 km S of ?urrieq, Malta",earthquake: 0,1.814,0.048,41.0,us,us: 5,0-10 km: 0,shallow,moderate,20.758295,-57.774487
1264,1,3,2023-01-18 16:06:40,2.6606,126.9997,49.952,4.9,mb: 0,1.912,us: 5,Molucca Sea,earthquake: 0,5.831,0.062,83.0,us,us: 5,0-10 km: 0,shallow,light,28.482073,38.75568
1265,1,3,2023-01-18 16:10:46,-11.0429,111.7727,10.0,4.9,mb: 0,3.346,us: 5,"south of Java, Indonesia",earthquake: 0,1.84,0.065,74.0,us,us: 5,0-10 km: 0,shallow,light,7.8576665,-0.10399784
1266,1,3,2023-01-18 16:27:49,-10.9587,111.7241,10.0,5.1,mww: 7,3.251,us: 5,"south of Java, Indonesia",earthquake: 0,1.746,0.071,19.0,us,us: 5,0-10 km: 0,shallow,moderate,38.779537,-26.696123
1267,1,3,2023-01-18 17:00:12,34.9489,14.1932,10.0,4.7,mb: 0,2.518,us: 5,"101 km SSW of ?urrieq, Malta",earthquake: 0,0.874,0.078,50.0,us,us: 5,0-10 km: 0,shallow,light,-22.884687,20.467218
1268,1,3,2023-01-18 18:03:03,-30.3249,-177.3951,10.0,4.7,mb: 0,1.153,us: 5,"Kermadec Islands, New Zealand",earthquake: 0,1.885,0.114,23.0,us,us: 5,0-10 km: 0,shallow,light,-64.96218,-16.994501
1269,1,3,2023-01-18 18:15:36,2.6911,126.8984,46.469,4.6,mb: 0,1.963,us: 5,"163 km NW of Tobelo, Indonesia",earthquake: 0,8.302,0.086,40.0,us,us: 5,0-10 km: 0,shallow,light,49.24626,22.234335
1270,1,3,2023-01-18 19:53:33,-21.6778,170.4713,156.622,4.7,mb: 0,2.955,us: 5,"267 km SSE of Isangel, Vanuatu",earthquake: 0,6.61,0.104,28.0,us,us: 5,0-10 km: 0,intermediate,light,41.555843,33.66087
1271,1,3,2023-01-18 19:55:00,2.6921,126.8287,51.121,4.8,mb: 0,1.982,us: 5,"169 km NW of Tobelo, Indonesia",earthquake: 0,6.603,0.064,76.0,us,us: 5,0-10 km: 0,shallow,light,29.414484,37.7336
1272,1,3,2023-01-18 20:07:40,-17.176,175.5265,10.0,4.9,mb: 0,2.477,us: 5,"210 km WNW of Lautoka, Fiji",earthquake: 0,1.852,0.115,26.0,us,us: 5,0-10 km: 0,shallow,light,5.050443,-18.239851
1273,1,3,2023-01-19 01:41:39,25.937,143.0309,10.0,4.6,mb: 0,1.381,us: 5,"Volcano Islands, Japan region",earthquake: 0,1.684,0.065,71.0,us,us: 5,0-10 km: 0,shallow,light,-10.865873,20.382154
1274,1,3,2023-01-19 03:50:00,-64.4289,174.8642,10.0,4.6,mb: 0,13.715,us: 5,Balleny Islands region,earthquake: 0,1.893,0.194,8.0,us,us: 5,10-20 km: 1,shallow,light,-11.437284,-34.44
1275,1,3,2023-01-19 05:55:24,-24.1169,-66.7256,203.037,4.6,mb: 0,1.767,us: 5,"42 km WNW of San Antonio de los Cobres, Argentina",earthquake: 0,6.844,0.034,257.0,us,us: 5,0-10 km: 0,intermediate,light,-53.00357,1.5565584
1276,1,3,2023-01-19 08:09:15,-15.0106,166.974,35.0,4.6,mb: 0,6.076,us: 5,Vanuatu,earthquake: 0,1.956,0.116,26.0,us,us: 5,0-10 km: 0,shallow,light,1.876099,-18.787418
1277,1,3,2023-01-19 09:14:29,6.0457,125.68,127.84,4.7,mb: 0,1.022,us: 5,"4 km N of Mangili, Philippines",earthquake: 0,6.035,0.054,103.0,us,us: 5,0-10 km: 0,intermediate,light,31.389345,43.573288
1278,1,3,2023-01-19 11:30:42,35.5464,71.3961,104.372,5.1,mww: 7,2.176,us: 5,"45 km ENE of P?r?n, Afghanistan",earthquake: 0,4.417,0.08,15.0,us,us: 5,0-10 km: 0,intermediate,moderate,14.985538,-34.941383
1279,1,3,2023-01-19 11:34:03,10.0936,93.5847,10.0,4.8,mb: 0,5.871,us: 5,"Andaman Islands, India region",earthquake: 0,1.819,0.184,12.0,us,us: 5,0-10 km: 0,shallow,light,-17.563223,-17.212734
1280,1,3,2023-01-19 11:45:11,53.4086,-163.5485,8.534,4.9,mb: 0,1.23,us: 5,"161 km S of False Pass, Alaska",earthquake: 0,4.523,0.047,144.0,us,us: 5,0-10 km: 0,shallow,light,-26.666346,34.91678
1281,1,3,2023-01-19 11:56:52,-6.2617,125.4081,552.721,4.9,mb: 0,3.65,us: 5,Banda Sea,earthquake: 0,6.435,0.052,118.0,us,us: 5,0-10 km: 0,deep,light,3.542479,61.00459
1282,1,3,2023-01-19 12:29:49,2.7749,126.987,41.554,4.7,mb: 0,2.026,us: 5,Molucca Sea,earthquake: 0,4.904,0.083,44.0,us,us: 5,0-10 km: 0,shallow,light,29.029922,25.374512
1283,1,3,2023-01-19 13:00:21,2.9462,127.0475,52.185,4.8,mb: 0,2.183,us: 5,"171 km NW of Tobelo, Indonesia",earthquake: 0,8.683,0.079,49.0,us,us: 5,0-10 km: 0,shallow,light,49.838696,23.45926
1284,1,3,2023-01-19 13:01:07,13.7689,145.0324,117.221,4.9,mb: 0,0.239,us: 5,"30 km NNE of Yigo Village, Guam",earthquake: 0,4.751,0.035,252.0,us,us: 5,0-10 km: 0,intermediate,light,-1.9517521,45.836933
1285,1,3,2023-01-19 15:11:32,-10.4925,165.9967,147.087,4.8,mb: 0,6.05,us: 5,"33 km NE of Lata, Solomon Islands",earthquake: 0,8.83,0.135,19.0,us,us: 5,0-10 km: 0,intermediate,light,42.001854,17.32566
1286,1,3,2023-01-19 17:25:25,1.1421,-85.3514,10.0,4.6,mb: 0,5.254,us: 5,off the coast of Ecuador,earthquake: 0,1.882,0.141,15.0,us,us: 5,0-10 km: 0,shallow,light,-30.910032,-10.486384
1287,1,3,2023-01-19 17:43:41,1.222,-85.3077,10.0,4.8,mb: 0,5.323,us: 5,off the coast of Ecuador,earthquake: 0,1.826,0.04,189.0,us,us: 5,0-10 km: 0,shallow,light,-24.55649,47.916924
1288,1,3,2023-01-19 17:51:31,2.7314,126.8195,46.251,4.7,mb: 0,2.022,us: 5,"172 km NW of Tobelo, Indonesia",earthquake: 0,3.96,0.075,54.0,us,us: 5,0-10 km: 0,shallow,light,27.484112,25.226873
1289,1,3,2023-01-19 17:52:44,-21.3768,-174.1303,10.0,5.0,mww: 7,1.022,us: 5,"85 km E of ‘Ohonua, Tonga",earthquake: 0,1.698,0.098,10.0,us,us: 5,0-10 km: 0,shallow,moderate,68.8091,-33.204716
1290,1,3,2023-01-19 20:35:20,2.7314,127.0244,51.227,4.7,mb: 0,1.976,us: 5,"155 km NW of Tobelo, Indonesia",earthquake: 0,5.615,0.063,77.0,us,us: 5,0-10 km: 0,shallow,light,27.812983,36.956787
1291,1,3,2023-01-20 03:11:30,-15.4313,-172.9496,10.0,4.9,mb: 0,1.889,us: 5,"107 km ENE of Hihifo, Tonga",earthquake: 0,1.856,0.053,113.0,us,us: 5,0-10 km: 0,shallow,light,-62.44466,-3.1963747
1292,1,3,2023-01-20 03:46:04,38.9015,70.6378,10.0,4.7,mb: 0,1.071,us: 5,"26 km ESE of Rasht, Tajikistan",earthquake: 0,1.896,0.069,64.0,us,us: 5,0-10 km: 0,shallow,light,-19.097143,21.11269
1293,1,3,2023-01-20 04:51:54,-56.2996,159.3339,10.0,4.7,mb: 0,1.819,us: 5,Macquarie Island region,earthquake: 0,1.867,0.153,13.0,us,us: 5,0-10 km: 0,shallow,light,-10.915349,-36.62694
1294,1,3,2023-01-20 05:48:28,38.9239,142.1003,47.894,5.0,mb: 0,2.027,us: 5,"37 km ESE of ?funato, Japan",earthquake: 0,6.169,0.044,164.0,us,us: 5,0-10 km: 0,shallow,moderate,1.5323747,40.700386
1295,1,3,2023-01-20 06:49:23,42.0094,-29.3742,10.0,4.6,mb: 0,5.171,us: 5,Azores Islands region,earthquake: 0,1.936,0.129,18.0,us,us: 5,0-10 km: 0,shallow,light,-28.391438,16.085909
1296,1,3,2023-01-20 08:58:08,3.5848,128.5719,11.49,4.9,mb: 0,3.043,us: 5,"214 km NNE of Tobelo, Indonesia",earthquake: 0,4.396,0.088,40.0,us,us: 5,0-10 km: 0,shallow,light,26.415304,27.55851
1297,1,3,2023-01-20 10:40:14,3.0079,127.0761,53.381,4.7,mb: 0,2.24,us: 5,"175 km NW of Tobelo, Indonesia",earthquake: 0,7.076,0.066,70.0,us,us: 5,0-10 km: 0,shallow,light,29.13401,36.612286
1298,1,3,2023-01-20 11:23:40,16.1397,-62.1529,162.0,6.1,mww: 7,0.526,us: 5,"40 km WSW of Pointe-Noire, Guadeloupe",earthquake: 0,1.874,0.039,63.0,us,us: 5,0-10 km: 0,intermediate,strong,45.604618,-50.3718
1299,1,3,2023-01-20 12:41:15,-27.9526,-176.3063,10.0,5.4,mww: 7,6.827,us: 5,Kermadec Islands region,earthquake: 0,1.852,0.089,12.0,us,us: 5,0-10 km: 0,shallow,moderate,66.87711,-32.854828
1300,1,3,2023-01-20 17:49:34,2.745,126.9444,24.625,5.0,mb: 0,2.005,us: 5,"163 km NW of Tobelo, Indonesia",earthquake: 0,4.577,0.053,122.0,us,us: 5,0-10 km: 0,shallow,moderate,20.670975,37.32796
1301,1,3,2023-01-20 21:30:51,-3.9917,34.3521,10.0,4.6,mb: 0,4.027,us: 5,"30 km N of Kiomboi, Tanzania",earthquake: 0,1.889,0.08,47.0,us,us: 5,0-10 km: 0,shallow,light,-28.996906,-0.6815482
1302,1,3,2023-01-21 03:58:09,2.7552,127.054,44.905,5.1,mb: 0,1.995,us: 5,"155 km NW of Tobelo, Indonesia",earthquake: 0,5.812,0.059,95.0,us,us: 5,0-10 km: 0,shallow,moderate,26.807531,40.530678
1303,1,3,2023-01-21 04:07:10,53.49,-163.628,28.952,4.6,mb: 0,1.136,us: 5,"Unimak Island region, Alaska",earthquake: 0,5.461,0.103,28.0,us,us: 5,0-10 km: 0,shallow,light,-39.507175,28.021425
1304,1,3,2023-01-21 05:47:22,-57.2805,-25.6604,44.648,4.9,mb: 0,17.271,us: 5,South Sandwich Islands region,earthquake: 0,7.559,0.081,47.0,us,us: 5,10-20 km: 1,shallow,light,-28.525967,-53.79301
1305,1,3,2023-01-21 06:17:08,2.7842,127.0146,52.582,4.7,mb: 0,2.03,us: 5,"160 km NW of Tobelo, Indonesia",earthquake: 0,5.883,0.093,35.0,us,us: 5,0-10 km: 0,shallow,light,33.55706,26.299324
1306,1,3,2023-01-21 09:20:56,-28.3401,-176.0493,10.0,4.6,mb: 0,1.882,us: 5,Kermadec Islands region,earthquake: 0,1.792,0.158,19.0,us,us: 5,0-10 km: 0,shallow,light,-58.649242,-26.052692
1307,1,3,2023-01-21 13:26:03,18.3191,145.7963,153.639,4.8,mb: 0,4.787,us: 5,"Pagan region, Northern Mariana Islands",earthquake: 0,7.374,0.038,220.0,us,us: 5,0-10 km: 0,intermediate,light,2.141306,46.936607
1308,1,3,2023-01-21 13:29:08,-4.4634,132.8145,10.0,4.6,mb: 0,1.635,us: 5,"129 km N of Tual, Indonesia",earthquake: 0,1.947,0.146,14.0,us,us: 5,0-10 km: 0,shallow,light,-5.2746406,-18.531298
1309,1,3,2023-01-21 14:59:14,5.9755,125.7624,78.819,4.6,mb: 0,1.102,us: 5,"9 km ESE of Mangili, Philippines",earthquake: 0,7.941,0.103,28.0,us,us: 5,0-10 km: 0,intermediate,light,48.371124,19.594309
1310,1,3,2023-01-21 16:06:04,-27.3167,-176.5414,35.0,4.8,mb: 0,6.24,us: 5,Kermadec Islands region,earthquake: 0,1.949,0.197,9.0,us,us: 5,0-10 km: 0,shallow,light,-52.81656,-27.853907
1311,1,3,2023-01-21 17:20:46,-22.0651,170.3823,19.579,4.6,mb: 0,2.772,us: 5,"264 km ESE of Tadine, New Caledonia",earthquake: 0,4.9,0.146,19.0,us,us: 5,0-10 km: 0,shallow,light,31.251362,15.039618
1312,1,3,2023-01-21 17:59:48,5.0489,-82.6515,10.0,4.6,mb: 0,3.405,us: 5,south of Panama,earthquake: 0,1.702,0.06,84.0,us,us: 5,0-10 km: 0,shallow,light,-35.78268,3.36554
1313,1,3,2023-01-21 18:49:56,-28.277,-175.9879,10.0,4.6,mb: 0,1.96,us: 5,Kermadec Islands region,earthquake: 0,1.932,0.122,20.0,us,us: 5,0-10 km: 0,shallow,light,-63.877274,-18.613705
1314,1,3,2023-01-21 19:20:27,57.4164,-33.2571,10.0,5.3,mww: 7,7.268,us: 5,Reykjanes Ridge,earthquake: 0,1.823,0.053,34.0,us,us: 5,0-10 km: 0,shallow,moderate,22.025217,-60.872765
1315,1,3,2023-01-21 20:06:50,2.7214,126.9929,28.931,5.1,mww: 7,1.972,us: 5,"157 km NW of Tobelo, Indonesia",earthquake: 0,3.872,0.08,15.0,us,us: 5,0-10 km: 0,shallow,moderate,29.2476,-24.094723
1316,1,3,2023-01-21 22:51:49,-56.2745,-26.6842,82.642,4.7,mb: 0,5.947,us: 5,South Sandwich Islands region,earthquake: 0,2.261,0.09,37.0,us,us: 5,0-10 km: 0,intermediate,light,-29.129913,-47.46988
1317,1,4,2023-01-22 02:48:41,-20.8169,-174.1334,19.446,5.0,mb: 0,1.008,us: 5,"102 km NE of ‘Ohonua, Tonga",earthquake: 0,4.36,0.107,28.0,us,us: 5,0-10 km: 0,shallow,moderate,-55.405273,-11.06942
1318,1,4,2023-01-22 03:27:42,53.3295,-169.299,129.185,4.8,mb: 0,0.682,us: 5,"Fox Islands, Aleutian Islands, Alaska",earthquake: 0,4.381,0.028,382.0,us,us: 5,0-10 km: 0,intermediate,light,-16.80719,51.099228
1319,1,4,2023-01-22 04:46:46,38.8689,22.9378,10.0,4.6,mb: 0,0.493,us: 5,"9 km W of Aidipsós, Greece",earthquake: 0,1.818,0.098,31.0,us,us: 5,0-10 km: 0,shallow,light,-23.727745,17.577774
1320,1,4,2023-01-22 05:39:51,-2.8969,127.7539,42.674,4.6,mb: 0,3.665,us: 5,"100 km NNW of Ambon, Indonesia",earthquake: 0,6.284,0.086,40.0,us,us: 5,0-10 km: 0,shallow,light,34.726402,27.25651
1321,1,4,2023-01-22 06:16:02,-6.5142,129.4789,213.596,4.8,mb: 0,2.321,us: 5,Banda Sea,earthquake: 0,7.007,0.052,115.0,us,us: 5,0-10 km: 0,intermediate,light,37.081142,44.533463
1322,1,4,2023-01-22 06:42:05,2.7381,126.9916,45.562,4.6,mb: 0,1.989,us: 5,"159 km NW of Tobelo, Indonesia",earthquake: 0,5.542,0.074,65.0,us,us: 5,0-10 km: 0,shallow,light,27.075428,33.849564
1323,1,4,2023-01-22 09:44:47,-2.6019,140.6559,31.651,4.7,mb: 0,8.403,us: 5,"2 km ESE of Abepura, Indonesia",earthquake: 0,4.242,0.086,41.0,us,us: 5,0-10 km: 0,shallow,light,28.371798,25.135654
1324,1,4,2023-01-22 17:57:43,2.729,127.0199,37.868,4.7,mb: 0,1.975,us: 5,"156 km NW of Tobelo, Indonesia",earthquake: 0,6.227,0.075,54.0,us,us: 5,0-10 km: 0,shallow,light,28.20374,33.879646
1325,1,4,2023-01-22 20:13:42,-7.1728,155.9412,120.975,5.0,mb: 0,4.786,us: 5,"107 km SSE of Panguna, Papua New Guinea",earthquake: 0,5.115,0.063,81.0,us,us: 5,0-10 km: 0,intermediate,moderate,35.82474,40.233513
1326,1,4,2023-01-22 22:49:23,6.6786,126.78,122.541,4.7,mb: 0,1.254,us: 5,"Mindanao, Philippines",earthquake: 0,2.374,0.055,101.0,us,us: 5,0-10 km: 0,intermediate,light,33.155163,48.02112
1327,1,4,2023-01-23 02:42:58,2.777,127.1631,51.722,4.6,mb: 0,2.002,us: 5,"149 km NW of Tobelo, Indonesia",earthquake: 0,7.625,0.091,36.0,us,us: 5,0-10 km: 0,shallow,light,48.142776,21.840586
1328,1,4,2023-01-23 02:59:43,23.4481,142.9353,44.85,5.2,mb: 0,10.016,us: 5,"Volcano Islands, Japan region",earthquake: 0,4.916,0.046,157.0,us,us: 5,10-20 km: 1,shallow,moderate,1.3900287,38.1965
1329,1,4,2023-01-23 03:02:03,-57.683,-23.7037,10.0,5.1,mb: 0,7.936,us: 5,South Sandwich Islands region,earthquake: 0,1.712,0.062,84.0,us,us: 5,0-10 km: 0,shallow,moderate,-25.018175,-47.53257
1330,1,4,2023-01-23 03:31:05,-28.151,-176.4132,10.0,4.8,mb: 0,1.726,us: 5,Kermadec Islands region,earthquake: 0,1.825,0.122,21.0,us,us: 5,0-10 km: 0,shallow,light,-65.29414,-18.513567
1331,1,4,2023-01-23 06:07:39,-59.9666,-26.6346,51.121,4.7,mb: 0,15.095,us: 5,South Sandwich Islands region,earthquake: 0,9.786,0.111,25.0,us,us: 5,10-20 km: 1,shallow,light,-30.626179,-54.78979
1332,1,4,2023-01-23 08:09:04,-23.0003,171.6956,10.0,4.9,mb: 0,3.94,us: 5,southeast of the Loyalty Islands,earthquake: 0,1.849,0.08,49.0,us,us: 5,0-10 km: 0,shallow,light,10.798887,-11.279502
1333,1,4,2023-01-23 10:37:52,34.9739,14.1811,10.0,5.1,mww: 7,2.494,us: 5,"98 km SSW of ?urrieq, Malta",earthquake: 0,1.786,0.045,48.0,us,us: 5,0-10 km: 0,shallow,moderate,20.987196,-57.945374
1334,1,4,2023-01-23 13:42:02,24.8836,93.079,10.0,5.1,mb: 0,2.561,us: 5,"12 km NE of Lakhipur, India",earthquake: 0,1.551,0.042,184.0,us,us: 5,0-10 km: 0,shallow,moderate,-10.978533,35.787754
1335,1,4,2023-01-23 14:01:53,3.0151,127.0689,35.0,4.7,mb: 0,2.248,us: 5,"Pulau-Pulau Talaud, Indonesia",earthquake: 0,1.845,0.069,63.0,us,us: 5,0-10 km: 0,shallow,light,1.9984357,0.6808106
1336,1,4,2023-01-23 14:30:30,42.1809,-29.3784,10.0,4.6,mb: 0,16.599,us: 5,Azores Islands region,earthquake: 0,1.899,0.081,45.0,us,us: 5,10-20 km: 1,shallow,light,-25.53186,20.741581
1337,1,4,2023-01-23 14:57:33,-5.4591,147.1621,199.283,4.6,mb: 0,3.92,us: 5,"eastern New Guinea region, Papua New Guinea",earthquake: 0,7.837,0.111,24.0,us,us: 5,0-10 km: 0,intermediate,light,45.91783,33.196728
1338,1,4,2023-01-23 15:38:35,2.7568,127.0395,42.887,4.6,mb: 0,1.999,us: 5,"156 km NW of Tobelo, Indonesia",earthquake: 0,6.313,0.068,64.0,us,us: 5,0-10 km: 0,shallow,light,27.932194,35.469097
1339,1,4,2023-01-23 17:06:48,2.7944,126.899,30.491,5.0,mb: 0,2.063,us: 5,"170 km NW of Tobelo, Indonesia",earthquake: 0,4.126,0.069,66.0,us,us: 5,0-10 km: 0,shallow,moderate,24.000303,29.834093
1340,1,4,2023-01-23 18:17:34,2.8202,127.0015,9.735,5.5,mww: 7,2.067,us: 5,"164 km NW of Tobelo, Indonesia",earthquake: 0,3.335,0.08,15.0,us,us: 5,0-10 km: 0,shallow,moderate,31.648947,-25.587727
1341,1,4,2023-01-24 01:10:20,2.7739,126.9144,18.473,5.1,mww: 7,2.039,us: 5,"167 km NW of Tobelo, Indonesia",earthquake: 0,3.265,0.089,12.0,us,us: 5,0-10 km: 0,shallow,moderate,28.780312,-24.908611
1342,1,4,2023-01-24 01:12:07,5.3125,94.2435,35.0,4.6,mb: 0,2.694,us: 5,"123 km WSW of Banda Aceh, Indonesia",earthquake: 0,1.958,0.193,8.0,us,us: 5,0-10 km: 0,shallow,light,-17.271551,-17.72075
1343,1,4,2023-01-24 01:14:31,2.569,126.3889,35.0,4.7,mb: 0,2.035,us: 5,"197 km NE of Laikit, Laikit II (Dimembe), Indonesia",earthquake: 0,1.94,0.148,14.0,us,us: 5,0-10 km: 0,shallow,light,-14.045859,-13.657061
1344,1,4,2023-01-24 02:13:14,2.8182,126.944,35.0,5.8,mww: 7,2.076,us: 5,"169 km NW of Tobelo, Indonesia",earthquake: 0,1.76,0.058,29.0,us,us: 5,0-10 km: 0,shallow,moderate,38.814342,-33.875454
1345,1,4,2023-01-24 02:18:28,2.8282,126.942,35.0,4.7,mb: 0,2.086,us: 5,"169 km NW of Tobelo, Indonesia",earthquake: 0,1.906,0.195,8.0,us,us: 5,0-10 km: 0,shallow,light,-17.265076,-17.843634
1346,1,4,2023-01-24 02:25:23,2.7746,126.8379,35.0,4.6,mb: 0,2.058,us: 5,Molucca Sea,earthquake: 0,1.918,0.117,22.0,us,us: 5,0-10 km: 0,shallow,light,-9.740525,-9.511071
1347,1,4,2023-01-24 02:28:53,2.5213,126.4108,35.0,4.6,mb: 0,1.983,us: 5,"196 km NE of Laikit, Laikit II (Dimembe), Indonesia",earthquake: 0,1.908,0.128,18.0,us,us: 5,0-10 km: 0,shallow,light,-10.028568,-9.765401
1348,1,4,2023-01-24 02:30:04,2.9043,127.088,35.0,5.4,mb: 0,2.137,us: 5,"165 km NW of Tobelo, Indonesia",earthquake: 0,1.8,0.044,174.0,us,us: 5,0-10 km: 0,shallow,moderate,17.53516,48.81846
1349,1,4,2023-01-24 02:37:06,2.8189,126.8519,35.0,4.6,mb: 0,2.097,us: 5,"176 km NW of Tobelo, Indonesia",earthquake: 0,1.879,0.097,32.0,us,us: 5,0-10 km: 0,shallow,light,-3.5967534,-5.854334
1350,1,4,2023-01-24 02:53:31,2.9088,127.1235,35.0,4.6,mb: 0,2.137,us: 5,Molucca Sea,earthquake: 0,1.916,0.101,29.0,us,us: 5,0-10 km: 0,shallow,light,-3.722337,-6.0403023
1351,1,4,2023-01-24 04:02:54,2.7818,126.9104,35.0,4.9,mb: 0,2.048,us: 5,"168 km NW of Tobelo, Indonesia",earthquake: 0,1.853,0.077,53.0,us,us: 5,0-10 km: 0,shallow,light,3.5301962,-0.93746704
1352,1,4,2023-01-24 06:15:58,-22.0796,-175.5029,44.942,4.7,mb: 0,0.947,us: 5,"100 km SW of ‘Ohonua, Tonga",earthquake: 0,7.708,0.061,82.0,us,us: 5,0-10 km: 0,shallow,light,-53.96735,-5.205204
1353,1,4,2023-01-24 08:58:33,29.5825,81.6638,33.11,5.4,mww: 7,3.639,us: 5,"60 km NW of Jumla, Nepal",earthquake: 0,3.669,0.098,10.0,us,us: 5,0-10 km: 0,shallow,moderate,21.505877,-35.026493
1354,1,4,2023-01-24 10:17:29,2.8339,127.0001,46.297,4.7,mb: 0,2.081,us: 5,Molucca Sea,earthquake: 0,7.587,0.102,29.0,us,us: 5,0-10 km: 0,shallow,light,46.04131,21.007381
1355,1,4,2023-01-24 11:08:10,2.7706,127.186,42.651,4.6,mb: 0,1.994,us: 5,"147 km NW of Tobelo, Indonesia",earthquake: 0,6.778,0.083,43.0,us,us: 5,0-10 km: 0,shallow,light,34.24508,27.753096
1356,1,4,2023-01-24 11:23:08,-21.3046,-68.3587,115.649,4.6,mwr: 6,1.085,us: 5,"140 km NNE of Calama, Chile",earthquake: 0,4.71,0.089,12.0,us,us: 5,0-10 km: 0,intermediate,light,61.677666,-45.20397
1357,1,4,2023-01-24 13:11:21,3.0821,127.016,35.881,5.0,mb: 0,2.321,us: 5,"186 km NW of Tobelo, Indonesia",earthquake: 0,4.307,0.062,83.0,us,us: 5,0-10 km: 0,shallow,moderate,21.2988,34.765034
1358,1,4,2023-01-24 16:10:15,3.555,128.5402,11.012,5.2,mww: 7,3.003,us: 5,"210 km NNE of Tobelo, Indonesia",earthquake: 0,4.306,0.078,16.0,us,us: 5,0-10 km: 0,shallow,moderate,29.577145,-24.372728
1359,1,4,2023-01-24 18:11:10,-15.1306,-173.0872,10.0,4.8,mb: 0,1.753,us: 5,"118 km NE of Hihifo, Tonga",earthquake: 0,1.623,0.121,27.0,us,us: 5,0-10 km: 0,shallow,light,-62.354824,-16.941442
1360,1,4,2023-01-24 18:36:58,-26.7196,-63.1128,580.0,6.4,mww: 7,5.194,us: 5,"Santiago del Estero, Argentina",earthquake: 0,1.861,0.035,79.0,us,us: 5,0-10 km: 0,deep,strong,74.20712,2.991812
1361,1,4,2023-01-24 19:01:35,-22.907,171.0033,10.0,4.8,mb: 0,3.296,us: 5,southeast of the Loyalty Islands,earthquake: 0,1.901,0.161,12.0,us,us: 5,0-10 km: 0,shallow,light,-5.026004,-27.197594
1362,1,4,2023-01-24 20:17:58,3.1604,127.0141,35.0,5.3,mb: 0,2.399,us: 5,"193 km NW of Tobelo, Indonesia",earthquake: 0,1.823,0.042,200.0,us,us: 5,0-10 km: 0,shallow,moderate,17.381191,49.064274
1363,1,4,2023-01-24 20:25:34,34.8772,14.3112,10.0,5.3,mww: 7,2.587,us: 5,"106 km S of ?urrieq, Malta",earthquake: 0,1.738,0.036,76.0,us,us: 5,0-10 km: 0,shallow,moderate,22.724438,-58.452713
1364,1,4,2023-01-24 23:52:22,-27.7485,63.8411,10.0,4.7,mb: 0,7.969,us: 5,Southwest Indian Ridge,earthquake: 0,1.785,0.184,9.0,us,us: 5,0-10 km: 0,shallow,light,-14.37871,-33.909634
1365,1,4,2023-01-25 01:00:49,37.5882,141.6818,52.61,4.9,mww: 7,2.968,us: 5,"61 km E of Namie, Japan",earthquake: 0,4.534,0.098,10.0,us,us: 5,0-10 km: 0,shallow,light,17.204779,-37.315777
1366,1,4,2023-01-25 03:35:20,9.1399,126.434,35.0,4.6,mb: 0,2.224,us: 5,"25 km NE of La Paz, Philippines",earthquake: 0,1.832,0.082,44.0,us,us: 5,0-10 km: 0,shallow,light,-3.6191916,-2.636129
1367,1,4,2023-01-25 05:15:30,12.9621,-88.72,71.315,4.6,mwr: 6,0.776,us: 5,"40 km SSW of Puerto El Triunfo, El Salvador",earthquake: 0,6.116,0.083,14.0,us,us: 5,0-10 km: 0,intermediate,light,57.824383,-49.389107
1368,1,4,2023-01-25 05:37:32,-22.9904,-176.372,68.455,4.6,mb: 0,2.111,us: 5,"234 km SSW of Vaini, Tonga",earthquake: 0,7.842,0.172,14.0,us,us: 5,0-10 km: 0,shallow,light,-49.4067,-16.649544
1369,1,4,2023-01-25 12:37:05,35.7086,28.4965,29.59,5.9,mww: 7,0.589,us: 5,"60 km SE of Lárdos, Greece",earthquake: 0,3.455,0.049,40.0,us,us: 5,0-10 km: 0,shallow,moderate,32.62248,-48.84851
1370,1,4,2023-01-25 12:46:20,-5.6795,153.6698,61.822,4.6,mb: 0,2.107,us: 5,"212 km WNW of Panguna, Papua New Guinea",earthquake: 0,8.358,0.103,28.0,us,us: 5,0-10 km: 0,shallow,light,42.475124,23.14201
1371,1,4,2023-01-25 13:13:38,41.2404,84.1661,10.0,4.6,mb: 0,4.051,us: 5,"southern Xinjiang, China",earthquake: 0,1.916,0.157,12.0,us,us: 5,0-10 km: 0,shallow,light,-18.69374,-1.7798685
1372,1,4,2023-01-25 14:12:53,-6.1127,155.1135,158.155,4.8,mww: 7,3.504,us: 5,"46 km WNW of Panguna, Papua New Guinea",earthquake: 0,6.137,0.098,10.0,us,us: 5,0-10 km: 0,intermediate,light,29.786415,-15.613394
1373,1,4,2023-01-25 15:09:35,-31.23,-178.239,35.0,5.2,mb: 0,8.29,us: 5,Kermadec Islands region,earthquake: 0,1.841,0.082,49.0,us,us: 5,0-10 km: 0,shallow,moderate,-66.961494,-7.7476535
1374,1,4,2023-01-25 15:48:15,19.0481,144.6581,10.0,4.8,mb: 0,17.506,us: 5,"Maug Islands region, Northern Mariana Islands",earthquake: 0,1.839,0.081,47.0,us,us: 5,10-20 km: 1,shallow,light,-8.922303,13.401763
1375,1,4,2023-01-25 15:51:50,2.8108,126.9383,43.5,4.6,mb: 0,2.07,us: 5,"168 km NW of Tobelo, Indonesia",earthquake: 0,7.368,0.09,37.0,us,us: 5,0-10 km: 0,shallow,light,47.99679,21.90664
1376,1,4,2023-01-25 16:02:10,35.7331,79.8502,10.0,5.0,mww: 7,5.806,us: 5,"152 km S of Hotan, China",earthquake: 0,1.746,0.086,13.0,us,us: 5,0-10 km: 0,shallow,moderate,20.405878,-49.522865
1377,1,4,2023-01-25 19:49:44,29.7306,101.9935,7.0,5.4,mww: 7,6.528,us: 5,"Western Sichuan, China",earthquake: 0,1.738,0.06,27.0,us,us: 5,0-10 km: 0,shallow,moderate,27.229195,-45.72244
1378,1,4,2023-01-25 22:27:31,20.211,146.2083,35.0,4.7,mb: 0,14.06,us: 5,Mariana Islands region,earthquake: 0,1.884,0.067,68.0,us,us: 5,10-20 km: 1,shallow,light,-2.5192769,9.949544
1379,1,4,2023-01-25 23:14:42,-23.9754,179.9524,511.364,4.6,mb: 0,5.276,us: 5,south of the Fiji Islands,earthquake: 0,5.909,0.061,81.0,us,us: 5,0-10 km: 0,deep,light,4.650499,61.69973
1380,1,4,2023-01-25 23:21:33,29.6904,102.0311,10.0,4.9,mb: 0,6.5,us: 5,"35 km SSE of Kangding, China",earthquake: 0,1.848,0.056,100.0,us,us: 5,0-10 km: 0,shallow,light,-12.629251,27.055212
1381,1,4,2023-01-26 00:04:57,-59.4078,-25.8117,35.0,4.8,mb: 0,15.388,us: 5,South Sandwich Islands region,earthquake: 0,1.168,0.114,24.0,us,us: 5,10-20 km: 1,shallow,light,-30.83323,-43.784794
1382,1,4,2023-01-26 03:16:21,-1.9602,-79.9976,76.274,4.6,mb: 0,0.495,us: 5,"4 km SW of El Triunfo, Ecuador",earthquake: 0,8.276,0.165,11.0,us,us: 5,0-10 km: 0,intermediate,light,-34.819107,-13.840431
1383,1,4,2023-01-26 04:07:58,-30.1653,-178.3003,92.166,4.7,mb: 0,0.959,us: 5,"Kermadec Islands, New Zealand",earthquake: 0,6.415,0.123,22.0,us,us: 5,0-10 km: 0,intermediate,light,-50.536102,-11.444119
1384,1,4,2023-01-26 04:16:05,16.6149,-25.6191,10.0,5.3,mb: 0,9.078,us: 5,Cape Verde,earthquake: 0,1.814,0.026,513.0,us,us: 5,0-10 km: 0,shallow,moderate,-14.499504,54.11541
1385,1,4,2023-01-26 04:23:51,2.8391,126.9856,35.0,5.7,mww: 7,2.088,us: 5,"167 km NW of Tobelo, Indonesia",earthquake: 0,1.768,0.061,26.0,us,us: 5,0-10 km: 0,shallow,moderate,38.436382,-33.16762
1386,1,4,2023-01-26 06:33:45,2.84,127.0684,64.583,4.8,mb: 0,2.076,us: 5,"161 km NW of Tobelo, Indonesia",earthquake: 0,6.661,0.075,67.0,us,us: 5,0-10 km: 0,shallow,light,30.316736,36.5476
1387,1,4,2023-01-26 11:41:58,-2.7431,152.1287,11.051,4.9,mb: 0,1.439,us: 5,"149 km E of Kavieng, Papua New Guinea",earthquake: 0,1.628,0.068,68.0,us,us: 5,0-10 km: 0,shallow,light,7.0541034,-1.5056032
1388,1,4,2023-01-26 13:05:39,11.6466,43.9274,10.0,4.8,mb: 0,1.065,us: 5,"76 km ENE of Loyada, Djibouti",earthquake: 0,1.907,0.08,48.0,us,us: 5,0-10 km: 0,shallow,light,-6.7792134,3.946766
1389,1,4,2023-01-26 13:56:49,23.1742,123.4212,10.0,4.9,mb: 0,1.341,us: 5,"149 km SSE of Yonakuni, Japan",earthquake: 0,1.814,0.053,114.0,us,us: 5,0-10 km: 0,shallow,light,-11.4182625,28.510624
1390,1,4,2023-01-26 14:19:09,-18.278,-173.7563,69.337,4.7,mb: 0,0.435,us: 5,"47 km NNE of Neiafu, Tonga",earthquake: 0,5.339,0.075,53.0,us,us: 5,0-10 km: 0,shallow,light,-53.02889,-6.4992495
1391,1,4,2023-01-26 16:41:38,50.601,-172.6287,28.753,5.1,mww: 7,1.912,us: 5,"208 km SSE of Atka, Alaska",earthquake: 0,4.266,0.069,20.0,us,us: 5,0-10 km: 0,shallow,moderate,26.57071,-67.232315
1392,1,4,2023-01-26 16:41:52,-41.8052,88.6422,10.0,4.6,mb: 0,9.414,us: 5,southeast Indian Ridge,earthquake: 0,1.811,0.193,9.0,us,us: 5,0-10 km: 0,shallow,light,-13.064359,-33.828754
1393,1,4,2023-01-26 17:25:58,2.7929,126.8576,34.247,4.6,mb: 0,2.071,us: 5,"173 km NW of Tobelo, Indonesia",earthquake: 0,5.506,0.081,45.0,us,us: 5,0-10 km: 0,shallow,light,30.514755,25.56108
1394,1,4,2023-01-26 17:55:29,-12.4375,166.9448,212.895,4.9,mb: 0,7.489,us: 5,"172 km NNW of Sola, Vanuatu",earthquake: 0,4.188,0.033,281.0,us,us: 5,0-10 km: 0,intermediate,light,20.996452,53.27286
1395,1,4,2023-01-26 19:17:03,57.393,-33.3795,10.0,5.1,mww: 7,7.229,us: 5,Reykjanes Ridge,earthquake: 0,1.787,0.044,50.0,us,us: 5,0-10 km: 0,shallow,moderate,22.086288,-61.07052
1396,1,4,2023-01-26 19:30:46,57.3255,-33.2748,10.0,5.3,mww: 7,7.315,us: 5,Reykjanes Ridge,earthquake: 0,1.76,0.04,59.0,us,us: 5,0-10 km: 0,shallow,moderate,22.577679,-60.92269
1397,1,4,2023-01-26 23:30:44,-19.9484,178.8704,10.0,4.7,mb: 0,2.325,us: 5,"205 km SSE of Suva, Fiji",earthquake: 0,1.556,0.175,10.0,us,us: 5,0-10 km: 0,shallow,light,-7.883188,-26.885098
1398,1,4,2023-01-27 10:51:19,-16.5209,-69.7061,191.21,4.6,mb: 0,1.084,us: 5,"24 km N of Mazo Cruz, Peru",earthquake: 0,7.241,0.101,29.0,us,us: 5,0-10 km: 0,intermediate,light,-43.72861,-10.332009
1399,1,4,2023-01-27 11:06:54,18.7795,-64.3253,33.0,4.6,ml: 3,0.7621,pr: 3,"70 km NE of Cruz Bay, U.S. Virgin Islands",earthquake: 0,9.97,0.08,13.0,pr,pr: 3,0-10 km: 0,shallow,light,-63.711777,29.328388
1400,1,4,2023-01-27 16:37:39,-23.703,-179.4845,525.043,4.6,mb: 0,4.695,us: 5,south of the Fiji Islands,earthquake: 0,17.872,0.098,31.0,us,us: 5,0-10 km: 0,deep,light,-9.16895,77.3801
1401,1,4,2023-01-27 18:17:58,-2.8466,129.6137,11.327,4.7,mb: 0,2.633,us: 5,"Seram, Indonesia",earthquake: 0,3.917,0.065,81.0,us,us: 5,0-10 km: 0,shallow,light,22.810259,32.76601
1402,1,4,2023-01-27 20:25:27,10.69,125.4524,71.0,5.4,mww: 7,3.599,us: 5,"Leyte, Philippines",earthquake: 0,1.819,0.066,22.0,us,us: 5,0-10 km: 0,intermediate,moderate,33.486176,-29.422245
1403,1,4,2023-01-27 22:11:30,12.2823,144.0576,10.0,4.7,mb: 0,1.521,us: 5,Guam region,earthquake: 0,1.832,0.108,26.0,us,us: 5,0-10 km: 0,shallow,light,-9.833114,-4.291599
1404,1,4,2023-01-28 00:03:31,3.0504,126.9979,38.508,4.7,mb: 0,2.293,us: 5,"184 km NW of Tobelo, Indonesia",earthquake: 0,7.352,0.104,28.0,us,us: 5,0-10 km: 0,shallow,light,45.804775,20.869423
1405,1,4,2023-01-28 05:02:34,13.1191,145.615,10.0,5.0,mb: 0,0.864,us: 5,"91 km ESE of Yigo Village, Guam",earthquake: 0,1.901,0.09,39.0,us,us: 5,0-10 km: 0,shallow,moderate,-2.7563365,4.28534
1406,1,4,2023-01-28 09:13:22,-34.8091,54.3827,10.0,5.1,mww: 7,11.765,us: 5,Southwest Indian Ridge,earthquake: 0,1.845,0.093,11.0,us,us: 5,10-20 km: 1,shallow,moderate,47.034023,-25.924047
1407,1,4,2023-01-28 13:53:09,33.5843,45.8112,10.0,4.6,mb: 0,4.061,us: 5,"29 km SE of Mandal?, Iraq",earthquake: 0,1.857,0.066,68.0,us,us: 5,0-10 km: 0,shallow,light,-19.996956,22.211704
1408,1,4,2023-01-28 17:35:55,52.2921,157.306,145.852,4.6,mb: 0,0.852,us: 5,"98 km SW of Paratunka, Russia",earthquake: 0,4.915,0.035,260.0,us,us: 5,0-10 km: 0,intermediate,light,0.014846908,44.848618
1409,1,4,2023-01-28 18:14:45,38.4199,44.9097,16.0,5.9,mww: 7,1.459,us: 5,"14 km SSW of Khowy, Iran",earthquake: 0,1.769,0.045,48.0,us,us: 5,0-10 km: 0,shallow,moderate,33.011993,-48.443417
1410,1,4,2023-01-28 18:16:56,38.4811,44.9282,10.0,5.1,mb: 0,1.479,us: 5,"7 km SSW of Khowy, Iran",earthquake: 0,1.826,0.067,73.0,us,us: 5,0-10 km: 0,shallow,moderate,-19.500984,24.901161
1411,1,4,2023-01-28 19:15:18,1.9439,128.255,143.944,5.3,mww: 7,1.464,us: 5,"36 km NE of Tobelo, Indonesia",earthquake: 0,4.266,0.059,28.0,us,us: 5,0-10 km: 0,intermediate,moderate,32.78054,-17.358704
1412,1,4,2023-01-29 03:20:20,2.8499,126.9825,51.395,4.6,mb: 0,2.1,us: 5,"168 km NW of Tobelo, Indonesia",earthquake: 0,0.796,0.122,21.0,us,us: 5,0-10 km: 0,shallow,light,-9.244085,-9.506766
1413,1,4,2023-01-29 04:23:33,5.5924,125.0567,49.134,4.9,mb: 0,1.557,us: 5,"Mindanao, Philippines",earthquake: 0,6.475,0.064,77.0,us,us: 5,0-10 km: 0,shallow,light,28.938026,38.581234
1414,1,4,2023-01-29 04:38:27,-9.0108,67.3168,10.0,4.8,mb: 0,5.326,us: 5,Mid-Indian Ridge,earthquake: 0,1.84,0.109,29.0,us,us: 5,0-10 km: 0,shallow,light,-26.979546,-5.931764
1415,1,4,2023-01-29 05:15:38,2.7358,127.0428,64.686,4.6,mb: 0,1.978,us: 5,"154 km NW of Tobelo, Indonesia",earthquake: 0,2.587,0.083,49.0,us,us: 5,0-10 km: 0,shallow,light,2.7961586,1.3677351
1416,1,4,2023-01-29 12:19:47,35.3532,139.2937,146.936,4.7,mb: 0,1.134,us: 5,"4 km NNW of ?iso, Japan",earthquake: 0,5.769,0.034,263.0,us,us: 5,0-10 km: 0,intermediate,light,-0.31525388,45.26832
1417,1,4,2023-01-29 14:41:14,38.4906,44.8693,10.0,4.7,mb: 0,1.434,us: 5,"9 km SW of Khowy, Iran",earthquake: 0,1.885,0.068,65.0,us,us: 5,0-10 km: 0,shallow,light,-20.418285,21.879236
1418,1,4,2023-01-29 15:20:28,2.9047,126.9938,49.175,4.7,mb: 0,2.151,us: 5,"172 km NW of Tobelo, Indonesia",earthquake: 0,7.745,0.11,25.0,us,us: 5,0-10 km: 0,shallow,light,45.669094,20.923092
1419,1,4,2023-01-29 16:11:02,2.8896,126.9662,47.576,4.7,mb: 0,2.141,us: 5,"173 km NW of Tobelo, Indonesia",earthquake: 0,7.103,0.068,65.0,us,us: 5,0-10 km: 0,shallow,light,29.229094,36.423424
1420,1,4,2023-01-29 17:04:14,8.5903,-39.4443,10.0,5.0,mb: 0,17.944,us: 5,central Mid-Atlantic Ridge,earthquake: 0,1.814,0.053,111.0,us,us: 5,10-20 km: 1,shallow,moderate,-33.978855,5.64409
1421,1,4,2023-01-29 19:57:14,2.8491,126.9433,42.236,5.0,mb: 0,2.106,us: 5,"171 km NW of Tobelo, Indonesia",earthquake: 0,6.04,0.062,82.0,us,us: 5,0-10 km: 0,shallow,moderate,28.150085,38.985073
1422,1,4,2023-01-29 22:14:57,2.71,126.666,35.0,4.6,mb: 0,2.049,us: 5,Molucca Sea,earthquake: 0,1.873,0.151,13.0,us,us: 5,0-10 km: 0,shallow,light,-14.24334,-13.715637
1423,1,4,2023-01-29 22:42:51,-22.929,38.4732,10.0,4.8,mb: 0,9.058,us: 5,Mozambique Channel,earthquake: 0,1.846,0.097,33.0,us,us: 5,0-10 km: 0,shallow,light,-21.044613,-38.322502
1424,1,4,2023-01-29 23:24:22,8.6083,-39.4903,10.0,4.7,mb: 0,16.777,us: 5,central Mid-Atlantic Ridge,earthquake: 0,1.845,0.159,12.0,us,us: 5,10-20 km: 1,shallow,light,-30.017193,-10.895387
1425,1,4,2023-01-29 23:49:38,40.0166,82.3702,28.0,5.7,mww: 7,3.861,us: 5,"southern Xinjiang, China",earthquake: 0,1.786,0.078,16.0,us,us: 5,0-10 km: 0,shallow,moderate,30.575678,-48.009914
1426,1,4,2023-01-30 00:17:30,-53.6656,-134.2022,10.0,4.8,mb: 0,36.508,us: 5,Pacific-Antarctic Ridge,earthquake: 0,1.784,0.21,9.0,us,us: 5,30-40 km: 3,shallow,light,-49.43518,-30.726896
1427,1,4,2023-01-30 01:57:09,-29.6903,-177.7602,50.499,4.9,mb: 0,0.449,us: 5,"Kermadec Islands, New Zealand",earthquake: 0,5.579,0.088,40.0,us,us: 5,0-10 km: 0,shallow,light,-54.748135,-7.6238894
1428,1,4,2023-01-30 10:25:12,23.2239,123.905,10.0,5.1,mb: 0,1.484,us: 5,"126 km SSW of Ishigaki, Japan",earthquake: 0,1.82,0.048,141.0,us,us: 5,0-10 km: 0,shallow,moderate,-11.882431,32.882607
1429,1,4,2023-01-30 17:07:44,35.7367,79.8867,10.0,5.0,mww: 7,5.835,us: 5,"152 km S of Hotan, China",earthquake: 0,1.723,0.098,10.0,us,us: 5,0-10 km: 0,shallow,moderate,19.8921,-49.155544
1430,1,4,2023-01-30 18:45:37,12.1363,93.5873,107.401,5.0,mb: 0,5.837,us: 5,"105 km ENE of Port Blair, India",earthquake: 0,4.575,0.061,89.0,us,us: 5,0-10 km: 0,intermediate,moderate,29.584284,42.015392
1431,1,4,2023-01-30 19:55:25,34.9098,14.2728,10.3,5.3,mww: 7,2.555,us: 5,"103 km S of ?urrieq, Malta",earthquake: 0,3.252,0.039,62.0,us,us: 5,0-10 km: 0,shallow,moderate,22.88893,-57.631042
1432,1,4,2023-01-31 03:09:56,-48.7939,121.3092,10.0,4.9,mb: 0,16.142,us: 5,western Indian-Antarctic Ridge,earthquake: 0,1.813,0.088,41.0,us,us: 5,10-20 km: 1,shallow,light,-10.968342,-41.07108
1433,1,4,2023-01-31 04:34:50,5.9313,125.9995,88.91,4.6,mb: 0,1.206,us: 5,"35 km ESE of Mangili, Philippines",earthquake: 0,5.939,0.072,57.0,us,us: 5,0-10 km: 0,intermediate,light,29.946968,34.381603
1434,1,4,2023-01-31 04:49:06,24.5866,94.459,69.006,4.6,mb: 0,3.207,us: 5,"40 km E of W?ngjing, India",earthquake: 0,5.868,0.053,105.0,us,us: 5,0-10 km: 0,shallow,light,9.479196,35.650715
1435,1,4,2023-01-31 08:49:58,19.8422,121.3635,27.994,4.6,mb: 0,2.973,us: 5,"92 km SW of Basco, Philippines",earthquake: 0,4.912,0.078,49.0,us,us: 5,0-10 km: 0,shallow,light,9.035724,27.599068
1436,1,4,2023-01-31 11:50:44,-21.9011,-113.4669,10.0,4.6,mb: 0,6.42,us: 5,southern East Pacific Rise,earthquake: 0,1.755,0.11,25.0,us,us: 5,0-10 km: 0,shallow,light,-36.23351,-5.7789884
1437,1,4,2023-01-31 14:48:12,30.0239,-42.0252,10.0,4.6,mb: 0,25.543,us: 5,northern Mid-Atlantic Ridge,earthquake: 0,1.891,0.097,32.0,us,us: 5,20-30 km: 2,shallow,light,-25.62549,17.707994
1438,1,4,2023-01-31 16:07:10,-19.0377,-69.3349,122.822,4.7,mwr: 6,0.641,us: 5,"119 km ESE of Arica, Chile",earthquake: 0,4.165,0.068,21.0,us,us: 5,0-10 km: 0,intermediate,light,62.10633,-44.665726
1439,1,4,2023-01-31 19:02:11,-15.8651,-173.0788,43.64,5.0,mb: 0,2.314,us: 5,"77 km E of Hihifo, Tonga",earthquake: 0,5.554,0.04,198.0,us,us: 5,0-10 km: 0,shallow,moderate,-57.93203,0.8573091
1440,1,4,2023-01-31 20:03:24,-16.639,168.2483,10.0,4.6,mb: 0,1.554,us: 5,"107 km SE of Lakatoro, Vanuatu",earthquake: 0,1.929,0.158,14.0,us,us: 5,0-10 km: 0,shallow,light,-5.0912824,-24.672758
1441,1,4,2023-01-31 20:04:35,9.0601,127.1036,10.0,4.8,mww: 7,2.488,us: 5,"89 km ENE of Aras-asan, Philippines",earthquake: 0,1.752,0.089,12.0,us,us: 5,0-10 km: 0,shallow,light,28.342741,-28.916836
1442,2,1,2023-02-01 00:21:59,-9.6025,159.7462,29.152,5.0,mb: 0,0.257,us: 5,"10 km NNE of Malango, Solomon Islands",earthquake: 0,4.019,0.064,78.0,us,us: 5,0-10 km: 0,shallow,moderate,19.197428,21.576174
1443,2,1,2023-02-01 03:14:15,2.4364,-30.6876,10.0,4.8,mb: 0,14.279,us: 5,central Mid-Atlantic Ridge,earthquake: 0,1.844,0.067,68.0,us,us: 5,10-20 km: 1,shallow,light,-32.680058,1.7779664
1444,2,1,2023-02-01 09:33:46,-5.2966,103.2863,62.107,4.6,mb: 0,0.987,us: 5,"140 km S of Pagar Alam, Indonesia",earthquake: 0,8.351,0.105,27.0,us,us: 5,0-10 km: 0,shallow,light,44.8636,22.65893
1445,2,1,2023-02-01 10:52:27,-9.8409,-78.5357,61.141,4.8,mb: 0,2.705,us: 5,"44 km SSW of Puerto Casma, Peru",earthquake: 0,6.767,0.086,41.0,us,us: 5,0-10 km: 0,shallow,light,-44.899418,0.14010996
1446,2,1,2023-02-01 10:53:21,40.1361,22.8003,15.031,4.6,mb: 0,1.17,us: 5,"22 km ENE of Leptokaryá, Greece",earthquake: 0,4.566,0.223,6.0,us,us: 5,0-10 km: 0,shallow,light,-12.258228,-17.355886
1447,2,1,2023-02-01 11:07:37,7.7079,126.2252,10.0,4.6,mb: 0,0.901,us: 5,"15 km ENE of Compostela, Philippines",earthquake: 0,1.894,0.105,27.0,us,us: 5,0-10 km: 0,shallow,light,-8.914021,-5.0623536
1448,2,1,2023-02-01 11:11:17,17.9475,-70.3727,47.1,5.0,mwr: 6,0.671,us: 5,"33 km S of Matanzas, Dominican Republic",earthquake: 0,6.694,0.042,55.0,us,us: 5,0-10 km: 0,shallow,moderate,55.444664,-47.893223
1449,2,1,2023-02-01 19:51:04,6.7763,-73.1251,154.167,4.6,mb: 0,0.879,us: 5,"5 km NW of Jordán, Colombia",earthquake: 0,5.308,0.035,246.0,us,us: 5,0-10 km: 0,intermediate,light,-22.300335,53.630894
1450,2,1,2023-02-01 21:14:57,-1.9108,-81.428,22.807,5.1,mww: 7,1.891,us: 5,"62 km WNW of Salinas, Ecuador",earthquake: 0,3.922,0.089,12.0,us,us: 5,0-10 km: 0,shallow,moderate,59.428722,-48.82559
1451,2,1,2023-02-02 01:23:43,-41.7509,84.7918,10.0,4.7,mb: 0,27.131,us: 5,southeast Indian Ridge,earthquake: 0,1.915,0.175,10.0,us,us: 5,20-30 km: 2,shallow,light,-13.532347,-34.22754
1452,2,1,2023-02-02 09:30:24,-0.2592,123.7721,91.751,4.6,mb: 0,1.267,us: 5,"Sulawesi, Indonesia",earthquake: 0,7.615,0.146,17.0,us,us: 5,0-10 km: 0,intermediate,light,41.36966,9.404503
1453,2,1,2023-02-02 12:19:11,-5.6197,103.89,63.707,4.7,mb: 0,1.559,us: 5,"140 km SW of Kotabumi, Indonesia",earthquake: 0,6.026,0.075,54.0,us,us: 5,0-10 km: 0,shallow,light,30.55541,32.320595
1454,2,1,2023-02-02 13:02:44,-37.636,175.7151,10.0,4.6,mb: 0,0.194,us: 5,North Island of New Zealand,earthquake: 0,1.839,0.158,12.0,us,us: 5,0-10 km: 0,shallow,light,-8.181643,-35.8932
1455,2,1,2023-02-02 13:13:23,16.6977,-60.9434,26.687,4.6,mwr: 6,0.4,us: 5,Leeward Islands,earthquake: 0,4.333,0.059,28.0,us,us: 5,0-10 km: 0,shallow,light,56.644615,-49.870182
1456,2,1,2023-02-02 17:42:18,14.0205,-91.4021,74.172,4.7,mb: 0,1.013,us: 5,"22 km SSW of Nueva Concepción, Guatemala",earthquake: 0,5.062,0.03,331.0,us,us: 5,0-10 km: 0,intermediate,light,-19.367975,53.79681
1457,2,1,2023-02-02 21:20:42,-25.8931,178.3907,639.011,4.6,mb: 0,4.671,us: 5,south of the Fiji Islands,earthquake: 0,4.65,0.071,59.0,us,us: 5,0-10 km: 0,deep,light,3.8930933,62.629955
1458,2,1,2023-02-02 23:05:05,2.4828,128.2209,81.032,5.0,mb: 0,1.902,us: 5,"86 km NNE of Tobelo, Indonesia",earthquake: 0,4.47,0.05,128.0,us,us: 5,0-10 km: 0,intermediate,moderate,24.38302,45.936348
1459,2,1,2023-02-03 00:10:06,-14.5964,166.7198,37.319,5.0,mb: 0,0.966,us: 5,"62 km NW of Port-Olry, Vanuatu",earthquake: 0,5.591,0.045,160.0,us,us: 5,0-10 km: 0,shallow,moderate,20.896368,47.388226
1460,2,1,2023-02-03 08:49:27,-58.9693,-61.1877,10.0,4.9,mb: 0,5.366,us: 5,Drake Passage,earthquake: 0,1.936,0.115,24.0,us,us: 5,0-10 km: 0,shallow,light,-29.874344,-43.388626
1461,2,1,2023-02-03 09:50:51,-18.862,-69.7288,101.183,4.6,mwr: 6,0.619,us: 5,"73 km SE of Arica, Chile",earthquake: 0,6.014,0.093,11.0,us,us: 5,0-10 km: 0,intermediate,light,61.643448,-45.471535
1462,2,1,2023-02-03 12:04:19,37.0348,96.9,10.0,5.0,mww: 7,5.579,us: 5,"northern Qinghai, China",earthquake: 0,1.733,0.08,15.0,us,us: 5,0-10 km: 0,shallow,moderate,20.7663,-49.190056
1463,2,1,2023-02-03 12:14:40,37.0695,96.9059,10.0,5.0,mb: 0,12.445,us: 5,"northern Qinghai, China",earthquake: 0,1.847,0.048,139.0,us,us: 5,10-20 km: 1,shallow,moderate,-13.953534,31.948685
1464,2,1,2023-02-03 17:23:40,2.6329,126.8298,31.589,4.9,mb: 0,1.925,us: 5,"164 km NW of Tobelo, Indonesia",earthquake: 0,4.808,0.061,92.0,us,us: 5,0-10 km: 0,shallow,light,21.59923,34.976723
1465,2,1,2023-02-03 17:54:31,-15.5304,167.524,126.571,5.2,mww: 7,5.866,us: 5,"38 km E of Luganville, Vanuatu",earthquake: 0,1.393,0.078,16.0,us,us: 5,0-10 km: 0,intermediate,moderate,35.105556,-16.840065
1466,2,1,2023-02-03 23:14:20,-38.8845,175.873,100.656,5.0,mww: 7,0.878,us: 5,"13 km NNE of Turangi, New Zealand",earthquake: 0,4.576,0.089,12.0,us,us: 5,0-10 km: 0,intermediate,moderate,33.986946,-15.430313
1467,2,1,2023-02-04 01:46:35,-7.0458,-80.8339,10.0,4.6,mb: 0,2.423,us: 5,off the coast of northern Peru,earthquake: 0,1.825,0.173,10.0,us,us: 5,0-10 km: 0,shallow,light,-30.241308,-12.026188
1468,2,1,2023-02-04 02:45:45,34.3241,45.7059,10.0,4.7,mb: 0,3.429,us: 5,"20 km SW of Sarpol-e Z?ah?b, Iran",earthquake: 0,1.853,0.055,99.0,us,us: 5,0-10 km: 0,shallow,light,-18.382599,28.004986
1469,2,1,2023-02-04 02:48:45,-2.544,140.6838,26.925,4.9,mb: 0,8.434,us: 5,"3 km WSW of Jayapura, Indonesia",earthquake: 0,4.723,0.074,58.0,us,us: 5,0-10 km: 0,shallow,light,25.952602,29.244957
1470,2,1,2023-02-04 06:04:14,34.9107,14.2405,10.0,4.7,mb: 0,4.085,us: 5,"104 km SSW of ?urrieq, Malta",earthquake: 0,1.802,0.092,36.0,us,us: 5,0-10 km: 0,shallow,light,-23.719435,18.2802
1471,2,1,2023-02-04 11:52:20,-29.4577,-72.4972,10.0,4.6,mb: 0,1.188,us: 5,"124 km WNW of Coquimbo, Chile",earthquake: 0,1.932,0.244,8.0,us,us: 5,0-10 km: 0,shallow,light,-49.436058,-28.312302
1472,2,1,2023-02-04 12:23:26,37.4442,72.6877,58.958,4.7,mb: 0,2.147,us: 5,"63 km NNE of Khand?d, Afghanistan",earthquake: 0,6.256,0.07,62.0,us,us: 5,0-10 km: 0,shallow,light,9.48293,33.373398
1473,2,1,2023-02-04 12:48:43,12.0666,-88.152,10.0,4.7,mb: 0,1.485,us: 5,"106 km SW of Jiquilillo, Nicaragua",earthquake: 0,1.923,0.062,78.0,us,us: 5,0-10 km: 0,shallow,light,-35.255596,3.5207806
1474,2,1,2023-02-04 16:35:39,12.5779,-88.3187,57.431,4.6,mb: 0,1.272,us: 5,off the coast of Central America,earthquake: 0,7.356,0.037,214.0,us,us: 5,0-10 km: 0,shallow,light,-23.718353,54.12613
1475,2,1,2023-02-04 17:34:16,14.6538,119.5729,26.706,4.6,mb: 0,8.245,us: 5,"63 km WSW of San Nicolas, Philippines",earthquake: 0,5.336,0.087,41.0,us,us: 5,0-10 km: 0,shallow,light,28.16648,21.54716
1476,2,1,2023-02-04 19:03:04,-10.8026,165.3579,10.0,4.6,mb: 0,5.497,us: 5,Santa Cruz Islands,earthquake: 0,1.896,0.122,21.0,us,us: 5,0-10 km: 0,shallow,light,0.4812992,-18.686117
1477,2,1,2023-02-04 22:10:30,-19.947,-173.2462,10.0,4.7,mb: 0,1.046,us: 5,"116 km E of Pangai, Tonga",earthquake: 0,1.834,0.13,18.0,us,us: 5,0-10 km: 0,shallow,light,-61.890686,-19.955757
1478,2,1,2023-02-05 00:03:19,32.655,141.6605,11.0,5.8,mww: 7,1.62,us: 5,"Izu Islands, Japan region",earthquake: 0,1.755,0.058,29.0,us,us: 5,0-10 km: 0,shallow,moderate,31.995201,-45.709946
1479,2,1,2023-02-05 01:02:45,-29.6487,-71.2511,70.157,5.5,mww: 7,0.269,us: 5,"28 km N of La Serena, Chile",earthquake: 0,2.978,0.061,26.0,us,us: 5,0-10 km: 0,intermediate,moderate,60.788696,-37.87357
1480,2,1,2023-02-05 01:14:22,55.9057,162.6616,53.625,4.9,mb: 0,3.718,us: 5,"37 km SSE of Ust’-Kamchatsk Staryy, Russia",earthquake: 0,5.884,0.047,140.0,us,us: 5,0-10 km: 0,shallow,light,4.6688113,40.649704
1481,2,1,2023-02-05 04:40:16,-5.1969,152.2893,59.968,4.6,mb: 0,1.007,us: 5,"New Britain region, Papua New Guinea",earthquake: 0,5.502,0.089,38.0,us,us: 5,0-10 km: 0,shallow,light,36.429695,27.249002
1482,2,1,2023-02-05 05:12:22,-21.7834,-173.9474,10.0,4.9,mb: 0,1.32,us: 5,"115 km ESE of ‘Ohonua, Tonga",earthquake: 0,1.844,0.09,39.0,us,us: 5,0-10 km: 0,shallow,light,-65.25827,-9.711245
1483,2,1,2023-02-05 09:59:20,7.7496,126.0653,12.107,4.6,mb: 0,0.83,us: 5,"1 km NNW of Babag, Philippines",earthquake: 0,4.397,0.065,71.0,us,us: 5,0-10 km: 0,shallow,light,24.293304,33.354736
1484,2,1,2023-02-05 10:31:32,-24.3072,-67.2071,175.925,4.6,mb: 0,1.617,us: 5,"90 km W of San Antonio de los Cobres, Argentina",earthquake: 0,6.868,0.107,26.0,us,us: 5,0-10 km: 0,intermediate,light,-44.067772,-10.532824
1485,2,1,2023-02-05 21:58:49,27.1901,143.4904,10.0,4.7,mb: 0,1.167,us: 5,"Bonin Islands, Japan region",earthquake: 0,1.87,0.076,53.0,us,us: 5,0-10 km: 0,shallow,light,-10.671673,16.921604
1486,2,1,2023-02-05 22:08:48,24.5842,123.5063,70.98,4.6,mb: 0,0.466,us: 5,"southwestern Ryukyu Islands, Japan",earthquake: 0,4.431,0.173,10.0,us,us: 5,0-10 km: 0,intermediate,light,27.360712,4.738853
1487,2,1,2023-02-06 01:17:34,37.2256,37.0143,10.0,7.8,mww: 7,0.165,us: 5,"Pazarcik earthquake, Kahramanmaras earthquake sequence",earthquake: 0,1.784,0.05,38.0,us,us: 5,0-10 km: 0,shallow,major,39.015186,-46.71967
1488,2,1,2023-02-06 01:26:50,37.2252,37.0001,10.0,5.7,mb: 0,0.175,us: 5,"24 km ENE of Nurda??, Turkey",earthquake: 0,1.789,0.072,69.0,us,us: 5,0-10 km: 0,shallow,moderate,-16.474218,24.419918
1489,2,1,2023-02-06 01:28:15,37.1893,36.8929,9.797,6.7,mww: 7,0.254,us: 5,"14 km E of Nurda??, Turkey",earthquake: 0,3.333,0.098,10.0,us,us: 5,0-10 km: 0,shallow,strong,36.810696,-46.57023
1490,2,1,2023-02-06 01:36:27,36.9921,36.6832,10.0,5.6,mb: 0,0.458,us: 5,Turkey-Syria border region,earthquake: 0,1.76,0.052,128.0,us,us: 5,0-10 km: 0,shallow,moderate,-16.297487,35.769985
1491,2,1,2023-02-06 01:40:48,36.6696,36.4767,10.0,4.7,mb: 0,0.772,us: 5,"14 km SSW of A?a?? Karafak?l?, Turkey",earthquake: 0,1.926,0.225,6.0,us,us: 5,0-10 km: 0,shallow,light,-13.23819,-17.686403
1492,2,1,2023-02-06 01:41:15,37.9792,38.5117,14.252,4.6,mb: 0,2.267,us: 5,"10 km SW of Sincik, Turkey",earthquake: 0,3.691,0.119,21.0,us,us: 5,0-10 km: 0,shallow,light,-23.654978,14.096147
1493,2,1,2023-02-06 01:47:43,38.6055,40.5767,11.35,4.6,mb: 0,1.142,us: 5,"15 km S of Genç, Turkey",earthquake: 0,6.644,0.207,7.0,us,us: 5,0-10 km: 0,shallow,light,-11.575384,-17.001295
1494,2,1,2023-02-06 01:48:12,37.9828,38.1435,10.0,4.9,mb: 0,0.763,us: 5,"9 km WSW of Çelikhan, Turkey",earthquake: 0,1.625,0.077,53.0,us,us: 5,0-10 km: 0,shallow,light,-21.008984,20.461372
1495,2,1,2023-02-06 01:50:10,38.2407,38.7424,15.123,4.8,mb: 0,0.801,us: 5,"25 km NNE of Sincik, Turkey",earthquake: 0,4.766,0.094,35.0,us,us: 5,0-10 km: 0,shallow,light,1.7435275,23.996237
1496,2,1,2023-02-06 01:51:43,37.4756,37.1578,7.445,4.7,mb: 0,0.306,us: 5,"12 km W of Pazarc?k, Turkey",earthquake: 0,4.304,0.08,47.0,us,us: 5,0-10 km: 0,shallow,light,2.1405745,24.781986
1497,2,1,2023-02-06 01:57:26,35.1453,35.3142,10.0,4.7,mb: 0,2.538,us: 5,"57 km W of B?niy?s, Syria",earthquake: 0,1.927,0.076,52.0,us,us: 5,0-10 km: 0,shallow,light,-22.019665,20.564438
1498,2,1,2023-02-06 01:58:23,37.0302,36.6208,10.0,5.1,mb: 0,0.492,us: 5,"12 km SSE of Hasanbeyli, Turkey",earthquake: 0,1.841,0.06,91.0,us,us: 5,0-10 km: 0,shallow,moderate,-19.285774,25.528038
1499,2,1,2023-02-06 02:01:45,37.3512,37.095,10.502,4.8,mb: 0,0.201,us: 5,"23 km SW of Pazarc?k, Turkey",earthquake: 0,4.226,0.076,53.0,us,us: 5,0-10 km: 0,shallow,light,1.8937843,25.340122
1500,2,1,2023-02-06 02:03:37,37.7712,37.9141,16.929,5.3,mb: 0,0.792,us: 5,Central Turkey,earthquake: 0,3.347,0.052,122.0,us,us: 5,0-10 km: 0,shallow,moderate,-15.317528,36.00745
1501,2,1,2023-02-06 02:06:23,37.9227,38.0613,10.0,5.0,mb: 0,0.771,us: 5,"19 km NE of Tut, Turkey",earthquake: 0,1.816,0.068,68.0,us,us: 5,0-10 km: 0,shallow,moderate,-19.923878,24.62224
1502,2,1,2023-02-06 02:17:40,37.1024,36.7301,12.201,4.8,mb: 0,0.389,us: 5,"7 km S of Nurda??, Turkey",earthquake: 0,4.372,0.071,61.0,us,us: 5,0-10 km: 0,shallow,light,1.8869205,25.81498
1503,2,1,2023-02-06 02:22:37,-30.6076,-178.0254,41.475,4.8,mb: 0,1.344,us: 5,"Kermadec Islands, New Zealand",earthquake: 0,7.257,0.124,20.0,us,us: 5,0-10 km: 0,shallow,light,-51.561546,-12.205392
1504,2,1,2023-02-06 02:23:14,37.1816,36.9658,11.359,5.3,mb: 0,0.195,us: 5,"20 km E of Nurda??, Turkey",earthquake: 0,3.519,0.046,159.0,us,us: 5,0-10 km: 0,shallow,moderate,-15.286852,35.751743
1505,2,1,2023-02-06 02:54:00,36.7084,36.3519,10.0,4.7,mb: 0,0.828,us: 5,"14 km ENE of Denizciler, Turkey",earthquake: 0,1.839,0.056,96.0,us,us: 5,0-10 km: 0,shallow,light,-18.8148,27.942448
1506,2,1,2023-02-06 03:04:45,38.1742,38.482,16.696,4.7,mb: 0,0.78,us: 5,"19 km NW of Sincik, Turkey",earthquake: 0,4.053,0.06,84.0,us,us: 5,0-10 km: 0,shallow,light,1.9566592,28.015352
1507,2,1,2023-02-06 03:45:48,38.1656,38.65,16.431,4.8,mb: 0,0.736,us: 5,"14 km NNE of Sincik, Turkey",earthquake: 0,3.729,0.056,99.0,us,us: 5,0-10 km: 0,shallow,light,1.0151423,29.108648
1508,2,1,2023-02-06 04:18:46,38.1845,38.5342,16.416,5.0,mb: 0,0.776,us: 5,"17 km NNW of Sincik, Turkey",earthquake: 0,3.967,0.053,112.0,us,us: 5,0-10 km: 0,shallow,moderate,-0.050976604,29.850927
1509,2,1,2023-02-06 05:01:50,37.7898,37.8568,16.551,4.6,mb: 0,0.803,us: 5,"5 km W of Tut, Turkey",earthquake: 0,3.182,0.068,64.0,us,us: 5,0-10 km: 0,shallow,light,1.6250244,27.019302
1510,2,1,2023-02-06 05:33:10,38.0957,38.2361,15.345,4.6,mb: 0,0.801,us: 5,"7 km N of Çelikhan, Turkey",earthquake: 0,4.503,0.084,42.0,us,us: 5,0-10 km: 0,shallow,light,2.3571167,24.260784
1511,2,1,2023-02-06 05:36:33,36.2975,36.2085,13.032,4.6,mb: 0,1.187,us: 5,"1 km N of Büyük Dalyan, Turkey",earthquake: 0,4.53,0.067,66.0,us,us: 5,0-10 km: 0,shallow,light,2.3770013,26.49627
1512,2,1,2023-02-06 05:43:49,36.2606,36.2043,10.0,4.6,mb: 0,1.217,us: 5,"3 km S of Büyük Dalyan, Turkey",earthquake: 0,1.869,0.09,37.0,us,us: 5,0-10 km: 0,shallow,light,-23.206505,18.376478
1513,2,1,2023-02-06 06:26:28,37.3961,37.1506,10.0,4.6,mb: 0,0.229,us: 5,"16 km SW of Pazarc?k, Turkey",earthquake: 0,1.902,0.081,45.0,us,us: 5,0-10 km: 0,shallow,light,-22.841656,19.327213
1514,2,1,2023-02-06 06:54:57,37.6427,37.394,10.0,4.8,mwr: 6,0.492,us: 5,"14 km SE of Ça?layancerit, Turkey",earthquake: 0,1.797,0.063,24.0,us,us: 5,0-10 km: 0,shallow,light,14.764702,-56.942257
1515,2,1,2023-02-06 07:11:32,-7.6791,117.1506,326.66,4.9,mb: 0,1.298,us: 5,"88 km NNW of Pototano, Indonesia",earthquake: 0,6.517,0.055,105.0,us,us: 5,0-10 km: 0,deep,light,39.447617,45.878315
1516,2,1,2023-02-06 07:41:14,37.8718,38.0812,10.0,4.6,mb: 0,0.984,us: 5,eastern Turkey,earthquake: 0,1.907,0.114,23.0,us,us: 5,0-10 km: 0,shallow,light,-24.61395,13.925814
1517,2,1,2023-02-06 07:42:22,-0.3604,123.1891,10.0,4.6,mb: 0,2.816,us: 5,"79 km NE of Luwuk, Indonesia",earthquake: 0,1.855,0.085,41.0,us,us: 5,0-10 km: 0,shallow,light,-0.5693331,-6.3592467
1518,2,1,2023-02-06 08:52:37,37.4633,37.2102,10.0,4.8,mb: 0,0.291,us: 5,Central Turkey,earthquake: 0,1.621,0.069,65.0,us,us: 5,0-10 km: 0,shallow,light,-21.015497,21.91604
1519,2,1,2023-02-06 09:23:45,36.9214,36.427,10.0,4.6,mb: 0,0.661,us: 5,"15 km NNW of Hassa, Turkey",earthquake: 0,1.847,0.081,46.0,us,us: 5,0-10 km: 0,shallow,light,-22.830952,19.376543
1520,2,1,2023-02-06 10:24:48,38.0106,37.1962,7.432,7.5,mww: 7,0.73,us: 5,"Elbistan earthquake, Kahramanmaras earthquake sequence",earthquake: 0,3.709,0.041,58.0,us,us: 5,0-10 km: 0,shallow,major,38.9758,-46.813007
1521,2,1,2023-02-06 10:26:46,38.0315,38.0984,10.0,6.0,mb: 0,1.111,us: 5,"12 km W of Çelikhan, Turkey",earthquake: 0,1.605,0.081,57.0,us,us: 5,0-10 km: 0,shallow,strong,-16.436602,24.390617
1522,2,1,2023-02-06 10:32:08,37.9962,37.2033,14.057,5.4,mb: 0,0.742,us: 5,"7 km S of Ekinözü, Turkey",earthquake: 0,3.651,0.176,20.0,us,us: 5,0-10 km: 0,shallow,moderate,-20.862877,14.001947
1523,2,1,2023-02-06 10:35:58,38.0249,37.8023,10.0,5.8,mb: 0,0.973,us: 5,"9 km SW of Do?an?ehir, Turkey",earthquake: 0,1.797,0.051,141.0,us,us: 5,0-10 km: 0,shallow,moderate,-16.350874,35.774616
1524,2,1,2023-02-06 10:44:46,38.034,37.7967,11.982,4.6,mb: 0,0.979,us: 5,"8 km SW of Do?an?ehir, Turkey",earthquake: 0,4.384,0.183,12.0,us,us: 5,0-10 km: 0,shallow,light,-11.7123165,-16.520588
1525,2,1,2023-02-06 10:46:56,38.039,36.8385,10.0,4.7,mb: 0,0.495,us: 5,"24 km SSW of Af?in, Turkey",earthquake: 0,1.793,0.175,14.0,us,us: 5,0-10 km: 0,shallow,light,-13.141798,-16.351936
1526,2,1,2023-02-06 10:50:56,37.6189,37.9263,10.0,4.6,mb: 0,0.724,us: 5,Central Turkey,earthquake: 0,1.892,0.132,17.0,us,us: 5,0-10 km: 0,shallow,light,-25.083416,13.598404
1527,2,1,2023-02-06 10:51:30,38.248,38.1847,10.0,5.7,mb: 0,0.95,us: 5,"7 km SW of Ye?ilyurt, Turkey",earthquake: 0,1.773,0.047,158.0,us,us: 5,0-10 km: 0,shallow,moderate,-16.270828,35.73863
1528,2,1,2023-02-06 10:56:24,37.9728,37.3801,10.0,4.6,mb: 0,0.811,us: 5,"5 km W of Nurhak, Turkey",earthquake: 0,1.926,0.222,6.0,us,us: 5,0-10 km: 0,shallow,light,-13.277329,-17.712791
1529,2,1,2023-02-06 11:01:36,37.8259,37.4436,13.77,4.8,mb: 0,0.679,us: 5,"15 km S of Nurhak, Turkey",earthquake: 0,3.889,0.109,26.0,us,us: 5,0-10 km: 0,shallow,light,-23.145348,14.516202
1530,2,1,2023-02-06 11:05:35,38.0752,36.7588,5.968,5.1,mb: 0,0.426,us: 5,"23 km SW of Af?in, Turkey",earthquake: 0,4.724,0.071,64.0,us,us: 5,0-10 km: 0,shallow,moderate,1.0941958,25.669455
1531,2,1,2023-02-06 11:11:40,37.9593,37.3732,10.0,4.9,mb: 0,0.797,us: 5,"5 km W of Nurhak, Turkey",earthquake: 0,1.888,0.078,52.0,us,us: 5,0-10 km: 0,shallow,light,-21.020731,20.400446
1532,2,1,2023-02-06 11:39:41,38.0622,36.5678,11.405,4.8,mb: 0,0.364,us: 5,"7 km NE of Göksun, Turkey",earthquake: 0,4.525,0.07,62.0,us,us: 5,0-10 km: 0,shallow,light,1.891618,25.857243
1533,2,1,2023-02-06 11:58:37,38.0509,37.5686,15.351,4.7,mb: 0,0.922,us: 5,"14 km NE of Nurhak, Turkey",earthquake: 0,3.359,0.066,70.0,us,us: 5,0-10 km: 0,shallow,light,1.7438002,27.135069
1534,2,1,2023-02-06 12:02:11,38.0582,36.5114,8.516,6.0,mb: 0,0.356,us: 5,"4 km NNE of Göksun, Turkey",earthquake: 0,3.954,0.024,647.0,us,us: 5,0-10 km: 0,shallow,strong,-12.538695,54.90919
1535,2,1,2023-02-06 12:13:48,37.9248,37.3761,17.77,4.7,mb: 0,0.763,us: 5,"7 km SW of Nurhak, Turkey",earthquake: 0,4.0,0.063,78.0,us,us: 5,0-10 km: 0,shallow,light,2.0090358,27.528147
1536,2,1,2023-02-06 12:34:43,38.0972,38.2339,14.471,4.9,mb: 0,0.804,us: 5,"7 km N of Çelikhan, Turkey",earthquake: 0,4.518,0.087,42.0,us,us: 5,0-10 km: 0,shallow,light,1.5572286,24.558989
1537,2,1,2023-02-06 12:36:33,37.9664,37.7885,10.0,4.6,mb: 0,0.917,us: 5,Central Turkey,earthquake: 0,1.852,0.102,29.0,us,us: 5,0-10 km: 0,shallow,light,-23.853193,16.47137
1538,2,1,2023-02-06 12:54:39,38.0519,36.864,18.833,4.6,mb: 0,0.499,us: 5,"22 km SSW of Af?in, Turkey",earthquake: 0,4.53,0.085,41.0,us,us: 5,0-10 km: 0,shallow,light,2.3367226,24.187788
1539,2,1,2023-02-06 13:03:17,37.9978,37.4732,9.48,4.6,mb: 0,0.85,us: 5,"4 km NE of Nurhak, Turkey",earthquake: 0,4.502,0.085,41.0,us,us: 5,0-10 km: 0,shallow,light,2.3373837,24.19535
1540,2,1,2023-02-06 13:07:45,38.0384,37.371,16.904,5.0,mb: 0,0.836,us: 5,Central Turkey,earthquake: 0,3.632,0.053,115.0,us,us: 5,0-10 km: 0,shallow,moderate,-0.12421199,29.852573
1541,2,1,2023-02-06 13:09:21,36.2541,36.2923,10.0,4.6,mb: 0,1.176,us: 5,"4 km E of Kastal, Turkey",earthquake: 0,1.895,0.113,23.0,us,us: 5,0-10 km: 0,shallow,light,-24.606274,13.988756
1542,2,1,2023-02-06 13:11:56,38.0104,36.6564,10.0,4.7,mb: 0,0.945,us: 5,"14 km E of Göksun, Turkey",earthquake: 0,1.835,0.086,41.0,us,us: 5,0-10 km: 0,shallow,light,-22.806587,18.836443
1543,2,1,2023-02-06 13:12:27,37.9077,36.5237,10.0,4.8,mb: 0,1.082,us: 5,"12 km S of Göksun, Turkey",earthquake: 0,1.857,0.118,22.0,us,us: 5,0-10 km: 0,shallow,light,-24.687595,14.288211
1544,2,1,2023-02-06 13:17:42,37.9951,36.3843,10.0,4.9,mb: 0,0.412,us: 5,"10 km WSW of Göksun, Turkey",earthquake: 0,1.798,0.057,98.0,us,us: 5,0-10 km: 0,shallow,light,-19.132017,27.290936
1545,2,1,2023-02-06 13:39:24,38.0166,37.7013,10.0,5.3,mb: 0,0.929,us: 5,"16 km WSW of Do?an?ehir, Turkey",earthquake: 0,1.802,0.044,176.0,us,us: 5,0-10 km: 0,shallow,moderate,-15.521659,34.91665
1546,2,1,2023-02-06 13:44:51,37.9405,37.4916,16.865,5.0,mb: 0,0.799,us: 5,"5 km ESE of Nurhak, Turkey",earthquake: 0,3.84,0.055,105.0,us,us: 5,0-10 km: 0,shallow,moderate,-0.047437444,29.77221
1547,2,1,2023-02-06 14:29:57,37.9977,36.4927,10.0,4.7,mb: 0,0.413,us: 5,"2 km S of Göksun, Turkey",earthquake: 0,1.831,0.066,70.0,us,us: 5,0-10 km: 0,shallow,light,-20.551643,22.338413
1548,2,1,2023-02-06 15:14:34,37.8791,37.7355,10.0,4.9,mwr: 6,0.82,us: 5,"13 km NE of Gölba??, Turkey",earthquake: 0,1.804,0.063,24.0,us,us: 5,0-10 km: 0,shallow,light,15.40146,-56.858803
1549,2,1,2023-02-06 15:33:32,38.19,38.1756,7.43,5.4,mwr: 6,1.273,us: 5,eastern Turkey,earthquake: 0,1.918,0.08,15.0,us,us: 5,0-10 km: 0,shallow,moderate,21.50436,-52.805542
1550,2,1,2023-02-06 16:26:15,37.9826,36.8994,10.0,4.6,mb: 0,0.569,us: 5,"26 km WSW of Ekinözü, Turkey",earthquake: 0,1.812,0.064,72.0,us,us: 5,0-10 km: 0,shallow,light,-20.392828,22.46616
1551,2,1,2023-02-06 16:26:39,38.0385,36.5982,10.0,4.8,mb: 0,0.394,us: 5,"9 km ENE of Göksun, Turkey",earthquake: 0,1.832,0.054,107.0,us,us: 5,0-10 km: 0,shallow,light,-18.573107,28.39911
1552,2,1,2023-02-06 16:27:19,38.0468,36.4364,10.0,4.7,mwr: 6,0.36,us: 5,"6 km WNW of Göksun, Turkey",earthquake: 0,1.922,0.093,11.0,us,us: 5,0-10 km: 0,shallow,light,14.673304,-54.729923
1553,2,1,2023-02-06 16:28:08,37.4633,36.981,5.178,4.7,mb: 0,0.343,us: 5,"14 km SSE of Kahramanmara?, Turkey",earthquake: 0,4.494,0.096,33.0,us,us: 5,0-10 km: 0,shallow,light,1.9186779,23.751593
1554,2,1,2023-02-06 16:32:11,36.6625,36.4828,10.0,4.9,mb: 0,0.773,us: 5,"14 km SSW of A?a?? Karafak?l?, Turkey",earthquake: 0,1.816,0.053,110.0,us,us: 5,0-10 km: 0,shallow,light,-18.615406,28.554762
1555,2,1,2023-02-06 16:43:28,38.0007,36.5078,10.0,5.0,mwr: 6,0.412,us: 5,"2 km SSE of Göksun, Turkey",earthquake: 0,1.831,0.073,18.0,us,us: 5,0-10 km: 0,shallow,moderate,15.886497,-56.033184
1556,2,1,2023-02-06 17:32:50,-15.4623,-172.953,10.0,4.9,mb: 0,1.915,us: 5,Samoa Islands region,earthquake: 0,1.829,0.059,90.0,us,us: 5,0-10 km: 0,shallow,light,-62.903618,-4.4740906
1557,2,1,2023-02-06 20:05:35,38.0339,36.3096,10.0,4.8,mwr: 6,0.382,us: 5,"Adana, Turkey",earthquake: 0,1.81,0.06,27.0,us,us: 5,0-10 km: 0,shallow,light,14.738857,-57.32783
1558,2,1,2023-02-06 20:20:15,24.2348,121.8534,20.266,4.8,mb: 0,0.244,us: 5,"38 km NE of Hualien City, Taiwan",earthquake: 0,3.372,0.057,96.0,us,us: 5,0-10 km: 0,shallow,light,1.8613434,33.826912
1559,2,1,2023-02-06 20:37:51,37.2507,37.0859,10.0,5.3,mww: 7,0.126,us: 5,"32 km SW of Pazarc?k, Turkey",earthquake: 0,1.754,0.071,19.0,us,us: 5,0-10 km: 0,shallow,moderate,21.703115,-53.727192
1560,2,1,2023-02-06 20:44:00,38.0063,36.5773,10.0,4.8,mwr: 6,0.419,us: 5,Central Turkey,earthquake: 0,1.795,0.063,24.0,us,us: 5,0-10 km: 0,shallow,light,14.768999,-56.95166
1561,2,1,2023-02-06 20:53:24,38.2106,38.2511,10.0,4.8,mwr: 6,0.891,us: 5,"9 km S of Ye?ilyurt, Turkey",earthquake: 0,1.805,0.083,14.0,us,us: 5,0-10 km: 0,shallow,light,14.74294,-55.128494
1562,2,1,2023-02-06 21:15:18,38.072,37.034,10.235,4.9,mwr: 6,0.589,us: 5,"13 km W of Ekinözü, Turkey",earthquake: 0,3.056,0.052,35.0,us,us: 5,0-10 km: 0,shallow,light,11.983395,-57.195744
1563,2,1,2023-02-06 21:34:02,-24.3158,-67.2323,176.027,4.6,mb: 0,1.611,us: 5,"93 km W of San Antonio de los Cobres, Argentina",earthquake: 0,5.71,0.136,16.0,us,us: 5,0-10 km: 0,intermediate,light,-43.65523,-11.934489
1564,2,1,2023-02-06 21:57:43,38.032,36.5882,9.855,4.7,mwr: 6,0.398,us: 5,"8 km E of Göksun, Turkey",earthquake: 0,1.946,0.053,34.0,us,us: 5,0-10 km: 0,shallow,light,13.836228,-58.187294
1565,2,1,2023-02-06 22:20:48,-8.8627,-109.3659,10.0,5.0,mb: 0,28.343,us: 5,central East Pacific Rise,earthquake: 0,1.853,0.072,61.0,us,us: 5,20-30 km: 2,shallow,moderate,-37.86194,0.20287345
1566,2,1,2023-02-06 22:47:13,-8.79,-109.1973,10.0,4.7,mb: 0,31.113,us: 5,central East Pacific Rise,earthquake: 0,1.75,0.094,34.0,us,us: 5,30-40 km: 3,shallow,light,-35.52501,-3.7834635
1567,2,1,2023-02-06 23:51:38,-24.9869,-176.8704,90.233,4.6,mb: 0,4.098,us: 5,south of the Fiji Islands,earthquake: 0,6.668,0.081,46.0,us,us: 5,0-10 km: 0,intermediate,light,-52.3216,-6.818393
1568,2,1,2023-02-07 00:35:51,-7.2442,106.0073,50.524,5.4,mb: 0,4.174,us: 5,"66 km WSW of Pelabuhanratu, Indonesia",earthquake: 0,2.626,0.044,179.0,us,us: 5,0-10 km: 0,shallow,moderate,17.975988,48.739807
1569,2,1,2023-02-07 02:29:34,14.0618,145.0781,110.678,5.0,mb: 0,0.512,us: 5,"61 km NNE of Yigo Village, Guam",earthquake: 0,4.523,0.034,278.0,us,us: 5,0-10 km: 0,intermediate,moderate,-2.1986544,45.86729
1570,2,1,2023-02-07 02:47:37,35.9675,35.9849,10.0,4.7,mwr: 6,1.555,us: 5,"10 km NW of Yaylada??, Turkey",earthquake: 0,1.839,0.068,21.0,us,us: 5,0-10 km: 0,shallow,light,14.158216,-56.311607
1571,2,1,2023-02-07 02:56:17,6.8089,-73.0222,159.15,4.6,mb: 0,0.912,us: 5,northern Colombia,earthquake: 0,4.431,0.056,96.0,us,us: 5,0-10 km: 0,intermediate,light,-48.300896,3.2311814
1572,2,1,2023-02-07 03:08:57,37.917,37.6406,10.0,4.8,mwr: 6,0.717,us: 5,"14 km N of Gölba??, Turkey",earthquake: 0,1.854,0.057,30.0,us,us: 5,0-10 km: 0,shallow,light,14.646928,-57.681217
1573,2,1,2023-02-07 03:13:12,37.7639,37.7309,10.0,5.5,mww: 7,0.722,us: 5,"8 km ESE of Gölba??, Turkey",earthquake: 0,1.719,0.062,25.0,us,us: 5,0-10 km: 0,shallow,moderate,22.637337,-54.3256
1574,2,1,2023-02-07 03:16:16,37.6089,37.3755,10.0,4.6,mb: 0,0.392,us: 5,"15 km NNE of Pazarc?k, Turkey",earthquake: 0,1.946,0.122,20.0,us,us: 5,0-10 km: 0,shallow,light,-24.775713,13.727413
1575,2,1,2023-02-07 03:27:16,-0.2936,-16.7707,10.0,4.6,mb: 0,13.755,us: 5,north of Ascension Island,earthquake: 0,1.931,0.193,8.0,us,us: 5,10-20 km: 1,shallow,light,-29.19286,-12.408539
1576,2,1,2023-02-07 05:59:52,15.8878,145.9842,113.88,4.7,mb: 0,2.527,us: 5,"78 km NNE of Saipan, Northern Mariana Islands",earthquake: 0,6.689,0.051,117.0,us,us: 5,0-10 km: 0,intermediate,light,30.162903,45.04417
1577,2,1,2023-02-07 06:45:42,49.1578,155.9024,23.552,5.3,mww: 7,4.114,us: 5,"169 km S of Severo-Kuril’sk, Russia",earthquake: 0,4.018,0.073,18.0,us,us: 5,0-10 km: 0,shallow,moderate,19.695368,-36.63283
1578,2,1,2023-02-07 07:11:15,38.0971,38.6398,9.063,5.4,mww: 7,1.464,us: 5,"7 km NNE of Sincik, Turkey",earthquake: 0,3.088,0.053,34.0,us,us: 5,0-10 km: 0,shallow,moderate,22.56852,-55.97445
1579,2,1,2023-02-07 08:49:35,49.513,-28.4226,10.0,5.1,mww: 7,16.422,us: 5,northern Mid-Atlantic Ridge,earthquake: 0,1.723,0.05,38.0,us,us: 5,10-20 km: 1,shallow,moderate,21.600939,-60.256516
1580,2,1,2023-02-07 09:56:46,-3.5923,126.5778,10.0,4.7,mb: 0,3.445,us: 5,"178 km W of Ambon, Indonesia",earthquake: 0,1.877,0.098,32.0,us,us: 5,0-10 km: 0,shallow,light,-0.68071336,-8.977518
1581,2,1,2023-02-07 10:18:14,38.0164,38.57,12.988,5.3,mww: 7,0.608,us: 5,"4 km WSW of Sincik, Turkey",earthquake: 0,3.31,0.065,23.0,us,us: 5,0-10 km: 0,shallow,moderate,21.902987,-55.286633
1582,2,1,2023-02-07 10:27:32,38.3061,38.1915,16.052,4.6,mb: 0,0.997,us: 5,eastern Turkey,earthquake: 0,3.721,0.058,91.0,us,us: 5,0-10 km: 0,shallow,light,1.9149038,28.402115
1583,2,1,2023-02-07 10:37:17,36.0958,35.9441,10.0,4.6,mb: 0,1.48,us: 5,"9 km WSW of Uzunba?, Turkey",earthquake: 0,1.865,0.091,36.0,us,us: 5,0-10 km: 0,shallow,light,-23.256119,18.267574
1584,2,1,2023-02-07 10:45:02,14.0378,145.1816,98.487,4.6,mb: 0,0.54,us: 5,"Rota region, Northern Mariana Islands",earthquake: 0,6.677,0.103,28.0,us,us: 5,0-10 km: 0,intermediate,light,45.873623,15.490238
1585,2,1,2023-02-07 10:53:22,40.1816,23.6427,10.0,4.9,mb: 0,1.732,us: 5,"4 km SSW of Níkiti, Greece",earthquake: 0,1.865,0.067,69.0,us,us: 5,0-10 km: 0,shallow,light,-20.567007,24.575407
1586,2,1,2023-02-07 13:46:56,14.3575,122.9823,10.0,4.8,mb: 0,7.678,us: 5,"Luzon, Philippines",earthquake: 0,1.841,0.063,77.0,us,us: 5,0-10 km: 0,shallow,light,0.67781574,6.030064
1587,2,1,2023-02-07 14:20:19,9.5794,138.4239,10.0,5.2,mww: 7,7.466,us: 5,"State of Yap, Federated States of Micronesia",earthquake: 0,1.847,0.058,29.0,us,us: 5,0-10 km: 0,shallow,moderate,32.686333,-31.886553
1588,2,1,2023-02-07 15:31:28,37.3758,37.1447,10.0,4.7,mwr: 6,0.21,us: 5,"18 km SW of Pazarc?k, Turkey",earthquake: 0,1.867,0.063,24.0,us,us: 5,0-10 km: 0,shallow,light,14.026688,-56.883366
1589,2,1,2023-02-07 15:48:54,37.9939,36.4771,11.132,5.0,mww: 7,0.415,us: 5,"3 km SSW of Göksun, Turkey",earthquake: 0,3.312,0.062,25.0,us,us: 5,0-10 km: 0,shallow,moderate,19.425034,-56.05316
1590,2,1,2023-02-07 16:11:16,-21.135,-179.0498,613.484,4.8,mb: 0,3.59,us: 5,Fiji region,earthquake: 0,6.743,0.051,118.0,us,us: 5,0-10 km: 0,deep,light,-10.160989,70.18772
1591,2,1,2023-02-07 16:44:32,9.7081,138.3681,10.0,5.1,mb: 0,7.444,us: 5,"34 km NE of Colonia, Micronesia",earthquake: 0,1.792,0.052,121.0,us,us: 5,0-10 km: 0,shallow,moderate,6.718073,7.004615
1592,2,1,2023-02-07 18:09:59,37.9358,36.6013,17.857,5.3,mww: 7,0.409,us: 5,Central Turkey,earthquake: 0,2.021,0.093,11.0,us,us: 5,0-10 km: 0,shallow,moderate,20.687815,-51.935543
1593,2,1,2023-02-07 19:54:23,38.5889,39.9722,10.0,4.6,mwr: 6,1.424,us: 5,eastern Turkey,earthquake: 0,1.807,0.048,42.0,us,us: 5,0-10 km: 0,shallow,light,13.092269,-58.78603
1594,2,1,2023-02-07 21:16:06,-16.8113,-173.3557,82.212,4.8,mb: 0,1.928,us: 5,Tonga,earthquake: 0,6.205,0.135,17.0,us,us: 5,0-10 km: 0,intermediate,light,-49.915634,-11.302371
1595,2,1,2023-02-07 21:21:25,37.904,37.4957,3.541,4.7,mww: 7,0.618,us: 5,Central Turkey,earthquake: 0,3.849,0.075,17.0,us,us: 5,0-10 km: 0,shallow,light,10.589748,-54.982803
1596,2,1,2023-02-07 21:30:17,-10.6644,164.9618,51.214,5.3,mww: 7,5.086,us: 5,"91 km W of Lata, Solomon Islands",earthquake: 0,5.184,0.075,17.0,us,us: 5,0-10 km: 0,shallow,moderate,31.886316,-20.611897
1597,2,1,2023-02-07 21:31:36,7.1614,-76.9892,23.642,5.0,mb: 0,1.742,us: 5,northern Colombia,earthquake: 0,4.745,0.064,77.0,us,us: 5,0-10 km: 0,shallow,moderate,-39.219646,4.993394
1598,2,2,2023-02-08 04:52:01,46.4399,152.9221,35.0,4.6,mb: 0,7.355,us: 5,Kuril Islands,earthquake: 0,1.873,0.097,32.0,us,us: 5,0-10 km: 0,shallow,light,-14.875373,14.73476
1599,2,2,2023-02-08 06:26:34,5.4766,-82.6707,10.0,4.6,mb: 0,2.985,us: 5,"283 km S of Burica, Panama",earthquake: 0,1.952,0.125,21.0,us,us: 5,0-10 km: 0,shallow,light,-32.80511,-5.9921446
1600,2,2,2023-02-08 06:57:29,9.6523,138.4978,10.0,4.6,mb: 0,12.285,us: 5,"43 km ENE of Colonia, Micronesia",earthquake: 0,1.928,0.117,22.0,us,us: 5,10-20 km: 1,shallow,light,-12.014443,-6.1429873
1601,2,2,2023-02-08 07:48:31,38.0061,36.4959,10.0,5.0,mww: 7,0.405,us: 5,"1 km S of Göksun, Turkey",earthquake: 0,1.782,0.054,33.0,us,us: 5,0-10 km: 0,shallow,moderate,19.470137,-57.4945
1602,2,2,2023-02-08 10:49:59,23.3686,121.6164,32.526,4.8,mwr: 6,0.294,us: 5,"67 km S of Hualien City, Taiwan",earthquake: 0,4.789,0.06,27.0,us,us: 5,0-10 km: 0,shallow,light,15.977997,-40.435253
1603,2,2,2023-02-08 11:11:52,37.9389,37.6611,9.559,5.4,mww: 7,0.743,us: 5,"17 km N of Gölba??, Turkey",earthquake: 0,3.921,0.05,39.0,us,us: 5,0-10 km: 0,shallow,moderate,22.782549,-56.309696
1604,2,2,2023-02-08 11:28:49,-14.8733,166.694,10.0,4.8,mb: 0,6.095,us: 5,"44 km WNW of Port-Olry, Vanuatu",earthquake: 0,1.889,0.096,34.0,us,us: 5,0-10 km: 0,shallow,light,6.241442,-14.811758
1605,2,2,2023-02-08 11:35:34,-2.5466,140.6296,15.164,5.0,mb: 0,8.379,us: 5,"5 km N of Abepura, Indonesia",earthquake: 0,4.507,0.082,47.0,us,us: 5,0-10 km: 0,shallow,moderate,26.29819,28.420095
1606,2,2,2023-02-08 12:34:09,-2.644,140.5502,28.109,4.7,mb: 0,8.296,us: 5,"10 km WSW of Abepura, Indonesia",earthquake: 0,6.007,0.096,33.0,us,us: 5,0-10 km: 0,shallow,light,35.47918,25.758387
1607,2,2,2023-02-08 14:20:24,37.9963,37.4325,5.398,5.1,mww: 7,0.647,us: 5,"3 km N of Nurhak, Turkey",earthquake: 0,3.653,0.083,14.0,us,us: 5,0-10 km: 0,shallow,moderate,19.243954,-53.245438
1608,2,2,2023-02-08 15:16:16,16.7337,-86.0574,10.0,5.5,mww: 7,2.908,us: 5,north of Honduras,earthquake: 0,1.777,0.034,84.0,us,us: 5,0-10 km: 0,shallow,moderate,48.661003,-50.67683
1609,2,2,2023-02-08 15:32:40,-4.914,39.3912,10.0,4.7,mb: 0,2.872,us: 5,Kenya,earthquake: 0,1.635,0.094,34.0,us,us: 5,0-10 km: 0,shallow,light,-28.057985,-3.2890177
1610,2,2,2023-02-08 15:57:00,-5.7108,154.3324,108.432,5.0,mb: 0,2.636,us: 5,"144 km WNW of Panguna, Papua New Guinea",earthquake: 0,7.03,0.068,68.0,us,us: 5,0-10 km: 0,intermediate,moderate,36.29533,39.481674
1611,2,2,2023-02-08 17:07:43,-21.9744,-179.2929,582.548,4.7,mb: 0,3.889,us: 5,Fiji region,earthquake: 0,6.929,0.077,51.0,us,us: 5,0-10 km: 0,deep,light,-8.889984,72.429504
1612,2,2,2023-02-08 17:48:10,-2.5777,140.6658,23.641,4.6,mb: 0,8.414,us: 5,"4 km ENE of Abepura, Indonesia",earthquake: 0,5.323,0.091,36.0,us,us: 5,0-10 km: 0,shallow,light,30.581398,24.25741
1613,2,2,2023-02-09 00:28:18,-27.9549,-176.2675,10.0,5.1,mb: 0,1.946,us: 5,Kermadec Islands region,earthquake: 0,1.841,0.105,29.0,us,us: 5,0-10 km: 0,shallow,moderate,-67.7709,-15.130684
1614,2,2,2023-02-09 01:34:02,-37.1589,177.926,149.098,4.7,mb: 0,0.504,us: 5,"109 km NNE of Opotiki, New Zealand",earthquake: 0,3.347,0.152,13.0,us,us: 5,0-10 km: 0,intermediate,light,39.170467,18.752304
1615,2,2,2023-02-09 03:54:55,0.4469,100.2393,140.516,4.9,mb: 0,2.591,us: 5,"84 km N of Bukittinggi, Indonesia",earthquake: 0,8.331,0.177,10.0,us,us: 5,0-10 km: 0,intermediate,light,40.133656,3.7856345
1616,2,2,2023-02-09 06:27:58,-2.598,140.5588,9.924,5.1,mww: 7,8.307,us: 5,"8 km W of Abepura, Indonesia",earthquake: 0,4.43,0.093,11.0,us,us: 5,0-10 km: 0,shallow,moderate,28.807304,-23.084599
1617,2,2,2023-02-09 07:18:17,36.9611,36.6603,8.379,4.6,mwr: 6,0.487,us: 5,Turkey-Syria border region,earthquake: 0,4.158,0.056,31.0,us,us: 5,0-10 km: 0,shallow,light,10.514845,-56.14669
1618,2,2,2023-02-09 09:09:16,-55.715,-27.1882,35.0,5.4,mww: 7,5.542,us: 5,South Sandwich Islands region,earthquake: 0,1.885,0.083,14.0,us,us: 5,0-10 km: 0,shallow,moderate,59.40529,-25.00969
1619,2,2,2023-02-09 10:53:16,-10.76,161.6593,35.0,5.5,mww: 7,2.137,us: 5,"44 km SW of Kirakira, Solomon Islands",earthquake: 0,1.833,0.065,23.0,us,us: 5,0-10 km: 0,shallow,moderate,40.512825,-29.337606
1620,2,2,2023-02-09 13:53:03,0.8799,92.8215,10.0,4.6,mb: 0,4.772,us: 5,off the west coast of northern Sumatra,earthquake: 0,1.694,0.116,22.0,us,us: 5,0-10 km: 0,shallow,light,-5.499559,-9.061311
1621,2,2,2023-02-09 14:38:04,-4.2629,129.4962,134.213,4.6,mb: 0,0.482,us: 5,"120 km SSE of Amahai, Indonesia",earthquake: 0,3.187,0.095,33.0,us,us: 5,0-10 km: 0,intermediate,light,41.978745,38.18462
1622,2,2,2023-02-09 15:53:25,-30.3336,-177.7339,36.847,4.7,mb: 0,1.08,us: 5,"Kermadec Islands, New Zealand",earthquake: 0,13.12,0.153,13.0,us,us: 5,0-10 km: 0,shallow,light,-48.588577,-14.853463
1623,2,2,2023-02-09 19:07:37,28.4249,-43.7428,10.0,4.7,mb: 0,17.857,us: 5,northern Mid-Atlantic Ridge,earthquake: 0,1.809,0.06,83.0,us,us: 5,10-20 km: 1,shallow,light,-26.982317,23.194864
1624,2,2,2023-02-09 21:12:19,-1.2752,67.5616,10.0,5.5,mww: 7,5.71,us: 5,Carlsberg Ridge,earthquake: 0,1.835,0.062,25.0,us,us: 5,0-10 km: 0,shallow,moderate,36.499878,-31.546556
1625,2,2,2023-02-09 21:20:52,-55.6128,-27.1036,35.03,5.0,mb: 0,5.571,us: 5,South Sandwich Islands region,earthquake: 0,4.546,0.073,60.0,us,us: 5,0-10 km: 0,shallow,moderate,-26.67614,-51.75588
1626,2,2,2023-02-09 22:25:06,-26.6493,-178.2996,263.762,4.9,mb: 0,2.607,us: 5,south of the Fiji Islands,earthquake: 0,5.517,0.047,145.0,us,us: 5,0-10 km: 0,intermediate,light,-51.3065,-0.62143874
1627,2,2,2023-02-10 01:29:25,19.12,121.2107,38.682,4.9,mb: 0,3.681,us: 5,"56 km N of Namuac, Philippines",earthquake: 0,4.867,0.062,82.0,us,us: 5,0-10 km: 0,shallow,light,19.541824,31.272936
1628,2,2,2023-02-10 04:50:24,38.1736,38.1714,10.0,4.7,mwr: 6,0.894,us: 5,"15 km SSW of Ye?ilyurt, Turkey",earthquake: 0,1.85,0.05,39.0,us,us: 5,0-10 km: 0,shallow,light,13.801893,-58.64951
1629,2,2,2023-02-10 13:34:10,7.5159,-36.8163,10.0,4.9,mb: 0,15.912,us: 5,central Mid-Atlantic Ridge,earthquake: 0,1.876,0.067,70.0,us,us: 5,10-20 km: 1,shallow,light,-33.093365,2.2065246
1630,2,2,2023-02-10 13:37:10,24.8629,143.4746,11.93,4.6,mb: 0,2.508,us: 5,"Volcano Islands, Japan region",earthquake: 0,4.3,0.078,49.0,us,us: 5,0-10 km: 0,shallow,light,8.214508,27.461998
1631,2,2,2023-02-10 14:14:25,-55.4787,-26.8488,10.0,4.6,mb: 0,5.692,us: 5,South Sandwich Islands region,earthquake: 0,1.957,0.129,18.0,us,us: 5,0-10 km: 0,shallow,light,-34.146317,-44.089176
1632,2,2,2023-02-10 16:07:15,-30.1399,-177.9685,11.476,5.0,mb: 0,0.876,us: 5,"Kermadec Islands, New Zealand",earthquake: 0,3.752,0.092,41.0,us,us: 5,0-10 km: 0,shallow,moderate,-56.892258,-8.356097
1633,2,2,2023-02-10 17:00:51,37.8868,36.2951,2.087,4.7,mwr: 6,0.309,us: 5,"21 km ESE of Saimbeyli, Turkey",earthquake: 0,3.738,0.061,26.0,us,us: 5,0-10 km: 0,shallow,light,10.706488,-55.874825
1634,2,2,2023-02-10 17:06:21,-22.3128,-174.4285,10.0,5.3,mww: 7,1.347,us: 5,"121 km SSE of ‘Ohonua, Tonga",earthquake: 0,0.769,0.089,12.0,us,us: 5,0-10 km: 0,shallow,moderate,67.5938,-32.559658
1635,2,2,2023-02-10 18:20:54,-2.2921,140.1828,25.298,5.0,mb: 0,7.95,us: 5,"60 km NW of Abepura, Indonesia",earthquake: 0,4.501,0.072,68.0,us,us: 5,0-10 km: 0,shallow,moderate,24.754553,29.527864
1636,2,2,2023-02-10 20:16:34,-5.2686,153.341,55.103,5.2,mb: 0,1.588,us: 5,"New Ireland region, Papua New Guinea",earthquake: 0,4.487,0.049,141.0,us,us: 5,0-10 km: 0,shallow,moderate,21.00125,46.71673
1637,2,2,2023-02-10 22:55:54,-38.2035,-93.539,10.0,4.8,mb: 0,12.759,us: 5,West Chile Rise,earthquake: 0,1.402,0.061,84.0,us,us: 5,10-20 km: 1,shallow,light,-31.376158,-30.531038
1638,2,2,2023-02-11 06:28:13,38.0647,36.5778,8.106,4.6,mb: 0,0.364,us: 5,"8 km NE of Göksun, Turkey",earthquake: 0,5.35,0.173,10.0,us,us: 5,0-10 km: 0,shallow,light,-11.500404,-16.428207
1639,2,2,2023-02-11 07:55:41,37.0598,36.95,4.748,4.6,mwr: 6,0.236,us: 5,"19 km N of Musabeyli, Turkey",earthquake: 0,4.594,0.058,29.0,us,us: 5,0-10 km: 0,shallow,light,10.334816,-56.0031
1640,2,2,2023-02-11 08:55:05,3.5892,126.6923,25.0,5.9,mww: 7,2.879,us: 5,"242 km SE of Sarangani, Philippines",earthquake: 0,1.86,0.052,35.0,us,us: 5,0-10 km: 0,shallow,moderate,38.981,-34.64634
1641,2,2,2023-02-11 11:35:48,23.3969,121.6211,35.037,4.7,mb: 0,0.298,us: 5,"64 km S of Hualien City, Taiwan",earthquake: 0,5.309,0.065,72.0,us,us: 5,0-10 km: 0,shallow,light,8.305377,30.251566
1642,2,2,2023-02-11 15:31:26,-35.3616,-15.5697,10.0,5.6,mww: 7,21.229,us: 5,Tristan da Cunha region,earthquake: 0,1.881,0.073,18.0,us,us: 5,20-30 km: 2,shallow,moderate,58.042973,-27.127445
1643,2,2,2023-02-11 19:20:08,-34.8363,-179.8102,35.582,4.8,mb: 0,3.118,us: 5,south of the Kermadec Islands,earthquake: 0,6.074,0.167,11.0,us,us: 5,0-10 km: 0,shallow,light,-51.34303,-16.185896
1644,2,2,2023-02-11 22:57:16,-22.7031,69.1148,10.0,4.6,mb: 0,6.109,us: 5,Mid-Indian Ridge,earthquake: 0,1.694,0.114,23.0,us,us: 5,0-10 km: 0,shallow,light,-19.406301,-37.385506
1645,2,2,2023-02-12 07:08:22,17.5544,-46.5341,10.0,5.1,mww: 7,13.738,us: 5,northern Mid-Atlantic Ridge,earthquake: 0,1.856,0.071,19.0,us,us: 5,10-20 km: 1,shallow,moderate,53.89187,-52.434383
1646,2,2,2023-02-12 11:41:37,10.1176,126.5319,33.413,5.0,mb: 0,3.172,us: 5,Philippine Islands region,earthquake: 0,5.148,0.072,61.0,us,us: 5,0-10 km: 0,shallow,moderate,24.729757,30.851816
1647,2,2,2023-02-12 16:29:49,38.824,38.031,10.0,5.0,mww: 7,0.359,us: 5,"8 km E of Hekimhan, Turkey",earthquake: 0,1.842,0.053,34.0,us,us: 5,0-10 km: 0,shallow,moderate,19.51435,-57.5143
1648,2,2,2023-02-12 17:38:09,-1.6638,134.0766,61.167,5.1,mww: 7,2.211,us: 5,"20 km SSW of Ransiki, Indonesia",earthquake: 0,5.127,0.089,12.0,us,us: 5,0-10 km: 0,shallow,moderate,28.90898,-19.670174
1649,2,2,2023-02-12 18:07:06,0.7983,-26.287,10.0,4.6,mb: 0,14.328,us: 5,central Mid-Atlantic Ridge,earthquake: 0,1.93,0.206,8.0,us,us: 5,10-20 km: 1,shallow,light,-29.132225,-12.600698
1650,2,2,2023-02-12 18:33:14,37.3429,36.9989,9.339,4.7,mwr: 6,0.18,us: 5,"27 km SSE of Kahramanmara?, Turkey",earthquake: 0,3.738,0.071,19.0,us,us: 5,0-10 km: 0,shallow,light,10.751795,-55.43275
1651,2,2,2023-02-12 18:43:32,-6.2768,152.109,10.0,4.6,mb: 0,2.073,us: 5,"214 km S of Kokopo, Papua New Guinea",earthquake: 0,1.932,0.145,14.0,us,us: 5,0-10 km: 0,shallow,light,-4.9784937,-18.688353
1652,2,2,2023-02-12 19:28:44,17.1552,-61.0709,32.256,4.6,mb: 0,0.786,us: 5,Leeward Islands,earthquake: 0,5.508,0.061,80.0,us,us: 5,0-10 km: 0,shallow,light,-40.057865,5.00874
1653,2,2,2023-02-13 00:22:21,-29.9065,-177.9672,69.178,4.8,mb: 0,0.644,us: 5,"Kermadec Islands, New Zealand",earthquake: 0,6.534,0.211,7.0,us,us: 5,0-10 km: 0,shallow,light,-48.373768,-19.062452
1654,2,2,2023-02-13 01:02:42,37.695,141.6575,57.976,4.6,mwr: 6,2.987,us: 5,"60 km E of Minami-S?ma, Japan",earthquake: 0,5.208,0.078,16.0,us,us: 5,0-10 km: 0,shallow,light,15.066859,-39.557495
1655,2,2,2023-02-13 01:21:38,-22.2048,-175.4129,59.79,4.7,mb: 0,1.048,us: 5,"106 km SSW of ‘Ohonua, Tonga",earthquake: 0,2.064,0.12,21.0,us,us: 5,0-10 km: 0,shallow,light,-61.45963,-18.445343
1656,2,2,2023-02-13 02:33:25,-7.412,128.8569,157.564,4.8,mb: 0,2.486,us: 5,"238 km ENE of Lospalos, Timor Leste",earthquake: 0,5.547,0.059,88.0,us,us: 5,0-10 km: 0,intermediate,light,37.236347,42.478893
1657,2,2,2023-02-13 05:57:00,46.6311,151.5297,83.97,5.2,mww: 7,7.57,us: 5,Kuril Islands,earthquake: 0,3.425,0.08,15.0,us,us: 5,0-10 km: 0,intermediate,moderate,17.81668,-35.26714
1658,2,2,2023-02-13 07:57:48,9.8043,126.4278,35.0,4.8,mb: 0,2.844,us: 5,"35 km E of Union, Philippines",earthquake: 0,1.888,0.077,52.0,us,us: 5,0-10 km: 0,shallow,light,-1.4983587,2.9527953
1659,2,2,2023-02-13 09:18:12,-29.3698,-178.9718,354.0,6.1,mww: 7,0.919,us: 5,"Kermadec Islands, New Zealand",earthquake: 0,1.679,0.049,40.0,us,us: 5,0-10 km: 0,deep,strong,56.9544,-37.592033
1660,2,2,2023-02-13 14:58:05,45.1309,23.1834,10.0,5.0,mww: 7,1.192,us: 5,"0 km ESE of Dobri?a, Romania",earthquake: 0,1.792,0.057,30.0,us,us: 5,0-10 km: 0,shallow,moderate,19.352043,-57.83406
1661,2,2,2023-02-13 15:40:50,0.4212,129.3998,18.201,4.7,mb: 0,2.063,us: 5,"127 km ESE of Maba, Indonesia",earthquake: 0,3.727,0.098,32.0,us,us: 5,0-10 km: 0,shallow,light,30.375734,21.485956
1662,2,2,2023-02-13 16:55:54,-52.4396,26.4463,10.0,4.9,mb: 0,20.462,us: 5,south of Africa,earthquake: 0,1.851,0.128,19.0,us,us: 5,20-30 km: 2,shallow,light,-31.591896,-41.919487
1663,2,2,2023-02-13 18:18:54,42.4829,145.0971,29.312,4.8,mb: 0,1.514,us: 5,"64 km SSE of Akkeshi, Japan",earthquake: 0,4.407,0.051,121.0,us,us: 5,0-10 km: 0,shallow,light,4.553806,37.690014
1664,2,2,2023-02-13 18:38:49,38.8964,92.673,10.0,5.1,mb: 0,9.246,us: 5,"223 km SW of Dunhuang, China",earthquake: 0,1.795,0.048,140.0,us,us: 5,0-10 km: 0,shallow,moderate,-14.068077,32.114304
1665,2,2,2023-02-13 19:20:27,38.0051,36.42,7.437,4.6,mwr: 6,0.958,us: 5,Central Turkey,earthquake: 0,3.363,0.063,24.0,us,us: 5,0-10 km: 0,shallow,light,11.028371,-55.871777
1666,2,2,2023-02-14 01:45:15,67.7822,-18.6147,10.0,4.6,mb: 0,2.965,us: 5,"182 km N of Siglufjörður, Iceland",earthquake: 0,1.835,0.079,47.0,us,us: 5,0-10 km: 0,shallow,light,-26.791132,27.57679
1667,2,2,2023-02-14 02:03:16,-15.3552,167.541,119.646,5.2,mww: 7,0.338,us: 5,"44 km ENE of Luganville, Vanuatu",earthquake: 0,3.289,0.089,12.0,us,us: 5,0-10 km: 0,intermediate,moderate,34.576965,-16.771282
1668,2,2,2023-02-14 06:02:19,0.4766,121.0268,100.759,4.7,mww: 7,0.676,us: 5,"200 km NE of Palu, Indonesia",earthquake: 0,5.349,0.098,10.0,us,us: 5,0-10 km: 0,intermediate,light,28.7328,-16.586685
1669,2,2,2023-02-14 09:00:24,-4.7514,133.8255,10.0,4.6,mb: 0,2.406,us: 5,"153 km NE of Tual, Indonesia",earthquake: 0,1.871,0.126,20.0,us,us: 5,0-10 km: 0,shallow,light,-3.159323,-15.586046
1670,2,2,2023-02-14 13:16:50,45.0998,23.2013,10.0,5.6,mww: 7,1.217,us: 5,"0 km ESE of Lele?ti, Romania",earthquake: 0,1.742,0.032,95.0,us,us: 5,0-10 km: 0,shallow,moderate,23.863466,-59.081818
1671,2,2,2023-02-14 15:08:29,-30.2226,-177.3526,33.726,4.8,mb: 0,1.077,us: 5,"Kermadec Islands, New Zealand",earthquake: 0,5.521,0.121,21.0,us,us: 5,0-10 km: 0,shallow,light,-53.469204,-12.136309
1672,2,2,2023-02-14 16:33:40,-20.3326,-178.3173,551.636,4.9,mb: 0,3.031,us: 5,Fiji region,earthquake: 0,4.041,0.088,40.0,us,us: 5,0-10 km: 0,deep,light,-7.6431856,72.23804
1673,2,2,2023-02-14 22:22:03,-19.8659,-175.1795,155.212,5.2,mww: 7,0.782,us: 5,"86 km W of Pangai, Tonga",earthquake: 0,2.513,0.086,13.0,us,us: 5,0-10 km: 0,intermediate,moderate,66.39951,-39.16018
1674,2,2,2023-02-14 23:21:52,-16.8326,175.9188,10.0,4.9,mb: 0,2.231,us: 5,"184 km WNW of Lautoka, Fiji",earthquake: 0,1.876,0.136,17.0,us,us: 5,0-10 km: 0,shallow,light,0.72758466,-26.080572
1675,2,3,2023-02-15 01:13:20,-58.737,-25.4515,35.0,4.8,mb: 0,15.903,us: 5,South Sandwich Islands region,earthquake: 0,1.901,0.128,19.0,us,us: 5,10-20 km: 1,shallow,light,-32.99153,-43.216606
1676,2,3,2023-02-15 01:25:46,-58.7698,-25.339,35.0,5.0,mb: 0,7.626,us: 5,South Sandwich Islands region,earthquake: 0,1.881,0.115,24.0,us,us: 5,0-10 km: 0,shallow,moderate,-29.975153,-43.208508
1677,2,3,2023-02-15 02:13:12,8.0014,-37.0823,10.0,5.3,mww: 7,15.723,us: 5,central Mid-Atlantic Ridge,earthquake: 0,1.842,0.098,10.0,us,us: 5,10-20 km: 1,shallow,moderate,53.880745,-54.096992
1678,2,3,2023-02-15 02:14:32,7.8855,-37.0106,10.0,5.1,mb: 0,15.775,us: 5,central Mid-Atlantic Ridge,earthquake: 0,1.798,0.051,127.0,us,us: 5,10-20 km: 1,shallow,moderate,-33.95481,5.83418
1679,2,3,2023-02-15 03:09:21,56.3529,162.9965,40.572,4.9,mb: 0,4.182,us: 5,"35 km ENE of Ust’-Kamchatsk Staryy, Russia",earthquake: 0,5.381,0.039,201.0,us,us: 5,0-10 km: 0,shallow,light,0.9714414,42.012943
1680,2,3,2023-02-15 04:22:10,-19.9534,-177.419,582.728,4.6,mb: 0,2.403,us: 5,"258 km WNW of Houma, Tonga",earthquake: 0,7.44,0.181,9.0,us,us: 5,0-10 km: 0,deep,light,-6.341995,77.56231
1681,2,3,2023-02-15 06:38:08,-40.5533,174.5343,78.171,5.7,mww: 7,0.766,us: 5,"55 km NW of Raumati Beach, New Zealand",earthquake: 0,3.576,0.062,25.0,us,us: 5,0-10 km: 0,intermediate,moderate,51.255554,-22.787127
1682,2,3,2023-02-15 07:35:22,51.2181,-179.1863,35.0,5.3,mww: 7,0.963,us: 5,"191 km WSW of Adak, Alaska",earthquake: 0,1.737,0.061,26.0,us,us: 5,0-10 km: 0,shallow,moderate,25.790472,-66.04558
1683,2,3,2023-02-15 09:15:31,12.2474,123.8139,10.0,4.9,mb: 0,5.431,us: 5,"1 km NNW of Miaga, Philippines",earthquake: 0,1.88,0.071,62.0,us,us: 5,0-10 km: 0,shallow,light,-1.1100379,4.9285235
1684,2,3,2023-02-15 13:04:09,6.7659,-73.0236,158.822,5.2,mb: 0,0.87,us: 5,"5 km WNW of Cepitá, Colombia",earthquake: 0,5.671,0.022,673.0,us,us: 5,0-10 km: 0,intermediate,moderate,-13.281711,55.803864
1685,2,3,2023-02-15 13:43:15,3.9801,128.6382,10.0,4.7,mb: 0,3.431,us: 5,"258 km NNE of Tobelo, Indonesia",earthquake: 0,1.882,0.073,56.0,us,us: 5,0-10 km: 0,shallow,light,0.20078854,1.0430365
1686,2,3,2023-02-15 14:48:27,-37.1483,177.5024,115.508,5.0,mb: 0,0.763,us: 5,off the east coast of the North Island of New Zealand,earthquake: 0,5.738,0.085,48.0,us,us: 5,0-10 km: 0,intermediate,moderate,39.523563,34.820477
1687,2,3,2023-02-15 16:47:31,-29.2472,-112.1024,10.0,4.7,mb: 0,3.23,us: 5,Easter Island region,earthquake: 0,1.885,0.246,5.0,us,us: 5,0-10 km: 0,shallow,light,-49.678596,-27.811672
1688,2,3,2023-02-15 18:00:53,-18.5245,-173.0549,10.0,5.1,mb: 0,0.905,us: 5,"99 km E of Neiafu, Tonga",earthquake: 0,1.868,0.094,41.0,us,us: 5,0-10 km: 0,shallow,moderate,-66.073364,-10.229168
1689,2,3,2023-02-15 18:10:08,12.3099,123.8605,8.0,6.1,mww: 7,5.476,us: 5,"9 km NNE of Miaga, Philippines",earthquake: 0,1.78,0.036,76.0,us,us: 5,0-10 km: 0,shallow,strong,38.755554,-37.9279
1690,2,3,2023-02-15 20:16:43,-22.2944,-68.6043,124.999,4.6,mb: 0,0.763,us: 5,"Antofagasta, Chile",earthquake: 0,4.105,0.152,13.0,us,us: 5,0-10 km: 0,intermediate,light,-44.612022,-13.970893
1691,2,3,2023-02-15 22:12:20,-20.0423,-68.0244,170.153,5.0,mww: 7,1.162,us: 5,"106 km SE of Colchane, Chile",earthquake: 0,4.825,0.069,20.0,us,us: 5,0-10 km: 0,intermediate,moderate,59.65061,-43.626976
1692,2,3,2023-02-16 05:37:04,-15.0306,167.0391,34.694,5.6,mww: 7,0.443,us: 5,"3 km WNW of Port-Olry, Vanuatu",earthquake: 0,4.289,0.063,24.0,us,us: 5,0-10 km: 0,shallow,moderate,35.078648,-22.881693
1693,2,3,2023-02-16 06:50:44,19.5974,-73.6826,10.0,5.4,mww: 7,0.773,us: 5,"37 km WSW of Bombardopolis, Haiti",earthquake: 0,1.836,0.036,73.0,us,us: 5,0-10 km: 0,shallow,moderate,49.270382,-50.82867
1694,2,3,2023-02-16 09:47:45,44.9646,14.7077,10.0,4.7,mwr: 6,0.999,us: 5,"3 km W of Baška, Croatia",earthquake: 0,1.527,0.047,44.0,us,us: 5,0-10 km: 0,shallow,light,14.022488,-59.56205
1695,2,3,2023-02-16 10:23:32,14.8781,119.8148,40.047,4.7,mb: 0,8.585,us: 5,"29 km WSW of San Nicolas, Philippines",earthquake: 0,7.451,0.13,18.0,us,us: 5,0-10 km: 0,shallow,light,43.585125,9.416605
1696,2,3,2023-02-16 10:29:04,32.7456665,-100.6594179,7.849975586,4.7,ml: 3,0.08525345248,tx: 4,"15 km NE of Hermleigh, Texas",earthquake: 0,2.612447472,0.1,16.0,tx,tx: 4,0-10 km: 0,shallow,light,-70.19422,15.587628
1697,2,3,2023-02-16 11:16:23,35.9743,35.8103,10.0,4.8,mww: 7,1.642,us: 5,"24 km WNW of Yaylada??, Turkey",earthquake: 0,1.808,0.098,10.0,us,us: 5,0-10 km: 0,shallow,light,18.681883,-50.394123
1698,2,3,2023-02-16 12:02:40,13.178,-91.2382,14.918,5.1,mww: 7,1.526,us: 5,near the coast of Guatemala,earthquake: 0,3.013,0.048,42.0,us,us: 5,0-10 km: 0,shallow,moderate,53.27853,-50.06258
1699,2,3,2023-02-16 12:41:49,-7.0694,129.2511,142.17,4.6,mb: 0,2.613,us: 5,"Kepulauan Babar, Indonesia",earthquake: 0,7.536,0.136,16.0,us,us: 5,0-10 km: 0,intermediate,light,42.115257,16.55741
1700,2,3,2023-02-16 14:45:42,38.1997,37.8377,10.0,4.6,mwr: 6,0.973,us: 5,"12 km NNW of Do?an?ehir, Turkey",earthquake: 0,1.863,0.052,36.0,us,us: 5,0-10 km: 0,shallow,light,13.145528,-58.363346
1701,2,3,2023-02-16 15:55:33,-21.864,-11.6511,10.0,5.4,mww: 7,8.106,us: 5,southern Mid-Atlantic Ridge,earthquake: 0,1.741,0.083,14.0,us,us: 5,0-10 km: 0,shallow,moderate,58.09093,-28.127764
1702,2,3,2023-02-16 17:56:13,-21.5974,-177.1599,205.675,4.8,mb: 0,1.872,us: 5,Fiji region,earthquake: 0,5.902,0.065,75.0,us,us: 5,0-10 km: 0,intermediate,light,-50.197,-3.0559092
1703,2,3,2023-02-16 18:17:20,37.3017,70.5188,56.154,4.6,mb: 0,1.805,us: 5,"21 km NNW of Fayzabad, Afghanistan",earthquake: 0,6.125,0.054,109.0,us,us: 5,0-10 km: 0,shallow,light,7.6820087,34.90076
1704,2,3,2023-02-16 18:35:49,7.5356,-36.7739,10.0,4.6,mb: 0,19.532,us: 5,central Mid-Atlantic Ridge,earthquake: 0,1.852,0.074,54.0,us,us: 5,10-20 km: 1,shallow,light,-32.81304,0.30932572
1705,2,3,2023-02-16 19:47:49,36.1766,35.7967,10.0,5.2,mww: 7,1.468,us: 5,"21 km W of Uzunba?, Turkey",earthquake: 0,1.61,0.052,35.0,us,us: 5,0-10 km: 0,shallow,moderate,21.064316,-56.936165
1706,2,3,2023-02-16 20:56:36,-30.8474,-177.6422,10.0,4.8,mb: 0,1.598,us: 5,"Kermadec Islands, New Zealand",earthquake: 0,1.85,0.128,24.0,us,us: 5,0-10 km: 0,shallow,light,-65.04411,-19.681114
1707,2,3,2023-02-16 23:16:12,-5.6626,128.657,334.944,4.9,mb: 0,1.681,us: 5,Banda Sea,earthquake: 0,5.921,0.056,100.0,us,us: 5,0-10 km: 0,deep,light,39.450397,45.885277
1708,2,3,2023-02-17 00:35:58,39.1851,40.1492,10.0,4.6,mwr: 6,0.874,us: 5,"8 km ESE of Yayladere, Turkey",earthquake: 0,1.875,0.065,23.0,us,us: 5,0-10 km: 0,shallow,light,13.515354,-56.6653
1709,2,3,2023-02-17 01:22:50,23.9454,121.4889,18.014,4.7,mb: 0,0.247,us: 5,"12 km WSW of Hualien City, Taiwan",earthquake: 0,4.344,0.087,41.0,us,us: 5,0-10 km: 0,shallow,light,8.764568,26.510347
1710,2,3,2023-02-17 01:46:34,26.5537,128.6692,29.734,5.2,mww: 7,0.453,us: 5,"52 km E of Taira, Japan",earthquake: 0,4.279,0.063,24.0,us,us: 5,0-10 km: 0,shallow,moderate,22.13142,-38.358734
1711,2,3,2023-02-17 01:54:23,12.3097,123.6697,10.0,4.6,mb: 0,11.251,us: 5,"Masbate region, Philippines",earthquake: 0,1.84,0.109,25.0,us,us: 5,10-20 km: 1,shallow,light,-9.988678,-4.955406
1712,2,3,2023-02-17 02:11:31,1.0243,-28.0775,10.0,5.3,mww: 7,14.543,us: 5,central Mid-Atlantic Ridge,earthquake: 0,1.839,0.06,27.0,us,us: 5,10-20 km: 1,shallow,moderate,51.877903,-52.592842
1713,2,3,2023-02-17 06:55:48,50.4493,-129.6833,10.0,4.6,mb: 0,1.998,us: 5,"Vancouver Island, Canada region",earthquake: 0,1.92,0.053,104.0,us,us: 5,0-10 km: 0,shallow,light,-26.650991,33.537083
1714,2,3,2023-02-17 08:34:34,-7.5053,156.1154,35.0,4.7,mb: 0,4.25,us: 5,"103 km NW of Gizo, Solomon Islands",earthquake: 0,1.917,0.096,33.0,us,us: 5,0-10 km: 0,shallow,light,2.3798232,-10.00807
1715,2,3,2023-02-17 09:26:09,-5.6106,35.2169,10.0,5.0,mb: 0,4.287,us: 5,"30 km N of Kintinku, Tanzania",earthquake: 0,1.871,0.06,87.0,us,us: 5,0-10 km: 0,shallow,moderate,-28.254791,2.842687
1716,2,3,2023-02-17 09:37:34,-6.6176,132.106,39.742,6.1,mww: 7,3.022,us: 5,"130 km SSW of Tual, Indonesia",earthquake: 0,6.347,0.047,44.0,us,us: 5,0-10 km: 0,shallow,strong,35.854385,-21.84168
1717,2,3,2023-02-17 11:38:21,48.2614,153.048,146.473,4.8,mb: 0,5.681,us: 5,Kuril Islands,earthquake: 0,6.546,0.027,441.0,us,us: 5,0-10 km: 0,intermediate,light,-10.303686,53.71519
1718,2,3,2023-02-17 17:35:56,-4.6761,155.0676,491.821,4.7,mb: 0,2.935,us: 5,"180 km NNW of Arawa, Papua New Guinea",earthquake: 0,6.029,0.047,144.0,us,us: 5,0-10 km: 0,deep,light,3.5964215,60.523617
1719,2,3,2023-02-17 18:28:25,-7.4754,128.5832,113.445,4.7,mb: 0,3.215,us: 5,"209 km ENE of Lospalos, Timor Leste",earthquake: 0,4.728,0.061,90.0,us,us: 5,0-10 km: 0,intermediate,light,35.218544,41.439304
1720,2,3,2023-02-17 22:54:48,-11.4581,118.267,10.0,4.7,mb: 0,2.658,us: 5,"248 km SSW of Tambolaka, Indonesia",earthquake: 0,1.907,0.142,15.0,us,us: 5,0-10 km: 0,shallow,light,-4.9603524,-17.416864
1721,2,3,2023-02-18 00:03:47,-8.1979,115.8285,9.015,4.6,mb: 0,1.681,us: 5,"28 km NW of Gili Trawangan, Indonesia",earthquake: 0,3.634,0.128,18.0,us,us: 5,0-10 km: 0,shallow,light,32.54476,17.29299
1722,2,3,2023-02-18 02:07:13,-20.1164,168.7354,10.0,4.9,mb: 0,2.759,us: 5,"85 km SW of Isangel, Vanuatu",earthquake: 0,1.824,0.136,18.0,us,us: 5,0-10 km: 0,shallow,light,0.82092947,-26.004797
1723,2,3,2023-02-18 03:16:40,-22.3827,-174.4109,10.0,5.4,mww: 7,1.414,us: 5,Tonga region,earthquake: 0,1.835,0.071,19.0,us,us: 5,0-10 km: 0,shallow,moderate,66.06841,-33.45854
1724,2,3,2023-02-18 04:47:15,-2.8851,130.3161,20.65,4.9,mb: 0,1.678,us: 5,"156 km ENE of Masohi, Indonesia",earthquake: 0,5.096,0.087,42.0,us,us: 5,0-10 km: 0,shallow,light,27.224777,28.224524
1725,2,3,2023-02-18 06:36:52,-27.9436,-176.8333,35.0,4.8,mb: 0,1.615,us: 5,Kermadec Islands region,earthquake: 0,1.902,0.103,29.0,us,us: 5,0-10 km: 0,shallow,light,-65.84157,-14.443693
1726,2,3,2023-02-18 08:24:12,10.2363,-84.1734,10.0,4.8,mwr: 6,0.241,us: 5,"15 km E of Río Segundo, Costa Rica",earthquake: 0,1.828,0.073,18.0,us,us: 5,0-10 km: 0,shallow,light,55.48356,-52.15372
1727,2,3,2023-02-18 09:02:54,-13.2376,167.147,202.76,5.3,mww: 7,2.197,us: 5,"83 km NNW of Sola, Vanuatu",earthquake: 0,5.063,0.056,31.0,us,us: 5,0-10 km: 0,intermediate,moderate,32.887787,-16.253595
1728,2,3,2023-02-18 14:07:43,7.4362,-36.0992,10.0,4.7,mb: 0,19.83,us: 5,central Mid-Atlantic Ridge,earthquake: 0,1.861,0.079,48.0,us,us: 5,10-20 km: 1,shallow,light,-32.750942,0.22795604
1729,2,3,2023-02-18 17:32:57,35.8281,25.509,10.0,4.7,mwr: 6,2.152,us: 5,"57 km N of Limín Khersonísou, Greece",earthquake: 0,1.846,0.078,16.0,us,us: 5,0-10 km: 0,shallow,light,14.362515,-55.472412
1730,2,3,2023-02-18 18:34:02,-23.3663,-176.8981,151.338,4.6,mb: 0,2.691,us: 5,"293 km SW of Houma, Tonga",earthquake: 0,5.956,0.077,56.0,us,us: 5,0-10 km: 0,intermediate,light,-50.51847,-4.4364734
1731,2,3,2023-02-18 19:31:31,38.0696,36.5991,12.158,5.0,mww: 7,0.366,us: 5,"10 km ENE of Göksun, Turkey",earthquake: 0,2.577,0.058,29.0,us,us: 5,0-10 km: 0,shallow,moderate,19.39914,-56.80308
1732,2,3,2023-02-18 19:55:20,-55.6068,-28.166,35.0,4.7,mb: 0,4.978,us: 5,South Sandwich Islands region,earthquake: 0,1.926,0.152,13.0,us,us: 5,0-10 km: 0,shallow,light,-36.61536,-43.492405
1733,2,3,2023-02-18 20:14:30,37.2818,20.8574,10.0,4.6,mb: 0,0.858,us: 5,"48 km S of Lithakiá, Greece",earthquake: 0,1.717,0.087,39.0,us,us: 5,0-10 km: 0,shallow,light,-23.416113,18.814722
1734,2,3,2023-02-18 21:18:34,0.5305,119.579,10.0,4.6,mb: 0,1.334,us: 5,"162 km NNW of Palu, Indonesia",earthquake: 0,1.842,0.07,62.0,us,us: 5,0-10 km: 0,shallow,light,0.40037304,0.5337588
1735,2,3,2023-02-18 21:27:58,-55.4183,-27.8042,12.909,5.7,mww: 7,5.145,us: 5,South Sandwich Islands region,earthquake: 0,2.506,0.071,19.0,us,us: 5,0-10 km: 0,shallow,moderate,58.1265,-25.377985
1736,2,3,2023-02-18 21:49:45,-55.5001,-27.9865,32.121,4.6,mb: 0,5.057,us: 5,South Sandwich Islands region,earthquake: 0,8.223,0.182,9.0,us,us: 5,0-10 km: 0,shallow,light,-46.01155,-17.171186
1737,2,3,2023-02-18 22:13:48,-19.9435,-71.0087,16.102,4.7,mwr: 6,0.887,us: 5,"94 km WNW of Puerto, Chile",earthquake: 0,4.052,0.057,30.0,us,us: 5,0-10 km: 0,shallow,light,64.413506,-44.237392
1738,2,3,2023-02-18 23:03:04,-17.5398,-178.7009,545.057,5.2,mb: 0,3.102,us: 5,Fiji region,earthquake: 0,6.241,0.024,580.0,us,us: 5,0-10 km: 0,deep,moderate,-10.718497,62.295235
1739,2,3,2023-02-19 02:40:40,-19.9657,-71.1633,8.527,5.3,mww: 7,1.016,us: 5,"109 km WNW of Puerto, Chile",earthquake: 0,3.348,0.056,31.0,us,us: 5,0-10 km: 0,shallow,moderate,61.976227,-40.041233
1740,2,3,2023-02-19 04:03:37,-1.2699,28.1163,10.0,4.6,mb: 0,2.704,us: 5,"108 km WNW of Sake, Democratic Republic of the Congo",earthquake: 0,1.927,0.114,23.0,us,us: 5,0-10 km: 0,shallow,light,-28.533102,-5.3154016
1741,2,3,2023-02-19 04:47:17,9.1028,126.1694,66.199,4.9,mb: 0,2.103,us: 5,"1 km SE of Buenavista, Philippines",earthquake: 0,5.335,0.047,147.0,us,us: 5,0-10 km: 0,shallow,light,23.4125,46.926468
1742,2,3,2023-02-19 07:11:38,47.3383,152.1542,126.103,4.6,mb: 0,6.419,us: 5,Kuril Islands,earthquake: 0,5.936,0.038,226.0,us,us: 5,0-10 km: 0,intermediate,light,0.94206756,44.312393
1743,2,3,2023-02-19 07:16:55,7.468,-36.218,10.0,4.6,mb: 0,19.788,us: 5,central Mid-Atlantic Ridge,earthquake: 0,1.959,0.172,13.0,us,us: 5,10-20 km: 1,shallow,light,-29.742802,-11.507897
1744,2,3,2023-02-19 07:54:32,12.4365,-87.5389,69.982,5.0,mwr: 6,0.568,us: 5,"35 km SSW of Jiquilillo, Nicaragua",earthquake: 0,4.8,0.061,26.0,us,us: 5,0-10 km: 0,shallow,moderate,55.705982,-48.413055
1745,2,3,2023-02-19 12:04:33,38.2354,38.1917,5.306,4.6,mwr: 6,0.864,us: 5,"8 km SW of Ye?ilyurt, Turkey",earthquake: 0,2.216,0.044,49.0,us,us: 5,0-10 km: 0,shallow,light,12.925197,-59.14397
1746,2,3,2023-02-19 12:21:05,-12.7518,66.364,10.0,4.7,mb: 0,7.534,us: 5,Mid-Indian Ridge,earthquake: 0,1.847,0.073,57.0,us,us: 5,0-10 km: 0,shallow,light,-27.427685,0.08461056
1747,2,3,2023-02-19 13:08:13,-58.4121,-23.2213,10.0,5.0,mb: 0,8.446,us: 5,South Sandwich Islands region,earthquake: 0,1.789,0.077,53.0,us,us: 5,0-10 km: 0,shallow,moderate,-26.192438,-46.369286
1748,2,3,2023-02-19 14:10:57,-13.5973,172.0583,10.0,4.9,mb: 0,7.094,us: 5,Vanuatu region,earthquake: 0,1.849,0.055,105.0,us,us: 5,0-10 km: 0,shallow,light,11.179603,0.20821968
1749,2,3,2023-02-19 14:21:37,-10.3082,160.9995,66.199,4.6,mb: 0,1.349,us: 5,"102 km W of Kirakira, Solomon Islands",earthquake: 0,8.048,0.105,27.0,us,us: 5,0-10 km: 0,shallow,light,42.04994,23.120003
1750,2,3,2023-02-19 15:17:03,2.4206,125.9377,59.996,4.9,mb: 0,2.173,us: 5,"140 km NE of Bitung, Indonesia",earthquake: 0,6.803,0.055,107.0,us,us: 5,0-10 km: 0,shallow,light,26.614359,43.00328
1751,2,3,2023-02-19 15:39:57,8.0425,-37.3249,10.0,4.7,mb: 0,18.83,us: 5,central Mid-Atlantic Ridge,earthquake: 0,1.771,0.147,14.0,us,us: 5,10-20 km: 1,shallow,light,-30.149656,-10.452633
1752,2,3,2023-02-19 16:07:10,-12.8315,66.3765,10.0,5.3,mww: 7,7.465,us: 5,Mid-Indian Ridge,earthquake: 0,1.774,0.054,33.0,us,us: 5,0-10 km: 0,shallow,moderate,36.895767,-29.970743
1753,2,3,2023-02-19 18:55:42,42.7956,143.121,132.287,5.0,mb: 0,0.781,us: 5,"15 km SSW of Obihiro, Japan",earthquake: 0,4.262,0.023,607.0,us,us: 5,0-10 km: 0,intermediate,moderate,-11.61199,54.654076
1754,2,3,2023-02-19 18:59:38,-6.8928,155.0702,10.0,4.7,mb: 0,3.946,us: 5,"78 km SW of Panguna, Papua New Guinea",earthquake: 0,1.86,0.11,25.0,us,us: 5,0-10 km: 0,shallow,light,-1.0581869,-13.11011
1755,2,3,2023-02-19 20:16:29,-12.7438,66.3517,10.0,4.9,mb: 0,8.009,us: 5,Mid-Indian Ridge,earthquake: 0,1.777,0.062,83.0,us,us: 5,0-10 km: 0,shallow,light,-27.683817,2.604674
1756,2,3,2023-02-19 22:09:12,2.846,128.5433,227.098,4.6,mb: 0,2.372,us: 5,"137 km NNE of Tobelo, Indonesia",earthquake: 0,6.664,0.054,101.0,us,us: 5,0-10 km: 0,intermediate,light,37.9542,44.629475
1757,2,3,2023-02-19 22:56:52,10.0881,-84.2876,17.527,4.6,mb: 0,0.193,us: 5,"3 km ESE of San Juan, Costa Rica",earthquake: 0,4.071,0.164,11.0,us,us: 5,0-10 km: 0,shallow,light,-32.347378,-12.558668
1758,2,3,2023-02-19 23:12:21,2.7233,126.9943,35.0,4.8,mww: 7,1.974,us: 5,"157 km NW of Tobelo, Indonesia",earthquake: 0,1.804,0.098,10.0,us,us: 5,0-10 km: 0,shallow,light,28.328268,-28.416542
1759,2,3,2023-02-20 00:01:18,2.7197,126.9851,35.0,4.8,mb: 0,1.972,us: 5,"158 km NW of Tobelo, Indonesia",earthquake: 0,1.863,0.074,56.0,us,us: 5,0-10 km: 0,shallow,light,2.99641,-0.38129836
1760,2,3,2023-02-20 00:37:30,38.6445,39.9175,10.0,4.7,mwr: 6,1.314,us: 5,"5 km S of Palu, Turkey",earthquake: 0,1.834,0.048,42.0,us,us: 5,0-10 km: 0,shallow,light,13.738319,-58.872272
1761,2,3,2023-02-20 01:33:30,1.9113,96.6141,27.722,5.0,mb: 0,1.135,us: 5,"68 km SSE of Sinabang, Indonesia",earthquake: 0,4.664,0.056,100.0,us,us: 5,0-10 km: 0,shallow,moderate,20.43502,35.807957
1762,2,3,2023-02-20 03:09:47,15.2022,122.8013,10.0,5.0,mb: 0,8.27,us: 5,"70 km NE of Casuguran, Philippines",earthquake: 0,1.88,0.055,106.0,us,us: 5,0-10 km: 0,shallow,moderate,6.144742,7.0444593
1763,2,3,2023-02-20 04:05:04,-22.4339,-174.446,10.0,5.2,mb: 0,1.442,us: 5,"131 km SSE of ‘Ohonua, Tonga",earthquake: 0,1.774,0.059,95.0,us,us: 5,0-10 km: 0,shallow,moderate,-64.43066,-3.3781118
1764,2,3,2023-02-20 09:47:26,3.3019,123.9216,413.219,4.6,mb: 0,4.091,us: 5,"226 km NNW of Manado, Indonesia",earthquake: 0,7.368,0.047,136.0,us,us: 5,0-10 km: 0,deep,light,4.4079103,59.865635
1765,2,3,2023-02-20 17:04:29,36.1616,36.0251,16.0,6.3,mww: 7,1.387,us: 5,"2 km NNW of Uzunba?, Turkey",earthquake: 0,0.943,0.031,97.0,us,us: 5,0-10 km: 0,shallow,strong,36.662846,-47.621204
1766,2,3,2023-02-20 17:07:35,36.159,35.9351,10.0,5.5,mb: 0,1.44,us: 5,"9 km WNW of Uzunba?, Turkey",earthquake: 0,1.892,0.128,21.0,us,us: 5,0-10 km: 0,shallow,moderate,-20.767096,14.636991
1767,2,3,2023-02-20 17:09:53,36.0101,22.1487,28.68,4.6,mb: 0,1.18,us: 5,"77 km WSW of Kýthira, Greece",earthquake: 0,4.835,0.182,9.0,us,us: 5,0-10 km: 0,shallow,light,-11.616083,-16.509222
1768,2,3,2023-02-20 17:13:18,36.2653,36.0798,10.0,4.6,mb: 0,1.282,us: 5,Turkey-Syria border region,earthquake: 0,1.71,0.183,9.0,us,us: 5,0-10 km: 0,shallow,light,-13.158677,-16.460733
1769,2,3,2023-02-20 17:31:25,-6.9452,154.5441,11.243,4.7,mb: 0,3.619,us: 5,"125 km WSW of Panguna, Papua New Guinea",earthquake: 0,4.665,0.142,15.0,us,us: 5,0-10 km: 0,shallow,light,32.29365,16.657288
1770,2,3,2023-02-20 17:53:32,-9.8056,160.2453,10.005,5.1,mb: 0,0.468,us: 5,Solomon Islands,earthquake: 0,3.846,0.048,140.0,us,us: 5,0-10 km: 0,shallow,moderate,19.827051,46.308243
1771,2,3,2023-02-20 19:19:23,4.6575,-82.7767,10.0,4.9,mb: 0,3.768,us: 5,south of Panama,earthquake: 0,1.64,0.038,219.0,us,us: 5,0-10 km: 0,shallow,light,-23.64197,48.61471
1772,2,3,2023-02-20 20:13:51,-4.2796,102.192,54.981,4.8,mb: 0,0.766,us: 5,"southern Sumatra, Indonesia",earthquake: 0,3.173,0.058,92.0,us,us: 5,0-10 km: 0,shallow,light,20.30749,33.482155
1773,2,3,2023-02-21 01:16:40,-40.3965,78.1042,10.0,4.6,mb: 0,28.521,us: 5,Mid-Indian Ridge,earthquake: 0,1.915,0.146,14.0,us,us: 5,20-30 km: 2,shallow,light,-15.776613,-36.756912
1774,2,3,2023-02-21 03:51:28,2.6033,-84.4845,10.0,4.9,mb: 0,5.494,us: 5,off the coast of Central America,earthquake: 0,1.805,0.048,138.0,us,us: 5,0-10 km: 0,shallow,light,-34.975582,6.16353
1775,2,3,2023-02-21 06:05:34,27.7828,55.3567,10.0,5.1,mww: 7,2.926,us: 5,"79 km SW of ??jj??b?d, Iran",earthquake: 0,1.838,0.098,10.0,us,us: 5,0-10 km: 0,shallow,moderate,19.690487,-50.08065
1776,2,3,2023-02-21 08:41:03,64.6683,-17.6801,10.0,5.2,mww: 7,1.568,us: 5,"114 km S of Akureyri, Iceland",earthquake: 0,1.797,0.041,58.0,us,us: 5,0-10 km: 0,shallow,moderate,22.379194,-61.454876
1777,2,3,2023-02-21 16:15:53,-6.2551,130.0966,21.58,4.9,mww: 7,1.732,us: 5,Banda Sea,earthquake: 0,4.885,0.086,13.0,us,us: 5,0-10 km: 0,shallow,light,28.46128,-22.056633
1778,2,3,2023-02-21 16:19:17,-55.5271,-27.1787,10.0,4.6,mb: 0,5.514,us: 5,South Sandwich Islands region,earthquake: 0,1.903,0.137,16.0,us,us: 5,0-10 km: 0,shallow,light,-34.97156,-43.806816
1779,2,3,2023-02-21 18:05:34,27.1222,143.5156,15.728,5.1,mb: 0,1.187,us: 5,"Bonin Islands, Japan region",earthquake: 0,3.601,0.034,277.0,us,us: 5,0-10 km: 0,shallow,moderate,-5.904542,42.34186
1780,2,3,2023-02-21 18:51:00,2.1626,-100.9803,10.0,4.7,mb: 0,15.487,us: 5,Galapagos Triple Junction region,earthquake: 0,1.863,0.042,184.0,us,us: 5,10-20 km: 1,shallow,light,-24.696852,48.10927
1781,2,3,2023-02-21 19:22:12,1.8253,93.8795,10.0,5.0,mb: 0,3.731,us: 5,"287 km WSW of Sinabang, Indonesia",earthquake: 0,1.76,0.057,109.0,us,us: 5,0-10 km: 0,shallow,moderate,7.3719077,5.0635448
1782,2,4,2023-02-22 00:55:27,27.107,143.4588,10.0,4.9,mb: 0,1.136,us: 5,"Bonin Islands, Japan region",earthquake: 0,1.844,0.059,92.0,us,us: 5,0-10 km: 0,shallow,light,-10.63739,26.793364
1783,2,4,2023-02-22 01:11:07,27.7531,55.2852,10.0,5.0,mww: 7,2.915,us: 5,"86 km SW of ??jj??b?d, Iran",earthquake: 0,1.724,0.098,10.0,us,us: 5,0-10 km: 0,shallow,moderate,19.54076,-49.764782
1784,2,4,2023-02-22 03:59:27,-23.683,-179.9864,521.368,4.8,mb: 0,5.857,us: 5,south of the Fiji Islands,earthquake: 0,6.018,0.047,140.0,us,us: 5,0-10 km: 0,deep,light,-9.131637,69.05443
1785,2,4,2023-02-22 08:00:22,29.6254,81.5737,20.937,4.8,mb: 0,3.728,us: 5,"70 km WNW of Jumla, Nepal",earthquake: 0,4.447,0.064,76.0,us,us: 5,0-10 km: 0,shallow,light,4.305516,28.68599
1786,2,4,2023-02-22 08:04:14,-20.4593,-177.6393,524.749,4.6,mb: 0,2.385,us: 5,"255 km WNW of Houma, Tonga",earthquake: 0,6.319,0.048,130.0,us,us: 5,0-10 km: 0,deep,light,-9.174171,69.36459
1787,2,4,2023-02-22 09:34:03,-7.0256,129.5058,114.224,5.6,mww: 7,2.518,us: 5,"Kepulauan Babar, Indonesia",earthquake: 0,5.268,0.075,17.0,us,us: 5,0-10 km: 0,intermediate,moderate,34.004562,-19.410574
1788,2,4,2023-02-22 10:15:39,-55.6677,-144.45,10.0,4.7,mb: 0,27.825,us: 5,Pacific-Antarctic Ridge,earthquake: 0,1.956,0.153,13.0,us,us: 5,20-30 km: 2,shallow,light,-40.84296,-36.759693
1789,2,4,2023-02-22 10:25:52,41.8282,82.1668,10.0,4.8,mb: 0,2.484,us: 5,"64 km W of Kuqa, China",earthquake: 0,1.887,0.07,62.0,us,us: 5,0-10 km: 0,shallow,light,-19.380661,20.608717
1790,2,4,2023-02-22 12:01:40,3.4848,95.6365,34.959,4.6,mb: 0,2.17,us: 5,"90 km SW of Meulaboh, Indonesia",earthquake: 0,6.057,0.114,23.0,us,us: 5,0-10 km: 0,shallow,light,35.80756,19.07299
1791,2,4,2023-02-22 22:05:53,10.1495,124.9837,10.0,4.6,mb: 0,3.116,us: 5,"2 km SW of Malitbog, Philippines",earthquake: 0,1.826,0.08,47.0,us,us: 5,0-10 km: 0,shallow,light,-3.4012542,-0.17477033
1792,2,4,2023-02-22 23:06:22,53.7283,98.5343,10.078,4.6,mb: 0,3.723,us: 5,"113 km WSW of Ikey, Russia",earthquake: 0,4.361,0.058,88.0,us,us: 5,0-10 km: 0,shallow,light,3.5149548,30.325323
1793,2,4,2023-02-23 00:00:01,-48.7678,108.5598,10.0,4.7,mb: 0,20.495,us: 5,southeast Indian Ridge,earthquake: 0,1.896,0.225,6.0,us,us: 5,20-30 km: 2,shallow,light,-12.239687,-33.201008
1794,2,4,2023-02-23 00:37:38,38.0552,73.2287,9.0,6.9,mww: 7,1.807,us: 5,"65 km WSW of Murghob, Tajikistan",earthquake: 0,1.699,0.043,52.0,us,us: 5,0-10 km: 0,shallow,strong,38.091423,-47.01499
1795,2,4,2023-02-23 00:55:14,38.1349,73.0657,10.0,5.1,mb: 0,1.666,us: 5,"79 km W of Murghob, Tajikistan",earthquake: 0,1.792,0.066,75.0,us,us: 5,0-10 km: 0,shallow,moderate,-19.219366,24.913403
1796,2,4,2023-02-23 00:57:43,38.2189,73.1588,15.497,4.6,mb: 0,1.645,us: 5,"70 km W of Murghob, Tajikistan",earthquake: 0,2.701,0.122,20.0,us,us: 5,0-10 km: 0,shallow,light,-24.266151,13.332036
1797,2,4,2023-02-23 01:35:53,38.0157,73.2867,10.0,5.0,mb: 0,1.866,us: 5,"62 km WSW of Murghob, Tajikistan",earthquake: 0,1.871,0.053,114.0,us,us: 5,0-10 km: 0,shallow,moderate,-15.006772,28.237772
1798,2,4,2023-02-23 02:07:42,37.9445,73.5144,11.959,4.6,mb: 0,2.035,us: 5,"46 km WSW of Murghob, Tajikistan",earthquake: 0,4.787,0.087,40.0,us,us: 5,0-10 km: 0,shallow,light,2.7782664,24.169344
1799,2,4,2023-02-23 02:18:00,38.2621,73.1208,10.0,4.7,mb: 0,1.593,us: 5,"74 km W of Murghob, Tajikistan",earthquake: 0,1.876,0.054,103.0,us,us: 5,0-10 km: 0,shallow,light,-17.329498,27.91161
1800,2,4,2023-02-23 03:18:56,-30.3563,-71.8526,27.94,4.7,mb: 0,0.368,us: 5,"Near the coast of Coquimbo, Chile",earthquake: 0,5.088,0.184,9.0,us,us: 5,0-10 km: 0,shallow,light,-46.231083,-15.688482
1801,2,4,2023-02-23 03:22:10,-30.39,-71.6309,31.937,4.7,mb: 0,0.283,us: 5,"Near the coast of Coquimbo, Chile",earthquake: 0,4.801,0.147,14.0,us,us: 5,0-10 km: 0,shallow,light,-46.131397,-14.640241
1802,2,4,2023-02-23 03:36:09,-18.2871,-177.8239,522.468,4.8,mb: 0,3.624,us: 5,Fiji region,earthquake: 0,6.71,0.091,37.0,us,us: 5,0-10 km: 0,deep,light,-8.14476,73.24538
1803,2,4,2023-02-23 04:26:21,-59.2282,-17.1591,10.0,4.9,mb: 0,13.771,us: 5,east of the South Sandwich Islands,earthquake: 0,1.886,0.132,18.0,us,us: 5,10-20 km: 1,shallow,light,-32.599583,-42.73507
1804,2,4,2023-02-23 06:18:13,-8.5549,-77.621,67.43,4.6,mb: 0,3.496,us: 5,"22 km SW of Quiches, Peru",earthquake: 0,7.2,0.062,79.0,us,us: 5,0-10 km: 0,shallow,light,-46.385143,0.94759864
1805,2,4,2023-02-23 08:01:02,38.1333,73.1456,10.0,4.7,mb: 0,1.705,us: 5,"72 km W of Murghob, Tajikistan",earthquake: 0,1.881,0.05,121.0,us,us: 5,0-10 km: 0,shallow,light,-16.823929,29.014257
1806,2,4,2023-02-23 08:27:11,15.1557,-104.5558,10.0,4.6,mb: 0,5.481,us: 5,"off the coast of Michoacan, Mexico",earthquake: 0,1.83,0.055,98.0,us,us: 5,0-10 km: 0,shallow,light,-36.015865,4.7250004
1807,2,4,2023-02-23 10:23:36,-33.901,-73.2549,10.0,5.5,mww: 7,1.388,us: 5,"156 km WSW of San Antonio, Chile",earthquake: 0,0.901,0.039,63.0,us,us: 5,0-10 km: 0,shallow,moderate,61.01967,-36.221607
1808,2,4,2023-02-23 11:24:28,38.3919,72.9453,10.0,4.7,mb: 0,1.405,us: 5,"92 km WNW of Murghob, Tajikistan",earthquake: 0,1.926,0.083,44.0,us,us: 5,0-10 km: 0,shallow,light,-19.885283,18.292364
1809,2,4,2023-02-23 11:43:16,-19.0571,-173.6941,42.075,5.0,mb: 0,0.499,us: 5,"54 km SE of Neiafu, Tonga",earthquake: 0,6.603,0.13,19.0,us,us: 5,0-10 km: 0,shallow,moderate,-52.41558,-12.272104
1810,2,4,2023-02-23 13:01:20,-24.0007,-66.7536,182.599,5.3,mww: 7,1.674,us: 5,"50 km WNW of San Antonio de los Cobres, Argentina",earthquake: 0,4.574,0.048,42.0,us,us: 5,0-10 km: 0,intermediate,moderate,59.11321,-42.47579
1811,2,4,2023-02-23 15:53:47,36.0589,36.095,10.0,4.9,mww: 7,1.428,us: 5,"6 km SSE of Büyükçat, Turkey",earthquake: 0,1.709,0.051,37.0,us,us: 5,0-10 km: 0,shallow,light,18.935638,-57.66391
1812,2,4,2023-02-23 16:56:47,-11.7096,116.4107,10.0,4.6,mb: 0,3.164,us: 5,"South of Lombok, Indonesia",earthquake: 0,0.979,0.09,44.0,us,us: 5,0-10 km: 0,shallow,light,1.2135069,-8.95548
1813,2,4,2023-02-23 17:21:56,-6.0563,-106.5137,10.0,5.4,mww: 7,24.747,us: 5,central East Pacific Rise,earthquake: 0,1.82,0.073,18.0,us,us: 5,20-30 km: 2,shallow,moderate,52.65623,-53.73225
1814,2,4,2023-02-23 20:02:47,3.2796,128.1356,92.0,6.3,mww: 7,2.607,us: 5,"172 km N of Tobelo, Indonesia",earthquake: 0,1.873,0.056,31.0,us,us: 5,0-10 km: 0,intermediate,strong,41.973217,-36.434788
1815,2,4,2023-02-24 05:25:02,-5.5284,154.2364,141.519,4.8,mb: 0,2.456,us: 5,"163 km WNW of Panguna, Papua New Guinea",earthquake: 0,2.24,0.068,67.0,us,us: 5,0-10 km: 0,intermediate,light,41.57026,40.314396
1816,2,4,2023-02-24 11:50:47,54.3574,-161.4979,44.135,4.8,mb: 0,0.78,us: 5,"94 km SSE of King Cove, Alaska",earthquake: 0,4.882,0.047,143.0,us,us: 5,0-10 km: 0,shallow,light,-26.712631,34.96454
1817,2,4,2023-02-24 14:39:12,-15.7507,-177.5099,425.149,4.6,mb: 0,1.551,us: 5,"171 km SSE of Alo, Wallis and Futuna",earthquake: 0,5.882,0.04,187.0,us,us: 5,0-10 km: 0,deep,light,-8.482159,67.924904
1818,2,4,2023-02-24 15:24:47,14.072,146.7009,10.0,5.0,mww: 7,1.844,us: 5,"152 km SE of San Jose Village, Northern Mariana Islands",earthquake: 0,1.798,0.098,10.0,us,us: 5,0-10 km: 0,shallow,moderate,28.040558,-29.374426
1819,2,4,2023-02-24 17:20:00,38.7865,37.3025,10.0,4.6,mwr: 6,0.79,us: 5,"7 km NNE of Gürün, Turkey",earthquake: 0,1.846,0.053,34.0,us,us: 5,0-10 km: 0,shallow,light,13.183746,-58.208523
1820,2,4,2023-02-24 17:25:56,-18.19,-177.7603,577.558,4.7,mb: 0,3.599,us: 5,Fiji region,earthquake: 0,11.63,0.126,20.0,us,us: 5,0-10 km: 0,deep,light,-8.291082,76.97435
1821,2,4,2023-02-24 17:28:36,2.8649,126.1296,35.262,4.9,mww: 7,2.419,us: 5,"192 km NE of Bitung, Indonesia",earthquake: 0,4.798,0.08,15.0,us,us: 5,0-10 km: 0,shallow,light,28.100985,-22.340021
1822,2,4,2023-02-24 17:46:03,12.1631,143.972,10.0,4.7,mb: 0,1.665,us: 5,"143 km SSW of Merizo Village, Guam",earthquake: 0,1.869,0.086,47.0,us,us: 5,0-10 km: 0,shallow,light,-4.284613,-0.8043696
1823,2,4,2023-02-24 22:16:46,12.0985,143.8638,10.0,4.6,mb: 0,1.776,us: 5,Guam region,earthquake: 0,1.943,0.141,15.0,us,us: 5,0-10 km: 0,shallow,light,-15.281539,-8.726029
1824,2,4,2023-02-24 23:15:11,-55.2783,-27.9609,10.0,4.9,mb: 0,5.036,us: 5,South Sandwich Islands region,earthquake: 0,1.848,0.092,37.0,us,us: 5,0-10 km: 0,shallow,light,-27.421844,-45.107162
1825,2,4,2023-02-25 02:08:30,-5.6564,103.855,62.41,4.8,mb: 0,1.568,us: 5,"146 km SW of Kotabumi, Indonesia",earthquake: 0,2.979,0.085,43.0,us,us: 5,0-10 km: 0,shallow,light,15.6838875,14.046318
1826,2,4,2023-02-25 05:00:01,-47.2908,-13.3171,10.0,5.1,mb: 0,24.949,us: 5,southern Mid-Atlantic Ridge,earthquake: 0,1.892,0.086,44.0,us,us: 5,20-30 km: 2,shallow,moderate,-25.691347,-44.391323
1827,2,4,2023-02-25 06:25:21,51.621,158.5476,65.236,4.9,mb: 0,1.406,us: 5,"142 km E of Ozernovskiy, Russia",earthquake: 0,5.896,0.049,132.0,us,us: 5,0-10 km: 0,shallow,light,4.8443594,40.596115
1828,2,4,2023-02-25 06:51:38,15.4112,-104.5171,10.0,4.7,mb: 0,4.007,us: 5,"off the coast of Michoacan, Mexico",earthquake: 0,1.957,0.054,103.0,us,us: 5,0-10 km: 0,shallow,light,-36.139347,5.017441
1829,2,4,2023-02-25 10:25:44,27.1053,126.7351,10.0,5.0,mb: 0,1.398,us: 5,"northwest of the Ryukyu Islands, Japan",earthquake: 0,1.84,0.068,69.0,us,us: 5,0-10 km: 0,shallow,moderate,-7.8917475,18.66146
1830,2,4,2023-02-25 10:27:10,37.9797,33.9876,11.752,5.2,mww: 7,1.701,us: 5,"15 km ENE of Emirgazi, Turkey",earthquake: 0,3.63,0.048,41.0,us,us: 5,0-10 km: 0,shallow,moderate,22.11437,-56.59929
1831,2,4,2023-02-25 10:54:07,-7.3486,129.0126,126.21,4.6,mb: 0,2.944,us: 5,"257 km ENE of Lospalos, Timor Leste",earthquake: 0,7.638,0.071,61.0,us,us: 5,0-10 km: 0,intermediate,light,44.059784,32.629192
1832,2,4,2023-02-25 11:37:05,-55.6023,-25.7503,10.0,4.6,mb: 0,18.835,us: 5,South Sandwich Islands region,earthquake: 0,1.944,0.114,26.0,us,us: 5,10-20 km: 1,shallow,light,-32.0288,-45.045692
1833,2,4,2023-02-25 13:27:43,42.8258,145.0212,55.0,6.0,mww: 7,1.6,us: 5,"Hokkaido, Japan region",earthquake: 0,1.905,0.052,35.0,us,us: 5,0-10 km: 0,shallow,strong,34.08361,-44.1186
1834,2,4,2023-02-25 16:03:17,22.5275,121.4044,10.0,4.6,mb: 0,0.416,us: 5,"89 km NE of Hengchun, Taiwan",earthquake: 0,1.864,0.122,20.0,us,us: 5,0-10 km: 0,shallow,light,-16.360813,5.5277896
1835,2,4,2023-02-25 18:25:48,-11.2217,165.6226,33.385,5.0,mb: 0,4.473,us: 5,"58 km SSW of Lata, Solomon Islands",earthquake: 0,5.391,0.074,63.0,us,us: 5,0-10 km: 0,shallow,moderate,27.308475,30.184063
1836,2,4,2023-02-25 20:10:47,-16.2083,-172.7623,10.0,4.7,mb: 0,2.699,us: 5,"114 km ESE of Hihifo, Tonga",earthquake: 0,1.86,0.077,52.0,us,us: 5,0-10 km: 0,shallow,light,-63.27835,-8.427001
1837,2,4,2023-02-25 21:13:08,-16.8834,-176.9365,10.0,4.8,mb: 0,2.804,us: 5,Fiji region,earthquake: 0,1.856,0.109,26.0,us,us: 5,0-10 km: 0,shallow,light,-63.102154,-15.559633
1838,2,4,2023-02-25 21:24:47,-6.0883,149.828,34.0,6.2,mww: 7,2.994,us: 5,"33 km ENE of Kandrian, Papua New Guinea",earthquake: 0,1.813,0.046,46.0,us,us: 5,0-10 km: 0,shallow,strong,40.7719,-37.002842
1839,2,4,2023-02-25 22:16:34,-6.2009,150.151,26.857,4.6,mb: 0,2.829,us: 5,"66 km E of Kandrian, Papua New Guinea",earthquake: 0,3.528,0.079,48.0,us,us: 5,0-10 km: 0,shallow,light,25.79311,25.53606
1840,2,4,2023-02-25 23:16:14,-23.2572,-13.2758,10.0,4.6,mb: 0,10.149,us: 5,southern Mid-Atlantic Ridge,earthquake: 0,1.813,0.14,15.0,us,us: 5,10-20 km: 1,shallow,light,-27.807384,-10.518276
1841,2,4,2023-02-25 23:32:53,-0.2165,124.5,72.339,4.8,mb: 0,1.913,us: 5,"74 km S of Modisi, Indonesia",earthquake: 0,4.468,0.062,80.0,us,us: 5,0-10 km: 0,intermediate,light,34.03295,39.435616
1842,2,4,2023-02-26 03:53:08,5.6459,126.2682,66.83,4.6,mb: 0,1.572,us: 5,"Mindanao, Philippines",earthquake: 0,7.909,0.116,25.0,us,us: 5,0-10 km: 0,shallow,light,47.99028,11.71952
1843,2,4,2023-02-26 05:13:12,-11.3429,165.7914,10.0,4.8,mb: 0,4.305,us: 5,"68 km S of Lata, Solomon Islands",earthquake: 0,1.876,0.071,69.0,us,us: 5,0-10 km: 0,shallow,light,9.473586,-3.4632056
1844,2,4,2023-02-26 05:52:43,1.7709,125.8777,11.402,4.8,mb: 0,1.789,us: 5,"91 km ENE of Bitung, Indonesia",earthquake: 0,4.115,0.061,83.0,us,us: 5,0-10 km: 0,shallow,light,22.078327,33.38098
1845,2,4,2023-02-26 09:14:47,19.1025,121.1144,37.084,4.9,mb: 0,3.697,us: 5,"54 km N of Namuac, Philippines",earthquake: 0,3.673,0.054,107.0,us,us: 5,0-10 km: 0,shallow,light,1.7587808,34.381405
1846,2,4,2023-02-26 11:37:41,-30.2208,-177.431,34.066,4.8,mb: 0,1.046,us: 5,"Kermadec Islands, New Zealand",earthquake: 0,5.709,0.119,22.0,us,us: 5,0-10 km: 0,shallow,light,-53.36885,-11.970393
1847,2,4,2023-02-26 11:48:15,-30.2776,-177.5325,20.36,5.0,mb: 0,1.066,us: 5,"Kermadec Islands, New Zealand",earthquake: 0,5.8,0.111,26.0,us,us: 5,0-10 km: 0,shallow,moderate,-53.73053,-11.311598
1848,2,4,2023-02-26 13:18:21,-40.2713,-16.2816,10.0,4.6,mb: 0,25.902,us: 5,southern Mid-Atlantic Ridge,earthquake: 0,1.943,0.152,13.0,us,us: 5,20-30 km: 2,shallow,light,-36.86304,-41.560696
1849,2,4,2023-02-26 13:53:18,51.51,-178.2933,49.251,5.0,mb: 0,0.347,us: 5,"121 km WSW of Adak, Alaska",earthquake: 0,5.194,0.028,422.0,us,us: 5,0-10 km: 0,shallow,moderate,-16.579422,51.606968
1850,2,4,2023-02-26 15:08:13,-20.5904,-178.3488,537.222,4.6,mb: 0,2.997,us: 5,Fiji region,earthquake: 0,6.005,0.077,50.0,us,us: 5,0-10 km: 0,deep,light,-8.409775,72.38626
1851,2,4,2023-02-26 16:41:15,-8.5589,123.3885,187.493,4.9,mww: 7,1.141,us: 5,"122 km NNW of Naisano Dua, Indonesia",earthquake: 0,5.675,0.086,13.0,us,us: 5,0-10 km: 0,intermediate,light,30.484993,-15.391994
1852,2,4,2023-02-26 21:42:13,42.0818,79.9463,10.0,4.9,mb: 0,1.221,us: 5,"103 km NNW of Aksu, China",earthquake: 0,1.809,0.077,53.0,us,us: 5,0-10 km: 0,shallow,light,-19.997206,20.000488
1853,2,4,2023-02-26 23:33:19,18.7579,145.5217,227.028,4.6,mb: 0,5.178,us: 5,"Pagan region, Northern Mariana Islands",earthquake: 0,5.46,0.041,179.0,us,us: 5,0-10 km: 0,intermediate,light,3.2969973,47.068687
1854,2,4,2023-02-26 23:58:04,41.8209,79.8399,10.0,5.1,mb: 0,1.267,us: 5,Kyrgyzstan-Xinjiang border region,earthquake: 0,1.825,0.057,100.0,us,us: 5,0-10 km: 0,shallow,moderate,-15.191687,27.571363
1855,2,4,2023-02-27 00:49:23,-59.8188,-25.3746,10.0,4.7,mb: 0,18.398,us: 5,South Sandwich Islands region,earthquake: 0,1.823,0.126,19.0,us,us: 5,10-20 km: 1,shallow,light,-33.16919,-43.97132
1856,2,4,2023-02-27 01:26:05,-1.614,120.2491,38.883,5.5,mww: 7,2.585,us: 5,"60 km WSW of Poso, Indonesia",earthquake: 0,2.876,0.06,27.0,us,us: 5,0-10 km: 0,shallow,moderate,34.849663,-25.18465
1857,2,4,2023-02-27 01:31:15,-32.7799,-178.9952,44.505,5.1,mb: 0,3.626,us: 5,south of the Kermadec Islands,earthquake: 0,4.797,0.08,51.0,us,us: 5,0-10 km: 0,shallow,moderate,-55.673897,-7.1650505
1858,2,4,2023-02-27 01:35:51,17.5469,147.4765,19.711,4.9,mb: 0,4.669,us: 5,Mariana Islands region,earthquake: 0,3.663,0.069,66.0,us,us: 5,0-10 km: 0,shallow,light,20.42571,27.699783
1859,2,4,2023-02-27 02:51:21,37.8722,37.5853,10.0,4.7,mwr: 6,0.655,us: 5,"10 km NNW of Gölba??, Turkey",earthquake: 0,1.752,0.052,35.0,us,us: 5,0-10 km: 0,shallow,light,13.8685875,-58.299274
1860,2,4,2023-02-27 03:01:25,-5.8854,-80.8696,32.402,4.8,mb: 0,2.456,us: 5,"36 km S of Sechura, Peru",earthquake: 0,4.134,0.05,122.0,us,us: 5,0-10 km: 0,shallow,light,-39.35461,3.744817
1861,2,4,2023-02-27 06:40:59,-20.5478,-178.3543,550.239,5.6,mww: 7,3.011,us: 5,Fiji region,earthquake: 0,7.122,0.089,12.0,us,us: 5,0-10 km: 0,deep,moderate,73.8949,4.829021
1862,2,4,2023-02-27 08:43:08,30.5081,-41.8799,10.0,4.8,mb: 0,15.344,us: 5,northern Mid-Atlantic Ridge,earthquake: 0,1.873,0.046,149.0,us,us: 5,10-20 km: 1,shallow,light,-21.998203,31.707087
1863,2,4,2023-02-27 08:46:24,30.5183,-41.911,10.0,4.9,mb: 0,21.361,us: 5,northern Mid-Atlantic Ridge,earthquake: 0,1.861,0.048,137.0,us,us: 5,20-30 km: 2,shallow,light,-21.932316,31.567432
1864,2,4,2023-02-27 09:04:51,38.2144,38.2773,10.0,5.2,mww: 7,0.878,us: 5,"9 km SSE of Ye?ilyurt, Turkey",earthquake: 0,1.636,0.052,36.0,us,us: 5,0-10 km: 0,shallow,moderate,21.068504,-56.93522
1865,2,4,2023-02-27 09:05:04,-5.6873,-80.8196,35.0,4.6,mb: 0,2.254,us: 5,near the coast of northern Peru,earthquake: 0,1.877,0.112,24.0,us,us: 5,0-10 km: 0,shallow,light,-34.54037,-4.9990363
1866,2,4,2023-02-27 09:50:42,-11.2984,166.2888,83.915,5.0,mww: 7,4.219,us: 5,"83 km SE of Lata, Solomon Islands",earthquake: 0,4.628,0.083,14.0,us,us: 5,0-10 km: 0,intermediate,moderate,29.856794,-18.411049
1867,2,4,2023-02-27 13:13:55,-55.2996,-27.2046,10.0,4.7,mb: 0,5.468,us: 5,South Sandwich Islands region,earthquake: 0,1.877,0.159,12.0,us,us: 5,0-10 km: 0,shallow,light,-36.999084,-42.970844
1868,2,4,2023-02-27 16:15:41,-5.5852,149.9691,10.0,4.6,mb: 0,2.588,us: 5,"New Britain region, Papua New Guinea",earthquake: 0,1.884,0.105,27.0,us,us: 5,0-10 km: 0,shallow,light,-0.64287376,-12.158329
1869,2,4,2023-02-27 18:46:06,12.7603,-87.9127,72.114,5.2,mww: 7,0.872,us: 5,"50 km W of Jiquilillo, Nicaragua",earthquake: 0,4.185,0.051,37.0,us,us: 5,0-10 km: 0,intermediate,moderate,54.50691,-48.14547
1870,2,4,2023-02-27 18:56:10,38.5684,142.0511,56.039,4.6,mb: 0,2.345,us: 5,"54 km ENE of Onagawa Ch?, Japan",earthquake: 0,4.609,0.07,61.0,us,us: 5,0-10 km: 0,shallow,light,9.39606,30.198162
1871,2,4,2023-02-27 19:36:02,39.4048,74.0804,10.0,4.6,mb: 0,1.768,us: 5,"southern Xinjiang, China",earthquake: 0,1.857,0.069,62.0,us,us: 5,0-10 km: 0,shallow,light,-18.59037,20.6846
1872,2,4,2023-02-28 02:08:39,-49.9924,111.9589,10.0,4.7,mb: 0,16.351,us: 5,southeast Indian Ridge,earthquake: 0,1.939,0.208,7.0,us,us: 5,10-20 km: 1,shallow,light,-12.2253275,-33.49224
1873,2,4,2023-02-28 03:55:10,35.8736,140.9826,44.433,4.7,mb: 0,2.34,us: 5,"20 km NE of Hasaki, Japan",earthquake: 0,4.987,0.064,74.0,us,us: 5,0-10 km: 0,shallow,light,8.864052,30.578545
1874,2,4,2023-02-28 04:20:59,38.0772,73.2404,10.0,5.0,mb: 0,1.795,us: 5,Tajikistan-Xinjiang border region,earthquake: 0,1.864,0.053,113.0,us,us: 5,0-10 km: 0,shallow,moderate,-15.020082,28.202477
1875,2,4,2023-02-28 04:49:54,-31.1845,-65.8028,10.409,5.0,mb: 0,2.124,us: 5,"La Rioja-Cordoba border region, Argentina",earthquake: 0,3.38,0.09,39.0,us,us: 5,0-10 km: 0,shallow,moderate,-31.06657,-32.887756
1876,2,4,2023-02-28 09:30:19,0.2079,30.0065,10.0,4.6,mb: 0,1.087,us: 5,"1 km NW of Kilembe, Uganda",earthquake: 0,1.762,0.273,4.0,us,us: 5,0-10 km: 0,shallow,light,-16.196901,-24.38304
1877,2,4,2023-02-28 11:09:41,42.3525,144.4147,74.866,4.8,mb: 0,0.994,us: 5,"69 km S of Kushiro, Japan",earthquake: 0,9.021,0.175,10.0,us,us: 5,0-10 km: 0,intermediate,light,32.90677,2.651432
1878,2,4,2023-02-28 11:12:08,32.932,141.7018,10.0,5.2,mww: 7,1.597,us: 5,"276 km SSE of Katsuura, Japan",earthquake: 0,1.83,0.058,29.0,us,us: 5,0-10 km: 0,shallow,moderate,25.529415,-44.192635
1879,2,4,2023-02-28 12:07:30,6.6808,60.2231,10.0,5.4,mww: 7,12.233,us: 5,Carlsberg Ridge,earthquake: 0,1.841,0.052,35.0,us,us: 5,10-20 km: 1,shallow,moderate,35.234573,-32.445625
1880,2,4,2023-02-28 14:42:50,1.3696,125.7758,64.487,5.1,mb: 0,1.698,us: 5,"72 km E of Bitung, Indonesia",earthquake: 0,3.195,0.059,95.0,us,us: 5,0-10 km: 0,shallow,moderate,19.355257,35.77122
1881,2,4,2023-02-28 14:46:51,29.6162,101.9744,10.0,5.2,mww: 7,6.486,us: 5,"42 km S of Kangding, China",earthquake: 0,1.815,0.066,22.0,us,us: 5,0-10 km: 0,shallow,moderate,25.443804,-45.86715
1882,2,4,2023-02-28 16:14:14,-17.4916,-177.1879,374.407,4.6,mb: 0,3.291,us: 5,Fiji region,earthquake: 0,2.155,0.066,68.0,us,us: 5,0-10 km: 0,deep,light,-5.7795334,69.05905
1883,2,4,2023-02-28 18:42:17,-35.9133,-103.0166,10.0,4.7,mb: 0,24.512,us: 5,southeast of Easter Island,earthquake: 0,1.838,0.084,46.0,us,us: 5,20-30 km: 2,shallow,light,-32.65582,-32.041172
1884,2,4,2023-02-28 19:44:35,13.6009,-90.7301,69.345,5.2,mww: 7,0.953,us: 5,"36 km S of Iztapa, Guatemala",earthquake: 0,4.455,0.043,52.0,us,us: 5,0-10 km: 0,shallow,moderate,54.44904,-48.04867
1885,2,4,2023-02-28 20:03:08,1.3991,125.4671,10.0,4.6,mb: 0,1.999,us: 5,"37 km E of Bitung, Indonesia",earthquake: 0,1.78,0.109,30.0,us,us: 5,0-10 km: 0,shallow,light,-4.016903,-9.600251
1886,2,4,2023-02-28 20:11:57,8.3987,126.4934,79.069,4.6,mb: 0,1.602,us: 5,"17 km E of Hinatuan, Philippines",earthquake: 0,6.122,0.055,103.0,us,us: 5,0-10 km: 0,intermediate,light,25.694895,38.846848
1887,3,1,2023-03-01 00:37:18,-22.5991,-175.0747,10.0,4.9,mb: 0,1.428,us: 5,"139 km S of ‘Ohonua, Tonga",earthquake: 0,1.841,0.085,44.0,us,us: 5,0-10 km: 0,shallow,light,-65.079254,-9.002468
1888,3,1,2023-03-01 05:36:14,-4.8255,149.5041,600.933,6.6,mww: 7,2.725,us: 5,"106 km NW of Kimbe, Papua New Guinea",earthquake: 0,1.992,0.059,28.0,us,us: 5,0-10 km: 0,deep,strong,73.17547,1.6258993
1889,3,1,2023-03-01 07:20:23,36.3065,36.097,10.0,4.7,mb: 0,1.243,us: 5,"7 km W of Anayazi, Turkey",earthquake: 0,1.84,0.072,58.0,us,us: 5,0-10 km: 0,shallow,light,-21.28022,21.460033
1890,3,1,2023-03-01 08:09:15,-17.7088,-74.5254,10.0,4.7,mb: 0,4.034,us: 5,"191 km SSW of Atico, Peru",earthquake: 0,1.856,0.102,29.0,us,us: 5,0-10 km: 0,shallow,light,-35.760292,-5.143929
1891,3,1,2023-03-01 11:12:07,-6.0936,149.8476,51.064,4.7,mb: 0,2.982,us: 5,"35 km ENE of Kandrian, Papua New Guinea",earthquake: 0,6.141,0.104,28.0,us,us: 5,0-10 km: 0,shallow,light,37.045895,25.467361
1892,3,1,2023-03-01 11:16:29,-13.6619,-111.2689,10.0,4.7,mb: 0,33.464,us: 5,central East Pacific Rise,earthquake: 0,1.892,0.121,21.0,us,us: 5,30-40 km: 3,shallow,light,-36.372772,-6.0657725
1893,3,1,2023-03-01 12:54:52,-60.3018,-27.0797,62.441,5.1,mb: 0,17.44,us: 5,South Sandwich Islands region,earthquake: 0,8.25,0.091,39.0,us,us: 5,10-20 km: 1,shallow,moderate,-28.823158,-54.1227
1894,3,1,2023-03-01 13:59:22,27.4834,142.7793,16.78,5.0,mb: 0,0.655,us: 5,"Bonin Islands, Japan region",earthquake: 0,4.466,0.054,115.0,us,us: 5,0-10 km: 0,shallow,moderate,2.2356844,34.86241
1895,3,1,2023-03-01 14:21:35,13.7299,120.2291,48.741,4.6,mb: 0,9.075,us: 5,"2 km WNW of Looc, Philippines",earthquake: 0,6.103,0.077,50.0,us,us: 5,0-10 km: 0,shallow,light,31.681149,26.992
1896,3,1,2023-03-01 15:14:41,9.071,122.4983,10.0,4.7,mb: 0,3.641,us: 5,"40 km SSW of Basay, Philippines",earthquake: 0,1.868,0.067,68.0,us,us: 5,0-10 km: 0,shallow,light,0.38643137,3.8648958
1897,3,1,2023-03-01 19:28:07,14.1495,146.8086,10.404,5.5,mww: 7,1.965,us: 5,"156 km SE of San Jose Village, Northern Mariana Islands",earthquake: 0,3.778,0.066,22.0,us,us: 5,0-10 km: 0,shallow,moderate,30.611887,-35.035072
1898,3,1,2023-03-01 19:29:50,44.4887,149.5786,35.0,5.0,mb: 0,5.028,us: 5,"157 km ESE of Kuril’sk, Russia",earthquake: 0,1.894,0.057,100.0,us,us: 5,0-10 km: 0,shallow,moderate,-6.5225797,25.828865
1899,3,1,2023-03-01 22:36:06,-1.0701,137.0767,23.766,4.6,mb: 0,5.162,us: 5,"111 km E of Biak, Indonesia",earthquake: 0,5.382,0.068,65.0,us,us: 5,0-10 km: 0,shallow,light,26.41724,33.305954
1900,3,1,2023-03-01 23:05:23,-1.5655,100.8384,93.325,5.0,mww: 7,3.49,us: 5,"southern Sumatra, Indonesia",earthquake: 0,3.021,0.093,11.0,us,us: 5,0-10 km: 0,intermediate,moderate,26.620935,-21.864424
1901,3,1,2023-03-02 00:52:37,-1.0061,137.2045,14.342,4.7,mb: 0,3.805,us: 5,"126 km E of Biak, Indonesia",earthquake: 0,4.247,0.08,47.0,us,us: 5,0-10 km: 0,shallow,light,27.030386,25.883926
1902,3,1,2023-03-02 01:30:29,-6.034,146.414,110.25,4.9,mb: 0,3.429,us: 5,"66 km ENE of Kainantu, Papua New Guinea",earthquake: 0,5.925,0.067,71.0,us,us: 5,0-10 km: 0,intermediate,light,36.051502,39.539043
1903,3,1,2023-03-02 04:40:43,16.2561,-94.4102,95.635,5.7,mww: 7,0.946,us: 5,"Oaxaca, Mexico",earthquake: 0,3.475,0.031,97.0,us,us: 5,0-10 km: 0,intermediate,moderate,46.48109,-50.576416
1904,3,1,2023-03-02 04:55:30,-13.1322,166.4522,35.0,4.8,mb: 0,2.414,us: 5,Vanuatu,earthquake: 0,1.919,0.148,14.0,us,us: 5,0-10 km: 0,shallow,light,-5.374188,-23.31822
1905,3,1,2023-03-02 05:42:02,-55.0543,-31.5432,10.0,5.2,mww: 7,2.974,us: 5,South Georgia Island region,earthquake: 0,1.831,0.089,12.0,us,us: 5,0-10 km: 0,shallow,moderate,60.237732,-25.176756
1906,3,1,2023-03-02 06:14:52,43.4257,147.1071,47.847,4.8,mww: 7,3.234,us: 5,"51 km SE of Shikotan, Russia",earthquake: 0,4.899,0.098,10.0,us,us: 5,0-10 km: 0,shallow,light,17.062965,-37.33282
1907,3,1,2023-03-02 06:47:40,33.2865,139.5226,18.235,5.0,mww: 7,0.298,us: 5,"163 km SSE of Shimoda, Japan",earthquake: 0,4.116,0.086,13.0,us,us: 5,0-10 km: 0,shallow,moderate,18.927387,-38.702576
1908,3,1,2023-03-02 08:23:58,2.4517,128.2614,74.41,4.6,mb: 0,1.893,us: 5,"84 km NNE of Tobelo, Indonesia",earthquake: 0,8.0,0.076,52.0,us,us: 5,0-10 km: 0,intermediate,light,50.844032,23.033659
1909,3,1,2023-03-02 08:37:19,-6.8166,155.0301,26.53,4.6,mb: 0,3.866,us: 5,"74 km SW of Panguna, Papua New Guinea",earthquake: 0,6.05,0.092,36.0,us,us: 5,0-10 km: 0,shallow,light,35.778774,25.808573
1910,3,1,2023-03-02 11:58:51,14.348,-93.73,10.0,4.6,mb: 0,1.436,us: 5,"136 km SSW of La Esperanza (El Zapotal), Mexico",earthquake: 0,1.536,0.046,142.0,us,us: 5,0-10 km: 0,shallow,light,-36.008053,6.672681
1911,3,1,2023-03-02 13:38:20,2.8152,127.0643,54.595,4.6,mb: 0,2.052,us: 5,Molucca Sea,earthquake: 0,7.97,0.102,29.0,us,us: 5,0-10 km: 0,shallow,light,46.86463,21.054537
1912,3,1,2023-03-02 14:32:16,9.0645,122.6983,10.0,4.9,mb: 0,3.473,us: 5,"25 km WSW of Bonawon, Philippines",earthquake: 0,1.841,0.065,74.0,us,us: 5,0-10 km: 0,shallow,light,0.5231909,5.793588
1913,3,1,2023-03-02 16:41:30,21.6018,143.0212,298.687,4.9,mb: 0,5.522,us: 5,Mariana Islands region,earthquake: 0,4.816,0.028,401.0,us,us: 5,0-10 km: 0,intermediate,light,-8.856233,54.884594
1914,3,1,2023-03-02 16:42:58,-24.2394,-179.9632,514.264,4.7,mb: 0,5.325,us: 5,south of the Fiji Islands,earthquake: 0,7.754,0.104,30.0,us,us: 5,0-10 km: 0,deep,light,-8.011488,74.28886
1915,3,1,2023-03-02 18:04:30,-15.3766,166.3907,17.0,6.5,mww: 7,5.522,us: 5,"83 km WSW of Port-Olry, Vanuatu",earthquake: 0,0.407,0.043,52.0,us,us: 5,0-10 km: 0,shallow,strong,41.122616,-38.1472
1916,3,1,2023-03-02 18:05:31,-15.0524,166.5727,10.0,5.7,mb: 0,0.724,us: 5,"53 km W of Port-Olry, Vanuatu",earthquake: 0,1.762,0.149,20.0,us,us: 5,0-10 km: 0,shallow,moderate,-0.030067964,-29.132906
1917,3,1,2023-03-02 18:10:32,-15.056,166.6459,10.0,5.2,mb: 0,0.664,us: 5,"45 km W of Port-Olry, Vanuatu",earthquake: 0,1.817,0.087,44.0,us,us: 5,0-10 km: 0,shallow,moderate,12.439607,-8.727217
1918,3,1,2023-03-02 18:11:07,-14.9061,166.672,10.0,5.2,mb: 0,0.743,us: 5,"45 km WNW of Port-Olry, Vanuatu",earthquake: 0,1.781,0.08,52.0,us,us: 5,0-10 km: 0,shallow,moderate,12.431705,-8.428631
1919,3,1,2023-03-02 18:14:42,-15.2415,166.5078,10.0,4.7,mb: 0,0.701,us: 5,"64 km WSW of Port-Olry, Vanuatu",earthquake: 0,1.86,0.276,4.0,us,us: 5,0-10 km: 0,shallow,light,-15.261202,-25.990488
1920,3,1,2023-03-02 18:17:05,-15.223,166.6972,10.0,4.7,mb: 0,0.537,us: 5,Vanuatu,earthquake: 0,1.821,0.127,29.0,us,us: 5,0-10 km: 0,shallow,light,0.65234894,-20.02993
1921,3,1,2023-03-02 18:33:37,-14.8304,166.5139,10.0,4.8,mb: 0,0.905,us: 5,"64 km WNW of Port-Olry, Vanuatu",earthquake: 0,1.799,0.08,48.0,us,us: 5,0-10 km: 0,shallow,light,8.998171,-10.536836
1922,3,1,2023-03-02 18:40:44,-15.136,166.5063,10.0,4.7,mb: 0,0.74,us: 5,"61 km W of Port-Olry, Vanuatu",earthquake: 0,1.23,0.096,33.0,us,us: 5,0-10 km: 0,shallow,light,5.414291,-14.422079
1923,3,1,2023-03-02 18:41:27,-21.2549,-174.1087,10.0,4.7,mb: 0,1.025,us: 5,"88 km E of ‘Ohonua, Tonga",earthquake: 0,1.828,0.166,11.0,us,us: 5,0-10 km: 0,shallow,light,-56.94779,-25.871067
1924,3,1,2023-03-02 18:50:08,-14.8619,166.6438,10.0,4.6,mb: 0,0.794,us: 5,"50 km WNW of Port-Olry, Vanuatu",earthquake: 0,1.805,0.114,23.0,us,us: 5,0-10 km: 0,shallow,light,1.7122658,-18.493942
1925,3,1,2023-03-02 18:54:07,-14.9188,166.7031,10.0,4.7,mb: 0,0.713,us: 5,"42 km WNW of Port-Olry, Vanuatu",earthquake: 0,1.786,0.113,24.0,us,us: 5,0-10 km: 0,shallow,light,3.3350124,-17.935404
1926,3,1,2023-03-02 19:05:05,-14.8286,166.7535,10.0,4.8,mb: 0,0.753,us: 5,Vanuatu,earthquake: 0,1.816,0.098,32.0,us,us: 5,0-10 km: 0,shallow,light,6.125053,-14.970395
1927,3,1,2023-03-02 19:32:27,-14.7795,166.5857,10.0,4.9,mb: 0,0.892,us: 5,"59 km WNW of Port-Olry, Vanuatu",earthquake: 0,1.471,0.064,76.0,us,us: 5,0-10 km: 0,shallow,light,10.519791,-3.073077
1928,3,1,2023-03-02 20:00:04,-11.9709,165.9992,10.0,4.8,mb: 0,6.458,us: 5,"139 km S of Lata, Solomon Islands",earthquake: 0,1.477,0.1,31.0,us,us: 5,0-10 km: 0,shallow,light,5.6419673,-14.938279
1929,3,1,2023-03-02 20:12:53,-14.9083,166.6146,10.0,4.6,mb: 0,0.781,us: 5,Vanuatu,earthquake: 0,1.846,0.151,13.0,us,us: 5,0-10 km: 0,shallow,light,-4.1105604,-23.774004
1930,3,1,2023-03-02 20:53:46,-14.8517,166.6747,10.0,4.6,mb: 0,0.782,us: 5,"47 km WNW of Port-Olry, Vanuatu",earthquake: 0,1.892,0.165,11.0,us,us: 5,0-10 km: 0,shallow,light,-7.289805,-25.078224
1931,3,1,2023-03-02 20:55:29,-14.891,166.7167,12.935,5.1,mb: 0,0.725,us: 5,"41 km WNW of Port-Olry, Vanuatu",earthquake: 0,3.857,0.073,61.0,us,us: 5,0-10 km: 0,shallow,moderate,19.367493,20.732504
1932,3,1,2023-03-02 21:06:57,-14.8973,166.7618,10.0,4.6,mb: 0,0.693,us: 5,"37 km WNW of Port-Olry, Vanuatu",earthquake: 0,1.852,0.152,13.0,us,us: 5,0-10 km: 0,shallow,light,-4.1959977,-23.8309
1933,3,1,2023-03-02 21:45:20,-14.9989,166.8639,28.775,4.6,mb: 0,0.553,us: 5,Vanuatu,earthquake: 0,5.463,0.158,12.0,us,us: 5,0-10 km: 0,shallow,light,31.301575,14.567667
1934,3,1,2023-03-02 23:03:36,-21.3179,-174.0117,10.0,4.6,mb: 0,1.122,us: 5,"98 km E of ‘Ohonua, Tonga",earthquake: 0,1.807,0.273,4.0,us,us: 5,0-10 km: 0,shallow,light,-49.309822,-26.773909
1935,3,1,2023-03-02 23:05:11,-14.8101,166.7173,10.0,4.6,mb: 0,0.788,us: 5,"46 km NW of Port-Olry, Vanuatu",earthquake: 0,1.824,0.119,21.0,us,us: 5,0-10 km: 0,shallow,light,1.1767315,-18.97942
1936,3,1,2023-03-03 00:31:53,-59.3463,-18.0583,10.0,5.2,mww: 7,11.284,us: 5,east of the South Sandwich Islands,earthquake: 0,1.773,0.098,10.0,us,us: 5,10-20 km: 1,shallow,moderate,60.273613,-25.004766
1937,3,1,2023-03-03 00:36:47,-3.8512,101.8071,57.716,5.0,mww: 7,1.252,us: 5,"southern Sumatra, Indonesia",earthquake: 0,2.991,0.098,10.0,us,us: 5,0-10 km: 0,shallow,moderate,26.688715,-22.192493
1938,3,1,2023-03-03 00:54:27,-14.7756,166.5553,10.0,5.3,mww: 7,0.915,us: 5,"62 km WNW of Port-Olry, Vanuatu",earthquake: 0,1.803,0.073,18.0,us,us: 5,0-10 km: 0,shallow,moderate,41.241314,-26.366701
1939,3,1,2023-03-03 01:53:26,-17.1247,-72.6624,18.572,5.3,mww: 7,2.535,us: 5,"51 km SSW of Quilca, Peru",earthquake: 0,3.159,0.052,36.0,us,us: 5,0-10 km: 0,shallow,moderate,61.887135,-39.88533
1940,3,1,2023-03-03 02:53:43,37.8395,36.7004,7.12,5.0,mww: 7,0.369,us: 5,"26 km SE of Göksun, Turkey",earthquake: 0,3.331,0.059,28.0,us,us: 5,0-10 km: 0,shallow,moderate,19.450455,-56.16989
1941,3,1,2023-03-03 04:37:46,-18.1969,-174.8757,189.068,4.6,mb: 0,0.945,us: 5,"106 km WNW of Neiafu, Tonga",earthquake: 0,7.088,0.132,17.0,us,us: 5,0-10 km: 0,intermediate,light,-48.35293,-9.291657
1942,3,1,2023-03-03 04:53:55,-59.403,-17.9994,10.0,5.9,mww: 7,11.331,us: 5,east of the South Sandwich Islands,earthquake: 0,1.77,0.059,28.0,us,us: 5,10-20 km: 1,shallow,moderate,57.494854,-25.348452
1943,3,1,2023-03-03 07:02:31,-1.7176,120.0864,39.789,4.6,mb: 0,2.767,us: 5,"82 km WSW of Poso, Indonesia",earthquake: 0,7.708,0.126,19.0,us,us: 5,0-10 km: 0,shallow,light,43.082664,20.913397
1944,3,1,2023-03-03 09:41:20,-5.918,154.5022,80.6,5.0,mb: 0,2.892,us: 5,"117 km WNW of Panguna, Papua New Guinea",earthquake: 0,7.0,0.051,125.0,us,us: 5,0-10 km: 0,intermediate,moderate,26.778965,44.87716
1945,3,1,2023-03-03 12:26:51,27.3128,142.9603,18.276,4.6,mb: 0,0.724,us: 5,"Bonin Islands, Japan region",earthquake: 0,4.857,0.099,30.0,us,us: 5,0-10 km: 0,shallow,light,24.853476,10.54579
1946,3,1,2023-03-03 15:35:33,-17.7694,-176.8264,366.984,4.6,mb: 0,2.825,us: 5,Fiji region,earthquake: 0,7.121,0.088,38.0,us,us: 5,0-10 km: 0,deep,light,-5.297824,70.3335
1947,3,1,2023-03-03 19:00:26,-30.8827,-13.4117,10.0,5.4,mww: 7,6.237,us: 5,southern Mid-Atlantic Ridge,earthquake: 0,1.781,0.069,20.0,us,us: 5,0-10 km: 0,shallow,moderate,58.12529,-27.765572
1948,3,1,2023-03-03 19:37:38,-16.0716,-74.4062,27.345,4.6,mb: 0,4.507,us: 5,"30 km S of Atiquipa, Peru",earthquake: 0,5.376,0.158,12.0,us,us: 5,0-10 km: 0,shallow,light,-46.09039,-14.666905
1949,3,1,2023-03-03 20:10:19,8.2866,-72.2121,13.978,4.6,mb: 0,1.67,us: 5,"8 km NNE of La Fría, Venezuela",earthquake: 0,3.805,0.068,72.0,us,us: 5,0-10 km: 0,shallow,light,-38.751648,4.5308785
1950,3,1,2023-03-04 01:19:34,-32.2515,-178.7338,39.444,5.0,mb: 0,3.061,us: 5,south of the Kermadec Islands,earthquake: 0,7.545,0.151,14.0,us,us: 5,0-10 km: 0,shallow,moderate,-50.655647,-15.176413
1951,3,1,2023-03-04 02:31:19,-54.9355,-31.4002,10.0,4.6,mb: 0,3.03,us: 5,South Georgia Island region,earthquake: 0,1.94,0.172,10.0,us,us: 5,0-10 km: 0,shallow,light,-37.75063,-42.64591
1952,3,1,2023-03-04 06:41:23,-29.5023,-178.7965,211.0,6.9,mww: 7,0.799,us: 5,"Kermadec Islands, New Zealand",earthquake: 0,1.901,0.045,47.0,us,us: 5,0-10 km: 0,intermediate,strong,56.990746,-35.765602
1953,3,1,2023-03-04 13:13:57,25.1919,128.3415,10.0,4.9,mb: 0,1.638,us: 5,"123 km SSE of Itoman, Japan",earthquake: 0,1.245,0.069,65.0,us,us: 5,0-10 km: 0,shallow,light,-7.905676,18.4185
1954,3,1,2023-03-04 19:15:21,-31.0671,-13.4897,10.0,5.0,mb: 0,16.621,us: 5,southern Mid-Atlantic Ridge,earthquake: 0,1.876,0.151,14.0,us,us: 5,10-20 km: 1,shallow,moderate,-37.011543,-40.556015
1955,3,1,2023-03-04 20:18:07,-16.641,-173.279,54.759,5.2,mb: 0,2.112,us: 5,Tonga,earthquake: 0,8.042,0.098,37.0,us,us: 5,0-10 km: 0,shallow,moderate,-53.342236,-8.790697
1956,3,1,2023-03-05 01:46:03,-14.6451,166.8449,20.953,4.6,mb: 0,0.869,us: 5,"50 km NNW of Port-Olry, Vanuatu",earthquake: 0,7.05,0.125,19.0,us,us: 5,0-10 km: 0,shallow,light,39.921787,21.969765
1957,3,1,2023-03-05 16:49:39,7.472,126.2112,10.0,4.7,mb: 0,0.744,us: 5,"Compostela Valley, Philippines",earthquake: 0,1.894,0.099,31.0,us,us: 5,0-10 km: 0,shallow,light,-8.111206,-4.07781
1958,3,1,2023-03-05 19:02:15,-17.8671,-174.9991,249.02,4.8,mb: 0,1.227,us: 5,"138 km NW of Neiafu, Tonga",earthquake: 0,5.251,0.05,123.0,us,us: 5,0-10 km: 0,intermediate,light,-51.061733,-0.9810049
1959,3,1,2023-03-05 19:25:43,-16.1425,-73.4704,55.845,5.1,mww: 7,3.721,us: 5,"17 km ENE of Atico, Peru",earthquake: 0,5.081,0.093,11.0,us,us: 5,0-10 km: 0,shallow,moderate,60.142548,-47.395107
1960,3,1,2023-03-05 20:43:02,7.5373,126.1657,10.0,5.4,mww: 7,0.745,us: 5,"10 km SSE of Bantacan, Philippines",earthquake: 0,1.775,0.069,20.0,us,us: 5,0-10 km: 0,shallow,moderate,34.066856,-31.322556
1961,3,1,2023-03-05 20:49:46,36.7867,36.1842,10.0,4.8,mwr: 6,0.802,us: 5,"7 km SW of Dörtyol, Turkey",earthquake: 0,1.816,0.066,22.0,us,us: 5,0-10 km: 0,shallow,light,14.774557,-56.583878
1962,3,1,2023-03-05 22:16:51,-17.9946,-178.5558,574.382,4.6,mb: 0,3.239,us: 5,"225 km E of Levuka, Fiji",earthquake: 0,6.904,0.132,17.0,us,us: 5,0-10 km: 0,deep,light,-7.3563676,75.02571
1963,3,1,2023-03-05 22:21:34,-55.7137,147.3366,10.0,5.8,mww: 7,6.77,us: 5,west of Macquarie Island,earthquake: 0,1.734,0.056,31.0,us,us: 5,0-10 km: 0,shallow,moderate,51.561,-24.218462
1964,3,1,2023-03-05 23:37:11,7.6244,91.7592,10.0,5.1,mww: 7,5.678,us: 5,"Nicobar Islands, India region",earthquake: 0,1.808,0.086,13.0,us,us: 5,0-10 km: 0,shallow,moderate,29.09266,-30.108929
1965,3,1,2023-03-06 01:50:08,-9.3706,112.4379,45.416,4.8,mb: 0,1.916,us: 5,"132 km SSW of Dampit, Indonesia",earthquake: 0,5.654,0.083,45.0,us,us: 5,0-10 km: 0,shallow,light,29.890152,29.841425
1966,3,1,2023-03-06 01:52:28,-5.7178,151.4255,54.639,4.6,mb: 0,1.685,us: 5,"143 km E of Kimbe, Papua New Guinea",earthquake: 0,7.202,0.117,22.0,us,us: 5,0-10 km: 0,shallow,light,42.17249,21.755886
1967,3,1,2023-03-06 02:26:45,-11.8106,65.5426,10.0,4.6,mb: 0,19.043,us: 5,Mid-Indian Ridge,earthquake: 0,1.943,0.136,16.0,us,us: 5,10-20 km: 1,shallow,light,-27.026579,-8.417375
1968,3,1,2023-03-06 07:34:51,-29.6506,-71.5163,59.292,5.0,mww: 7,0.36,us: 5,"37 km NNW of Coquimbo, Chile",earthquake: 0,5.528,0.089,12.0,us,us: 5,0-10 km: 0,shallow,moderate,62.417313,-42.78433
1969,3,1,2023-03-06 09:25:38,12.0446,-87.9326,41.861,4.9,mb: 0,1.288,us: 5,"93 km SW of Jiquilillo, Nicaragua",earthquake: 0,6.036,0.03,355.0,us,us: 5,0-10 km: 0,shallow,light,-18.72986,53.651524
1970,3,1,2023-03-06 09:25:49,-60.9065,-33.423,10.0,5.0,mb: 0,6.842,us: 5,Scotia Sea,earthquake: 0,1.801,0.107,28.0,us,us: 5,0-10 km: 0,shallow,moderate,-28.743431,-43.94915
1971,3,1,2023-03-06 09:33:30,-15.1985,-72.514,93.138,4.6,mb: 0,3.759,us: 5,"19 km WNW of Orcopampa, Peru",earthquake: 0,8.204,0.065,70.0,us,us: 5,0-10 km: 0,intermediate,light,-46.525425,0.6947681
1972,3,1,2023-03-06 12:34:09,-29.0426,-176.8081,38.184,4.8,mb: 0,0.997,us: 5,Kermadec Islands region,earthquake: 0,8.549,0.148,14.0,us,us: 5,0-10 km: 0,shallow,light,-49.99733,-15.013141
1973,3,1,2023-03-06 14:23:35,-17.788,-178.6915,556.763,4.6,mb: 0,3.103,us: 5,"213 km E of Levuka, Fiji",earthquake: 0,7.301,0.082,44.0,us,us: 5,0-10 km: 0,deep,light,-8.72951,73.01664
1974,3,1,2023-03-06 15:53:02,5.774,125.911,151.146,4.8,mb: 0,1.329,us: 5,"33 km ESE of Caburan, Philippines",earthquake: 0,5.441,0.051,117.0,us,us: 5,0-10 km: 0,intermediate,light,31.564228,44.279045
1975,3,1,2023-03-06 20:22:00,12.1184,-87.996,47.537,4.7,mb: 0,1.324,us: 5,"91 km SW of Jiquilillo, Nicaragua",earthquake: 0,6.683,0.044,158.0,us,us: 5,0-10 km: 0,shallow,light,-47.58991,5.7234516
1976,3,1,2023-03-06 21:00:01,-20.7765,-178.3654,534.104,5.8,mww: 7,2.981,us: 5,Fiji region,earthquake: 0,3.096,0.071,19.0,us,us: 5,0-10 km: 0,deep,moderate,74.19117,4.2924356
1977,3,1,2023-03-06 22:24:47,42.3233,144.5598,41.152,5.2,mb: 0,1.087,us: 5,"73 km SSE of Kushiro, Japan",earthquake: 0,4.69,0.043,176.0,us,us: 5,0-10 km: 0,shallow,moderate,0.884322,41.180412
1978,3,1,2023-03-07 01:14:01,-15.1036,167.1604,75.379,5.0,mb: 0,0.344,us: 5,"11 km SE of Port-Olry, Vanuatu",earthquake: 0,2.901,0.071,62.0,us,us: 5,0-10 km: 0,intermediate,moderate,15.744471,16.049847
1979,3,1,2023-03-07 03:59:40,5.3828,-77.5523,10.0,5.0,mww: 7,2.167,us: 5,"47 km SW of Nuquí, Colombia",earthquake: 0,1.672,0.093,11.0,us,us: 5,0-10 km: 0,shallow,moderate,55.574135,-53.064636
1980,3,1,2023-03-07 06:02:31,7.4941,126.0567,16.051,5.9,mww: 7,0.634,us: 5,"6 km SE of Manat, Philippines",earthquake: 0,1.572,0.059,28.0,us,us: 5,0-10 km: 0,shallow,moderate,38.764442,-34.614975
1981,3,1,2023-03-07 07:31:58,-6.4702,104.0023,43.518,5.3,mb: 0,2.341,us: 5,"180 km SW of Bandar Lampung, Indonesia",earthquake: 0,5.243,0.055,111.0,us,us: 5,0-10 km: 0,shallow,moderate,19.660688,38.22001
1982,3,1,2023-03-07 08:47:41,7.6315,126.2526,10.0,5.6,mww: 7,0.871,us: 5,"13 km ENE of Bantacan, Philippines",earthquake: 0,1.736,0.061,26.0,us,us: 5,0-10 km: 0,shallow,moderate,36.36307,-32.96473
1983,3,1,2023-03-07 09:01:24,-17.2098,-65.5349,10.998,4.9,mb: 0,1.942,us: 5,"38 km ENE of Colomi, Bolivia",earthquake: 0,3.206,0.041,190.0,us,us: 5,0-10 km: 0,shallow,light,-60.575405,1.5123622
1984,3,1,2023-03-07 11:11:46,13.3077,92.4291,10.0,4.9,mb: 0,6.589,us: 5,"180 km N of Bamboo Flat, India",earthquake: 0,1.85,0.067,71.0,us,us: 5,0-10 km: 0,shallow,light,-0.8544223,6.285815
1985,3,1,2023-03-07 11:27:06,-35.3208,-106.2205,10.0,4.7,mb: 0,27.379,us: 5,southern East Pacific Rise,earthquake: 0,1.804,0.096,33.0,us,us: 5,20-30 km: 2,shallow,light,-33.30568,-32.697662
1986,3,1,2023-03-07 11:47:27,38.6363,35.2749,5.0,4.7,mwr: 6,0.497,us: 5,"15 km W of Hac?lar, Turkey",earthquake: 0,1.844,0.051,37.0,us,us: 5,0-10 km: 0,shallow,light,13.851192,-58.539238
1987,3,1,2023-03-07 13:51:49,-3.1576,150.6188,9.0,5.9,mww: 7,1.794,us: 5,"67 km SSW of Kavieng, Papua New Guinea",earthquake: 0,1.815,0.062,25.0,us,us: 5,0-10 km: 0,shallow,moderate,39.664673,-33.833557
1988,3,1,2023-03-07 13:53:20,-3.4427,150.6625,10.0,5.4,mb: 0,1.672,us: 5,"97 km S of Kavieng, Papua New Guinea",earthquake: 0,1.707,0.141,17.0,us,us: 5,0-10 km: 0,shallow,moderate,0.26733744,-29.009754
1989,3,1,2023-03-07 20:31:28,-0.2533,124.5471,39.334,5.3,mww: 7,1.94,us: 5,"78 km S of Modisi, Indonesia",earthquake: 0,3.75,0.08,15.0,us,us: 5,0-10 km: 0,shallow,moderate,30.70176,-24.606724
1990,3,1,2023-03-07 20:46:05,-5.4505,151.7573,74.237,5.3,mww: 7,1.172,us: 5,"134 km SSW of Kokopo, Papua New Guinea",earthquake: 0,3.975,0.078,16.0,us,us: 5,0-10 km: 0,intermediate,moderate,31.550848,-19.482807
1991,3,2,2023-03-08 00:11:32,35.2902,-35.1029,10.0,4.8,mb: 0,8.096,us: 5,northern Mid-Atlantic Ridge,earthquake: 0,1.873,0.068,67.0,us,us: 5,0-10 km: 0,shallow,light,-25.831434,22.602285
1992,3,2,2023-03-08 06:03:36,50.0891,157.4709,39.0,5.6,mww: 7,3.027,us: 5,"115 km SE of Severo-Kuril’sk, Russia",earthquake: 0,1.777,0.049,40.0,us,us: 5,0-10 km: 0,shallow,moderate,32.968647,-43.014507
1993,3,2,2023-03-08 07:32:55,61.282,-140.5725,11.0,4.7,mwr: 6,0.39,us: 5,"Yukon, Canada",earthquake: 0,1.511,0.038,65.0,us,us: 5,0-10 km: 0,shallow,light,24.438818,-67.03329
1994,3,2,2023-03-08 07:33:07,-6.5007,155.0307,40.0,5.8,mww: 7,3.662,us: 5,"54 km WSW of Panguna, Papua New Guinea",earthquake: 0,1.925,0.062,25.0,us,us: 5,0-10 km: 0,shallow,moderate,40.10468,-32.821182
1995,3,2,2023-03-08 08:34:51,-24.9174,179.9694,493.615,4.9,mb: 0,4.7,us: 5,south of the Fiji Islands,earthquake: 0,5.132,0.04,201.0,us,us: 5,0-10 km: 0,deep,light,1.9610626,60.559128
1996,3,2,2023-03-08 09:51:27,-4.6275,153.2507,51.35,4.8,mb: 0,1.167,us: 5,"113 km ESE of Kokopo, Papua New Guinea",earthquake: 0,7.3,0.091,37.0,us,us: 5,0-10 km: 0,shallow,light,39.351456,25.525335
1997,3,2,2023-03-08 12:35:36,13.9999,145.0408,113.267,4.6,mb: 0,0.441,us: 5,"53 km NNE of Yigo Village, Guam",earthquake: 0,0.827,0.084,42.0,us,us: 5,0-10 km: 0,intermediate,light,-2.7403743,-3.449912
1998,3,2,2023-03-08 13:11:34,-56.0944,-143.8698,10.0,4.6,mb: 0,30.986,us: 5,Pacific-Antarctic Ridge,earthquake: 0,1.913,0.173,10.0,us,us: 5,30-40 km: 3,shallow,light,-41.594097,-36.77804
1999,3,2,2023-03-08 13:43:22,11.4051,141.4626,10.0,5.4,mww: 7,3.972,us: 5,"208 km NNE of Fais, Micronesia",earthquake: 0,1.778,0.061,26.0,us,us: 5,0-10 km: 0,shallow,moderate,33.6547,-31.989885
2000,3,2,2023-03-08 15:28:47,-42.7139,41.9433,10.0,4.8,mb: 0,7.995,us: 5,Prince Edward Islands region,earthquake: 0,1.828,0.089,39.0,us,us: 5,0-10 km: 0,shallow,light,-22.181587,-40.918575
2001,3,2,2023-03-08 16:10:50,51.4801,159.8688,16.869,4.9,mww: 7,1.718,us: 5,"189 km SSE of Vilyuchinsk, Russia",earthquake: 0,3.999,0.089,12.0,us,us: 5,0-10 km: 0,shallow,light,18.103233,-37.483517
2002,3,2,2023-03-08 19:47:34,14.1879,146.7306,10.0,4.6,mb: 0,1.904,us: 5,"Rota region, Northern Mariana Islands",earthquake: 0,1.928,0.142,15.0,us,us: 5,0-10 km: 0,shallow,light,-15.528053,-8.725558
2003,3,2,2023-03-08 22:14:34,-14.7354,166.5882,10.0,4.8,mb: 0,0.924,us: 5,Vanuatu,earthquake: 0,1.845,0.109,26.0,us,us: 5,0-10 km: 0,shallow,light,4.657407,-17.116495
2004,3,2,2023-03-09 02:06:51,51.468,159.845,10.0,4.9,mww: 7,1.722,us: 5,"190 km SSE of Vilyuchinsk, Russia",earthquake: 0,1.83,0.086,13.0,us,us: 5,0-10 km: 0,shallow,light,20.536366,-42.94929
2005,3,2,2023-03-09 03:20:11,-14.8805,-177.0797,10.0,4.7,mb: 0,1.158,us: 5,"127 km ESE of Alo, Wallis and Futuna",earthquake: 0,1.941,0.12,21.0,us,us: 5,0-10 km: 0,shallow,light,-62.344482,-16.670164
2006,3,2,2023-03-09 04:22:44,15.4837,-92.8591,108.761,4.9,mb: 0,0.41,us: 5,"7 km NE of Mapastepec, Mexico",earthquake: 0,3.921,0.025,506.0,us,us: 5,0-10 km: 0,intermediate,light,-14.903604,55.028732
2007,3,2,2023-03-09 11:02:39,16.8577,145.9199,10.254,4.7,mb: 0,3.404,us: 5,"Anatahan region, Northern Mariana Islands",earthquake: 0,4.622,0.11,25.0,us,us: 5,0-10 km: 0,shallow,light,24.84978,10.021706
2008,3,2,2023-03-09 12:01:36,17.0444,-95.0692,106.909,4.7,mb: 0,0.183,us: 5,"2 km ESE of Santa Ana, Mexico",earthquake: 0,3.861,0.041,183.0,us,us: 5,0-10 km: 0,intermediate,light,-24.390669,52.718716
2009,3,2,2023-03-09 13:35:27,-30.0468,-176.7989,10.0,4.7,mb: 0,1.251,us: 5,Kermadec Islands region,earthquake: 0,1.993,0.245,8.0,us,us: 5,0-10 km: 0,shallow,light,-50.179882,-27.157764
2010,3,2,2023-03-09 14:14:03,34.6381,141.38,10.0,4.6,mb: 0,2.001,us: 5,"111 km ESE of Shinmachi, Japan",earthquake: 0,1.889,0.088,39.0,us,us: 5,0-10 km: 0,shallow,light,-14.35761,12.877064
2011,3,2,2023-03-09 16:23:49,-15.3462,-173.1757,10.0,4.6,mb: 0,1.965,us: 5,"94 km NE of Hihifo, Tonga",earthquake: 0,1.855,0.101,34.0,us,us: 5,0-10 km: 0,shallow,light,-63.059753,-13.472701
2012,3,2,2023-03-09 17:48:45,-7.0696,155.7929,87.608,5.1,mb: 0,4.606,us: 5,"89 km SSE of Panguna, Papua New Guinea",earthquake: 0,4.783,0.043,172.0,us,us: 5,0-10 km: 0,intermediate,moderate,21.803707,49.032154
2013,3,2,2023-03-09 20:26:19,-15.1616,-174.1519,111.854,4.6,mb: 0,2.611,us: 5,"95 km NNW of Hihifo, Tonga",earthquake: 0,5.802,0.129,18.0,us,us: 5,0-10 km: 0,intermediate,light,-49.164505,-10.192645
2014,3,2,2023-03-10 00:58:52,-6.4851,143.5868,18.061,5.0,mb: 0,4.576,us: 5,"38 km SSW of Mendi, Papua New Guinea",earthquake: 0,4.426,0.054,110.0,us,us: 5,0-10 km: 0,shallow,moderate,21.344564,36.60656
2015,3,2,2023-03-10 02:28:15,38.6968,35.3499,6.0,4.8,mwr: 6,0.419,us: 5,"10 km WNW of Hac?lar, Turkey",earthquake: 0,1.878,0.052,36.0,us,us: 5,0-10 km: 0,shallow,light,14.515159,-58.387913
2016,3,2,2023-03-10 04:54:52,-8.3867,-74.4335,155.525,4.9,mww: 7,1.832,us: 5,"11 km E of San Fernando, Peru",earthquake: 0,5.491,0.071,19.0,us,us: 5,0-10 km: 0,intermediate,light,59.332287,-44.423958
2017,3,2,2023-03-10 09:09:05,24.8036,-45.9536,10.0,4.7,mb: 0,16.37,us: 5,northern Mid-Atlantic Ridge,earthquake: 0,1.871,0.059,87.0,us,us: 5,10-20 km: 1,shallow,light,-27.150705,23.25811
2018,3,2,2023-03-10 09:18:40,6.7308,-73.027,160.432,5.4,mww: 7,0.835,us: 5,"4 km NNW of Aratoca, Colombia",earthquake: 0,4.934,0.06,27.0,us,us: 5,0-10 km: 0,intermediate,moderate,57.764668,-44.729744
2019,3,2,2023-03-10 11:00:58,-4.1684,152.9744,10.0,5.0,mb: 0,0.809,us: 5,"80 km ENE of Kokopo, Papua New Guinea",earthquake: 0,1.862,0.054,108.0,us,us: 5,0-10 km: 0,shallow,moderate,10.303405,1.8725102
2020,3,2,2023-03-10 12:57:35,28.4772,139.6131,459.711,4.6,mb: 0,2.661,us: 5,"Bonin Islands, Japan region",earthquake: 0,7.186,0.03,331.0,us,us: 5,0-10 km: 0,deep,light,-0.92027676,58.51212
2021,3,2,2023-03-10 14:21:50,-22.2312,-179.458,567.943,4.6,mb: 0,4.095,us: 5,south of the Fiji Islands,earthquake: 0,6.715,0.064,72.0,us,us: 5,0-10 km: 0,deep,light,-9.179509,71.72137
2022,3,2,2023-03-10 17:57:42,-17.8597,-178.2101,537.982,4.6,mb: 0,3.533,us: 5,"262 km E of Levuka, Fiji",earthquake: 0,6.576,0.063,82.0,us,us: 5,0-10 km: 0,deep,light,-8.989715,71.447556
2023,3,2,2023-03-10 18:14:59,-6.9525,154.8633,14.307,4.6,mb: 0,3.84,us: 5,"98 km SW of Panguna, Papua New Guinea",earthquake: 0,5.216,0.09,42.0,us,us: 5,0-10 km: 0,shallow,light,30.719671,24.133835
2024,3,2,2023-03-10 18:20:18,-22.5132,-174.136,10.0,4.6,mb: 0,1.665,us: 5,"154 km SSE of ‘Ohonua, Tonga",earthquake: 0,1.927,0.129,20.0,us,us: 5,0-10 km: 0,shallow,light,-61.599674,-20.545988
2025,3,2,2023-03-10 18:30:28,-7.133,154.8608,10.0,4.6,mb: 0,3.968,us: 5,"113 km SW of Panguna, Papua New Guinea",earthquake: 0,1.949,0.114,23.0,us,us: 5,0-10 km: 0,shallow,light,-1.4372046,-13.900176
2026,3,2,2023-03-10 19:18:25,-31.0349,-178.0464,60.752,4.8,mb: 0,1.77,us: 5,Kermadec Islands region,earthquake: 0,8.875,0.16,12.0,us,us: 5,0-10 km: 0,shallow,light,-49.692215,-15.470288
2027,3,2,2023-03-10 20:12:39,42.182,142.9465,58.269,4.8,mb: 0,0.229,us: 5,"6 km NNE of Honch?, Japan",earthquake: 0,5.247,0.033,294.0,us,us: 5,0-10 km: 0,shallow,light,-5.2562866,44.399296
2028,3,2,2023-03-10 20:13:45,35.7034,140.1093,53.717,4.6,mb: 0,1.757,us: 5,"near the east coast of Honshu, Japan",earthquake: 0,6.45,0.073,66.0,us,us: 5,0-10 km: 0,shallow,light,11.190997,31.87647
2029,3,2,2023-03-10 20:47:33,5.3124,-78.1883,24.321,5.1,mww: 7,2.786,us: 5,"99 km WNW of Pizarro, Colombia",earthquake: 0,3.726,0.058,29.0,us,us: 5,0-10 km: 0,shallow,moderate,54.10009,-49.367504
2030,3,2,2023-03-11 00:16:54,31.3438,141.7547,10.0,4.8,mww: 7,2.414,us: 5,"Izu Islands, Japan region",earthquake: 0,1.798,0.098,10.0,us,us: 5,0-10 km: 0,shallow,light,19.810776,-46.375626
2031,3,2,2023-03-11 00:38:58,51.2254,-178.2732,35.0,4.6,mwr: 6,0.472,us: 5,"134 km WSW of Adak, Alaska",earthquake: 0,1.86,0.098,10.0,us,us: 5,0-10 km: 0,shallow,light,25.279768,-69.12629
2032,3,2,2023-03-11 02:35:28,-45.6632,-77.3216,10.0,5.2,mww: 7,2.732,us: 5,"Off the coast of Aisen, Chile",earthquake: 0,1.763,0.051,37.0,us,us: 5,0-10 km: 0,shallow,moderate,60.429695,-29.437435
2033,3,2,2023-03-11 04:03:47,1.9672,97.9366,44.501,5.3,mww: 7,0.751,us: 5,"39 km SSE of Singkil, Indonesia",earthquake: 0,4.61,0.086,13.0,us,us: 5,0-10 km: 0,shallow,moderate,30.095331,-24.476997
2034,3,2,2023-03-11 06:22:25,-40.7168,-85.2889,10.0,4.7,mb: 0,8.739,us: 5,West Chile Rise,earthquake: 0,1.923,0.088,39.0,us,us: 5,0-10 km: 0,shallow,light,-32.77748,-32.507442
2035,3,2,2023-03-11 07:32:37,-6.6535,128.5883,11.058,4.6,mb: 0,2.49,us: 5,"271 km NE of Lospalos, Timor Leste",earthquake: 0,4.985,0.128,18.0,us,us: 5,0-10 km: 0,shallow,light,32.975857,17.875198
2036,3,2,2023-03-11 07:41:43,4.8221,123.6907,505.318,4.6,mb: 0,2.918,us: 5,"161 km SSW of Malisbeng, Philippines",earthquake: 0,7.463,0.068,65.0,us,us: 5,0-10 km: 0,deep,light,4.539083,60.98971
2037,3,2,2023-03-11 08:49:52,-24.1235,-179.9262,504.321,4.6,mb: 0,5.26,us: 5,south of the Fiji Islands,earthquake: 0,8.23,0.068,65.0,us,us: 5,0-10 km: 0,deep,light,-9.494964,72.725685
2038,3,2,2023-03-11 13:07:13,13.8654,146.7426,10.0,4.6,mb: 0,1.842,us: 5,"171 km SE of San Jose Village, Northern Mariana Islands",earthquake: 0,1.785,0.086,41.0,us,us: 5,0-10 km: 0,shallow,light,-4.3598332,-1.086588
2039,3,2,2023-03-11 13:29:45,-16.3993,177.5056,10.0,5.5,mww: 7,4.703,us: 5,"126 km N of Ba, Fiji",earthquake: 0,1.836,0.098,10.0,us,us: 5,0-10 km: 0,shallow,moderate,42.53119,-26.792784
2040,3,2,2023-03-11 14:50:02,-7.1386,-12.4896,10.0,4.8,mb: 0,2.015,us: 5,"229 km ENE of Georgetown, Saint Helena",earthquake: 0,1.846,0.121,21.0,us,us: 5,0-10 km: 0,shallow,light,-30.061674,-5.936589
2041,3,2,2023-03-11 17:08:45,9.0785,-84.0692,10.467,4.7,mwr: 6,0.662,us: 5,"40 km SSE of Quepos, Costa Rica",earthquake: 0,4.981,0.056,31.0,us,us: 5,0-10 km: 0,shallow,light,56.640503,-49.69893
2042,3,2,2023-03-11 17:17:29,-14.9234,167.403,120.711,4.6,mb: 0,0.555,us: 5,"37 km ENE of Port-Olry, Vanuatu",earthquake: 0,4.395,0.053,112.0,us,us: 5,0-10 km: 0,intermediate,light,34.91616,46.02388
2043,3,2,2023-03-11 18:21:26,-16.4466,177.5002,10.0,5.2,mww: 7,1.395,us: 5,"121 km N of Ba, Fiji",earthquake: 0,1.736,0.089,12.0,us,us: 5,0-10 km: 0,shallow,moderate,42.075794,-24.688225
2044,3,2,2023-03-11 18:24:49,37.1822,69.7616,14.621,4.7,mb: 0,1.59,us: 5,"8 km NW of Rust?q, Afghanistan",earthquake: 0,4.065,0.044,164.0,us,us: 5,0-10 km: 0,shallow,light,-2.3227563,37.78297
2045,3,2,2023-03-11 21:12:00,5.3643,-77.6548,10.0,4.9,mb: 0,2.269,us: 5,"55 km NW of Pizarro, Colombia",earthquake: 0,1.837,0.044,160.0,us,us: 5,0-10 km: 0,shallow,light,-25.157972,47.290833
2046,3,2,2023-03-11 21:23:25,-45.8406,-13.3361,10.0,4.6,mb: 0,17.035,us: 5,southern Mid-Atlantic Ridge,earthquake: 0,1.902,0.158,12.0,us,us: 5,10-20 km: 1,shallow,light,-37.025784,-42.074448
2047,3,2,2023-03-11 23:39:15,26.676,126.936,98.535,4.9,mb: 0,1.206,us: 5,"86 km WNW of Yomitan, Japan",earthquake: 0,5.797,0.043,167.0,us,us: 5,0-10 km: 0,intermediate,light,1.7451813,40.101177
2048,3,2,2023-03-12 01:09:14,-58.7872,-24.7076,10.0,5.1,mww: 7,7.919,us: 5,South Sandwich Islands region,earthquake: 0,1.848,0.098,10.0,us,us: 5,0-10 km: 0,shallow,moderate,60.476326,-25.030186
2049,3,2,2023-03-12 02:15:05,-58.7764,-24.7135,10.0,4.8,mb: 0,7.911,us: 5,South Sandwich Islands region,earthquake: 0,1.874,0.093,36.0,us,us: 5,0-10 km: 0,shallow,light,-28.214949,-45.484467
2050,3,2,2023-03-12 03:20:55,-58.7302,-24.7702,18.352,4.9,mb: 0,7.862,us: 5,South Sandwich Islands region,earthquake: 0,5.729,0.12,22.0,us,us: 5,0-10 km: 0,shallow,light,-31.003885,-51.640446
2051,3,2,2023-03-12 04:39:10,13.732,-90.6426,68.839,4.6,mb: 0,0.808,us: 5,"23 km SSE of Iztapa, Guatemala",earthquake: 0,5.319,0.031,319.0,us,us: 5,0-10 km: 0,shallow,light,-19.647682,53.811527
2052,3,2,2023-03-12 07:43:19,-12.0305,165.8383,10.0,5.6,mww: 7,3.646,us: 5,"144 km S of Lata, Solomon Islands",earthquake: 0,1.852,0.048,41.0,us,us: 5,0-10 km: 0,shallow,moderate,40.77686,-30.436182
2053,3,2,2023-03-12 11:33:58,36.5092,70.9383,160.685,4.6,mb: 0,2.499,us: 5,"40 km SSE of Jurm, Afghanistan",earthquake: 0,6.858,0.041,178.0,us,us: 5,0-10 km: 0,intermediate,light,3.4461195,45.212444
2054,3,2,2023-03-12 11:43:43,24.276,94.7151,113.11,4.6,mb: 0,4.097,us: 5,"74 km ESE of Wāngjing, India",earthquake: 0,6.734,0.06,83.0,us,us: 5,0-10 km: 0,intermediate,light,12.568536,34.712334
2055,3,2,2023-03-12 18:16:26,11.9125,143.2207,10.0,4.6,mb: 0,2.316,us: 5,"217 km SW of Merizo Village, Guam",earthquake: 0,1.918,0.109,25.0,us,us: 5,0-10 km: 0,shallow,light,-10.5525875,-5.015228
2056,3,2,2023-03-12 20:56:51,-10.7905,166.7831,11.457,5.1,mww: 7,4.647,us: 5,Santa Cruz Islands,earthquake: 0,3.908,0.075,17.0,us,us: 5,0-10 km: 0,shallow,moderate,31.274612,-22.337902
2057,3,2,2023-03-12 21:17:52,29.4559,130.7241,35.0,4.7,mb: 0,2.06,us: 5,"88 km SSE of Koshima, Japan",earthquake: 0,1.899,0.063,76.0,us,us: 5,0-10 km: 0,shallow,light,-9.702725,20.908045
2058,3,2,2023-03-12 23:51:14,-5.4794,154.2339,154.321,4.8,mb: 0,2.428,us: 5,"Bougainville region, Papua New Guinea",earthquake: 0,2.115,0.045,153.0,us,us: 5,0-10 km: 0,intermediate,light,34.37792,48.301353
2059,3,2,2023-03-13 01:34:30,38.1188,38.6904,5.474,4.6,mwr: 6,0.685,us: 5,"11 km NE of Sincik, Turkey",earthquake: 0,3.845,0.048,41.0,us,us: 5,0-10 km: 0,shallow,light,10.647428,-56.651623
2060,3,2,2023-03-13 01:37:15,-44.0689,177.0437,10.0,4.9,mb: 0,3.047,us: 5,off the east coast of the South Island of New Zealand,earthquake: 0,1.688,0.108,27.0,us,us: 5,0-10 km: 0,shallow,light,-10.258792,-40.342167
2061,3,2,2023-03-13 03:11:49,-3.8227,-76.5998,111.925,4.6,mb: 0,2.717,us: 5,"42 km SSW of Alianza Cristiana, Peru",earthquake: 0,5.123,0.049,125.0,us,us: 5,0-10 km: 0,intermediate,light,-49.160385,2.9727871
2062,3,2,2023-03-13 06:11:33,-17.4627,-178.7183,550.105,4.8,mb: 0,3.092,us: 5,"218 km ENE of Levuka, Fiji",earthquake: 0,8.339,0.074,59.0,us,us: 5,0-10 km: 0,deep,light,-9.295991,72.79207
2063,3,2,2023-03-13 06:49:23,-58.5539,-25.253,24.174,4.9,mb: 0,16.022,us: 5,South Sandwich Islands region,earthquake: 0,5.223,0.069,67.0,us,us: 5,10-20 km: 1,shallow,light,-26.741463,-51.879143
2064,3,2,2023-03-13 09:04:59,18.5056,-70.3975,10.0,4.6,mb: 0,0.458,us: 5,"10 km WSW of El Cacao, Dominican Republic",earthquake: 0,1.862,0.044,152.0,us,us: 5,0-10 km: 0,shallow,light,-36.007004,7.0332437
2065,3,2,2023-03-13 10:24:34,14.4074,123.0199,28.64,4.6,mb: 0,8.565,us: 5,"23 km NNE of Sabang Indan, Philippines",earthquake: 0,5.346,0.067,67.0,us,us: 5,0-10 km: 0,shallow,light,25.047174,35.47275
2066,3,2,2023-03-13 10:55:47,-7.2085,130.3102,35.0,4.6,mb: 0,2.699,us: 5,"Pulau Pulau Tanimbar, Indonesia",earthquake: 0,1.819,0.096,32.0,us,us: 5,0-10 km: 0,shallow,light,1.2938259,-9.719758
2067,3,2,2023-03-13 13:40:51,-31.4787,-177.7977,10.0,4.9,mb: 0,2.212,us: 5,Kermadec Islands region,earthquake: 0,1.721,0.108,27.0,us,us: 5,0-10 km: 0,shallow,light,-66.57458,-16.416742
2068,3,2,2023-03-13 14:29:57,44.5443,149.3487,35.0,4.6,mb: 0,5.178,us: 5,"138 km ESE of Kuril’sk, Russia",earthquake: 0,1.845,0.043,159.0,us,us: 5,0-10 km: 0,shallow,light,-6.718138,32.67655
2069,3,2,2023-03-13 19:19:15,-17.6195,-70.3845,97.615,4.9,mww: 7,0.748,us: 5,"22 km SW of Chipispaya, Peru",earthquake: 0,3.079,0.098,10.0,us,us: 5,0-10 km: 0,intermediate,light,60.651867,-45.585075
2070,3,2,2023-03-13 21:46:06,-11.9562,166.01,10.0,4.9,mww: 7,3.659,us: 5,"138 km S of Lata, Solomon Islands",earthquake: 0,1.749,0.089,12.0,us,us: 5,0-10 km: 0,shallow,light,41.961395,-23.12749
2071,3,2,2023-03-13 21:53:46,20.866,121.6354,66.206,4.6,mb: 0,2.01,us: 5,"57 km NW of Basco, Philippines",earthquake: 0,5.654,0.083,43.0,us,us: 5,0-10 km: 0,shallow,light,12.784816,28.203623
2072,3,2,2023-03-13 22:50:44,-28.1851,-67.4981,128.604,5.2,mww: 7,1.976,us: 5,"15 km SSE of Tinogasta, Argentina",earthquake: 0,4.205,0.046,46.0,us,us: 5,0-10 km: 0,intermediate,moderate,60.03414,-42.00211
2073,3,2,2023-03-14 00:49:08,-5.4205,146.8342,213.0,6.3,mww: 7,3.972,us: 5,"118 km E of Madang, Papua New Guinea",earthquake: 0,1.727,0.041,57.0,us,us: 5,0-10 km: 0,intermediate,strong,44.518238,-36.192646
2074,3,2,2023-03-14 04:16:45,-31.8859,-179.5121,121.94,4.6,mb: 0,2.954,us: 5,Kermadec Islands region,earthquake: 0,8.385,0.193,8.0,us,us: 5,0-10 km: 0,intermediate,light,-48.379593,-17.485094
2075,3,2,2023-03-14 04:24:47,-56.6423,-141.7994,10.0,5.5,mww: 7,31.295,us: 5,Pacific-Antarctic Ridge,earthquake: 0,1.814,0.089,12.0,us,us: 5,30-40 km: 3,shallow,moderate,62.342815,-26.987785
2076,3,2,2023-03-14 06:47:34,38.0681,36.9544,3.289,4.6,mwr: 6,0.541,us: 5,"20 km S of Afşin, Turkey",earthquake: 0,4.382,0.06,27.0,us,us: 5,0-10 km: 0,shallow,light,10.431881,-55.91073
2077,3,2,2023-03-14 10:01:14,51.6189,159.6598,10.0,4.9,mb: 0,1.537,us: 5,"169 km SSE of Vilyuchinsk, Russia",earthquake: 0,1.842,0.045,154.0,us,us: 5,0-10 km: 0,shallow,light,-6.488732,33.427486
2078,3,2,2023-03-14 14:49:49,37.7899,37.3899,10.0,4.6,mwr: 6,0.482,us: 5,Central Turkey,earthquake: 0,1.82,0.069,20.0,us,us: 5,0-10 km: 0,shallow,light,13.7072735,-56.220226
2079,3,2,2023-03-14 19:56:39,-38.3815,-75.2656,8.0,5.5,mww: 7,2.071,us: 5,"165 km WSW of Lebu, Chile",earthquake: 0,1.45,0.053,34.0,us,us: 5,0-10 km: 0,shallow,moderate,60.80514,-29.874788
2080,3,3,2023-03-15 00:36:46,-13.1851,167.0387,183.313,4.9,mb: 0,2.254,us: 5,"94 km NW of Sola, Vanuatu",earthquake: 0,5.149,0.057,97.0,us,us: 5,0-10 km: 0,intermediate,light,37.997715,43.562153
2081,3,3,2023-03-15 01:16:17,-19.4326,-173.4139,10.0,4.6,mb: 0,0.957,us: 5,Tonga,earthquake: 0,1.811,0.133,17.0,us,us: 5,0-10 km: 0,shallow,light,-60.907753,-20.91964
2082,3,3,2023-03-15 02:32:21,34.9914,81.3504,17.045,4.7,mb: 0,6.819,us: 5,"172 km SSW of Aqqan, China",earthquake: 0,3.8,0.063,77.0,us,us: 5,0-10 km: 0,shallow,light,3.7873988,28.459703
2083,3,3,2023-03-15 03:39:49,0.8497,-29.1983,10.0,4.9,mb: 0,15.078,us: 5,central Mid-Atlantic Ridge,earthquake: 0,1.873,0.11,26.0,us,us: 5,10-20 km: 1,shallow,light,-30.851725,-5.3066535
2084,3,3,2023-03-15 03:42:37,-14.9454,-173.5466,10.0,4.6,mb: 0,1.996,us: 5,"114 km NNE of Hihifo, Tonga",earthquake: 0,1.895,0.141,15.0,us,us: 5,0-10 km: 0,shallow,light,-59.885944,-21.376038
2085,3,3,2023-03-15 07:39:12,-15.0379,-173.4803,20.76,4.7,mb: 0,1.991,us: 5,"106 km NNE of Hihifo, Tonga",earthquake: 0,5.374,0.133,17.0,us,us: 5,0-10 km: 0,shallow,light,-53.223568,-13.663778
2086,3,3,2023-03-15 16:57:20,-7.198,154.9978,10.0,4.6,mb: 0,4.108,us: 5,"111 km SSW of Panguna, Papua New Guinea",earthquake: 0,1.751,0.094,34.0,us,us: 5,0-10 km: 0,shallow,light,1.3363767,-10.788098
2087,3,3,2023-03-15 16:59:07,-44.4409,-79.0222,10.0,4.6,mb: 0,5.05,us: 5,"Off the coast of Aisen, Chile",earthquake: 0,1.945,0.165,11.0,us,us: 5,0-10 km: 0,shallow,light,-40.515324,-39.567715
2088,3,3,2023-03-15 19:19:22,-5.3057,153.7007,44.87,4.6,mb: 0,1.89,us: 5,"191 km SE of Kokopo, Papua New Guinea",earthquake: 0,6.046,0.092,35.0,us,us: 5,0-10 km: 0,shallow,light,36.206867,26.331757
2089,3,3,2023-03-15 19:20:04,-9.7865,161.6673,10.63,4.8,mb: 0,1.731,us: 5,"78 km NNW of Kirakira, Solomon Islands",earthquake: 0,3.912,0.081,47.0,us,us: 5,0-10 km: 0,shallow,light,24.87701,26.008215
2090,3,3,2023-03-15 21:25:39,4.7016,126.9061,56.549,5.4,mww: 7,2.698,us: 5,"177 km ESE of Sarangani, Philippines",earthquake: 0,3.95,0.058,29.0,us,us: 5,0-10 km: 0,shallow,moderate,33.527473,-24.706924
2091,3,3,2023-03-16 00:56:00,-30.1741,-176.2047,10.0,7.0,mww: 7,1.747,us: 5,Kermadec Islands region,earthquake: 0,1.605,0.078,16.0,us,us: 5,0-10 km: 0,shallow,major,58.233494,-34.09358
2092,3,3,2023-03-16 01:28:10,-30.1633,-176.4125,10.0,5.1,mb: 0,1.59,us: 5,Kermadec Islands region,earthquake: 0,1.803,0.254,5.0,us,us: 5,0-10 km: 0,shallow,moderate,-50.0235,-26.789034
2093,3,3,2023-03-16 01:41:18,-30.1435,-176.7304,10.0,4.7,mb: 0,1.358,us: 5,Kermadec Islands region,earthquake: 0,1.873,0.194,8.0,us,us: 5,0-10 km: 0,shallow,light,-53.22419,-27.630632
2094,3,3,2023-03-16 01:46:09,-30.161,-176.3963,10.0,5.2,mb: 0,1.6,us: 5,Kermadec Islands region,earthquake: 0,1.75,0.068,70.0,us,us: 5,0-10 km: 0,shallow,moderate,-65.315475,-4.339785
2095,3,3,2023-03-16 05:22:40,-10.5406,113.313,10.0,5.2,mww: 7,2.218,us: 5,"249 km S of Kencong, Indonesia",earthquake: 0,1.711,0.098,10.0,us,us: 5,0-10 km: 0,shallow,moderate,40.460964,-23.709
2096,3,3,2023-03-16 07:06:21,-15.8044,-172.6647,10.0,4.8,mb: 0,2.553,us: 5,"122 km E of Hihifo, Tonga",earthquake: 0,1.848,0.07,64.0,us,us: 5,0-10 km: 0,shallow,light,-63.2996,-6.580924
2097,3,3,2023-03-16 08:12:20,-18.8198,168.3165,35.0,4.6,mb: 0,3.519,us: 5,Vanuatu,earthquake: 0,1.926,0.141,18.0,us,us: 5,0-10 km: 0,shallow,light,-2.241241,-22.909586
2098,3,3,2023-03-16 11:47:14,38.5027,45.0678,10.0,5.2,mww: 7,1.111,us: 5,"11 km ESE of Khowy, Iran",earthquake: 0,1.758,0.063,24.0,us,us: 5,0-10 km: 0,shallow,moderate,21.322023,-54.84723
2099,3,3,2023-03-16 12:53:05,-30.4918,-176.587,15.756,4.6,mb: 0,1.686,us: 5,Kermadec Islands region,earthquake: 0,4.023,0.119,21.0,us,us: 5,0-10 km: 0,shallow,light,-55.4204,-13.4201975
2100,3,3,2023-03-16 14:03:55,5.3134,-77.5791,10.0,4.7,mb: 0,2.218,us: 5,"46 km NNW of Pizarro, Colombia",earthquake: 0,1.862,0.063,75.0,us,us: 5,0-10 km: 0,shallow,light,-35.194416,2.927915
2101,3,3,2023-03-16 14:46:18,56.1214,-116.5896,10.0,4.6,mwr: 6,1.796,us: 5,"Alberta, Canada",earthquake: 0,1.837,0.041,57.0,us,us: 5,0-10 km: 0,shallow,light,24.409058,-67.121086
2102,3,3,2023-03-16 14:59:10,56.1226,-116.6017,11.112,4.7,mww: 7,1.795,us: 5,"44 km ESE of Peace River, Canada",earthquake: 0,4.518,0.078,16.0,us,us: 5,0-10 km: 0,shallow,light,26.40793,-68.59038
2103,3,3,2023-03-16 17:03:07,11.4679,138.7871,10.0,5.0,mww: 7,6.301,us: 5,"227 km NNE of Colonia, Micronesia",earthquake: 0,1.821,0.063,24.0,us,us: 5,0-10 km: 0,shallow,moderate,31.325916,-31.539227
2104,3,3,2023-03-16 17:54:57,1.7877,126.2915,38.467,4.6,mb: 0,1.474,us: 5,"135 km ENE of Bitung, Indonesia",earthquake: 0,6.458,0.064,73.0,us,us: 5,0-10 km: 0,shallow,light,27.948725,36.010532
2105,3,3,2023-03-16 18:13:37,-30.4659,-176.6042,10.0,4.6,mb: 0,1.657,us: 5,Kermadec Islands region,earthquake: 0,1.898,0.152,13.0,us,us: 5,0-10 km: 0,shallow,light,-59.75192,-25.659754
2106,3,3,2023-03-16 18:32:51,35.3022,46.0259,10.0,5.1,mww: 7,0.605,us: 5,"14 km NNE of Ḩalabja, Iraq",earthquake: 0,1.794,0.098,10.0,us,us: 5,0-10 km: 0,shallow,moderate,19.677307,-50.581837
2107,3,3,2023-03-16 21:43:22,-30.447,-176.7931,10.0,4.6,mb: 0,1.534,us: 5,Kermadec Islands region,earthquake: 0,1.989,0.223,6.0,us,us: 5,0-10 km: 0,shallow,light,-51.224476,-27.53702
2108,3,3,2023-03-17 04:31:34,-30.0465,-176.5738,10.0,4.6,mb: 0,1.409,us: 5,Kermadec Islands region,earthquake: 0,1.684,0.222,6.0,us,us: 5,0-10 km: 0,shallow,light,-51.296646,-27.563313
2109,3,3,2023-03-17 10:39:39,30.7663,96.0896,10.0,5.0,mww: 7,9.891,us: 5,"111 km WSW of Qamdo, China",earthquake: 0,1.84,0.098,10.0,us,us: 5,0-10 km: 0,shallow,moderate,19.97161,-48.444283
2110,3,3,2023-03-17 10:47:51,-6.1165,147.509,65.06,4.9,mb: 0,3.285,us: 5,"61 km NW of Finschhafen, Papua New Guinea",earthquake: 0,2.686,0.062,83.0,us,us: 5,0-10 km: 0,shallow,light,15.505321,15.626622
2111,3,3,2023-03-17 12:05:27,-9.021,109.7511,49.69,5.0,mww: 7,2.074,us: 5,"south of Java, Indonesia",earthquake: 0,5.0,0.078,16.0,us,us: 5,0-10 km: 0,shallow,moderate,28.273941,-20.301353
2112,3,3,2023-03-17 13:23:29,18.4305,120.3745,23.843,4.9,mb: 0,4.415,us: 5,"Luzon, Philippines",earthquake: 0,5.298,0.051,120.0,us,us: 5,0-10 km: 0,shallow,light,1.7138895,36.92998
2113,3,3,2023-03-17 13:56:04,14.5246,119.993,42.985,4.9,mb: 0,8.313,us: 5,"33 km SW of Sabang, Philippines",earthquake: 0,7.255,0.051,119.0,us,us: 5,0-10 km: 0,shallow,light,25.291052,42.61427
2114,3,3,2023-03-17 15:31:06,-38.0843,176.5676,10.0,4.7,mb: 0,0.622,us: 5,"11 km W of Kawerau, New Zealand",earthquake: 0,1.896,0.143,16.0,us,us: 5,0-10 km: 0,shallow,light,-8.172142,-36.62101
2115,3,3,2023-03-17 15:39:59,-29.7016,-176.2145,10.0,4.6,mb: 0,1.551,us: 5,Kermadec Islands region,earthquake: 0,1.946,0.146,15.0,us,us: 5,0-10 km: 0,shallow,light,-60.438465,-24.98489
2116,3,3,2023-03-17 15:46:01,-38.0594,176.6164,10.0,5.3,mww: 7,0.625,us: 5,"8 km WNW of Kawerau, New Zealand",earthquake: 0,1.774,0.086,13.0,us,us: 5,0-10 km: 0,shallow,moderate,47.797894,-24.106813
2117,3,3,2023-03-17 16:11:39,5.9274,126.9418,70.175,5.0,mb: 0,1.767,us: 5,"97 km ESE of Pondaguitan, Philippines",earthquake: 0,6.328,0.043,173.0,us,us: 5,0-10 km: 0,intermediate,moderate,22.790194,47.72596
2118,3,3,2023-03-17 18:19:11,38.2981,75.5388,142.52,4.7,mb: 0,2.752,us: 5,"111 km WNW of Damusi, China",earthquake: 0,4.793,0.042,174.0,us,us: 5,0-10 km: 0,intermediate,light,3.4604628,44.837967
2119,3,3,2023-03-17 19:37:58,5.9215,125.7693,120.468,4.7,mb: 0,1.156,us: 5,"12 km ESE of Culaman, Philippines",earthquake: 0,4.949,0.042,181.0,us,us: 5,0-10 km: 0,intermediate,light,24.307467,50.764954
2120,3,3,2023-03-17 19:58:06,-38.0565,176.6083,6.556,4.9,mb: 0,0.445,us: 5,"9 km WNW of Kawerau, New Zealand",earthquake: 0,3.402,0.095,41.0,us,us: 5,0-10 km: 0,shallow,light,11.330419,-17.747288
2121,3,3,2023-03-17 23:43:20,-22.9596,167.7106,10.0,4.6,mb: 0,0.422,us: 5,"39 km SE of Vao, New Caledonia",earthquake: 0,1.838,0.114,23.0,us,us: 5,0-10 km: 0,shallow,light,3.3128452,-21.167559
2122,3,3,2023-03-18 00:00:54,36.5189,69.8936,163.474,4.9,mww: 7,2.092,us: 5,"Hindu Kush region, Afghanistan",earthquake: 0,5.251,0.086,13.0,us,us: 5,0-10 km: 0,intermediate,light,15.080187,-34.4775
2123,3,3,2023-03-18 01:14:03,-21.181,168.8357,10.0,4.7,mb: 0,1.922,us: 5,"107 km ENE of Tadine, New Caledonia",earthquake: 0,1.892,0.137,17.0,us,us: 5,0-10 km: 0,shallow,light,-0.26873535,-24.18761
2124,3,3,2023-03-18 03:01:09,-19.2513,-179.1057,487.675,4.6,mb: 0,3.085,us: 5,"211 km SE of Levuka, Fiji",earthquake: 0,6.162,0.031,320.0,us,us: 5,0-10 km: 0,deep,light,-9.978546,65.508
2125,3,3,2023-03-18 03:44:10,-30.4074,-176.6378,10.0,5.0,mb: 0,1.595,us: 5,Kermadec Islands region,earthquake: 0,1.846,0.08,54.0,us,us: 5,0-10 km: 0,shallow,moderate,-65.99072,-7.662001
2126,3,3,2023-03-18 05:14:29,38.0124,36.4342,7.446,4.6,mb: 0,0.394,us: 5,"5 km W of Göksun, Turkey",earthquake: 0,4.73,0.069,62.0,us,us: 5,0-10 km: 0,shallow,light,2.4343252,26.122894
2127,3,3,2023-03-18 06:50:07,-19.7452,-66.9186,238.157,4.6,mb: 0,2.145,us: 5,"61 km N of Colchani, Bolivia",earthquake: 0,7.939,0.102,29.0,us,us: 5,0-10 km: 0,intermediate,light,-43.210712,-10.408018
2128,3,3,2023-03-18 07:14:40,2.3235,128.9316,9.355,4.8,mb: 0,2.196,us: 5,"121 km ENE of Tobelo, Indonesia",earthquake: 0,4.565,0.083,45.0,us,us: 5,0-10 km: 0,shallow,light,26.585396,27.115692
2129,3,3,2023-03-18 10:05:20,-7.0852,155.6043,10.0,4.7,mb: 0,4.471,us: 5,"86 km S of Panguna, Papua New Guinea",earthquake: 0,1.302,0.081,52.0,us,us: 5,0-10 km: 0,shallow,light,3.9269147,-7.45052
2130,3,3,2023-03-18 15:41:44,-33.3296,-68.4268,37.376,4.8,mww: 7,1.607,us: 5,"27 km S of San Martín, Argentina",earthquake: 0,8.618,0.098,10.0,us,us: 5,0-10 km: 0,shallow,light,62.439976,-46.56822
2131,3,3,2023-03-18 16:30:45,2.3089,128.7618,10.724,4.9,mb: 0,2.068,us: 5,"105 km NE of Tobelo, Indonesia",earthquake: 0,4.349,0.068,69.0,us,us: 5,0-10 km: 0,shallow,light,23.932123,29.814985
2132,3,3,2023-03-18 17:05:14,30.0141,142.0008,10.0,4.8,mb: 0,2.912,us: 5,"Izu Islands, Japan region",earthquake: 0,1.816,0.048,138.0,us,us: 5,0-10 km: 0,shallow,light,-9.949222,31.449621
2133,3,3,2023-03-18 17:12:52,-2.7834,-79.8518,68.0,6.8,mww: 7,0.664,us: 5,"14 km NNW of Baláo, Ecuador",earthquake: 0,1.818,0.038,68.0,us,us: 5,0-10 km: 0,shallow,strong,45.07853,-47.84411
2134,3,3,2023-03-18 23:14:45,-18.0622,-178.0111,552.722,4.8,mb: 0,3.735,us: 5,"282 km E of Levuka, Fiji",earthquake: 0,8.957,0.111,25.0,us,us: 5,0-10 km: 0,deep,light,-8.160545,75.21537
2135,3,3,2023-03-19 01:25:39,2.3544,128.8453,10.0,4.9,mb: 0,2.158,us: 5,"115 km NE of Tobelo, Indonesia",earthquake: 0,1.825,0.069,69.0,us,us: 5,0-10 km: 0,shallow,light,6.117154,-0.106746644
2136,3,3,2023-03-19 02:45:30,-3.3743,146.7897,10.0,4.9,mb: 0,6.002,us: 5,"157 km SSW of Lorengau, Papua New Guinea",earthquake: 0,1.886,0.093,38.0,us,us: 5,0-10 km: 0,shallow,light,1.6701893,-6.5971856
2137,3,3,2023-03-19 02:55:05,-3.3173,146.727,10.0,4.6,mb: 0,5.494,us: 5,"154 km SSW of Lorengau, Papua New Guinea",earthquake: 0,1.911,0.158,15.0,us,us: 5,0-10 km: 0,shallow,light,-5.718119,-19.036963
2138,3,3,2023-03-19 17:51:16,-55.1117,-128.3175,10.0,4.8,mb: 0,32.653,us: 5,Pacific-Antarctic Ridge,earthquake: 0,1.805,0.161,12.0,us,us: 5,30-40 km: 3,shallow,light,-41.09268,-37.077244
2139,3,3,2023-03-19 18:31:16,-22.3387,-174.5345,10.0,4.9,mb: 0,1.319,us: 5,"118 km SSE of ‘Ohonua, Tonga",earthquake: 0,1.896,0.198,9.0,us,us: 5,0-10 km: 0,shallow,light,-52.882576,-28.016985
2140,3,3,2023-03-19 19:30:14,-3.7623,101.8745,63.378,5.0,mb: 0,1.231,us: 5,"43 km W of Bengkulu, Indonesia",earthquake: 0,5.578,0.052,117.0,us,us: 5,0-10 km: 0,shallow,moderate,24.366327,45.06478
2141,3,3,2023-03-19 19:47:53,-55.8326,-26.2969,10.0,4.6,mb: 0,6.059,us: 5,South Sandwich Islands region,earthquake: 0,1.915,0.151,13.0,us,us: 5,0-10 km: 0,shallow,light,-36.45215,-43.209827
2142,3,3,2023-03-19 22:18:36,-2.8192,128.1035,10.0,4.7,mb: 0,2.468,us: 5,"97 km N of Ambon, Indonesia",earthquake: 0,1.849,0.092,36.0,us,us: 5,0-10 km: 0,shallow,light,0.09546458,-7.9925594
2143,3,3,2023-03-19 23:05:04,63.3837,158.2096,10.0,4.8,mww: 7,5.224,us: 5,"Magadanskaya Oblast', Russia",earthquake: 0,1.837,0.083,14.0,us,us: 5,0-10 km: 0,shallow,light,20.669212,-42.574257
2144,3,3,2023-03-20 01:59:22,35.455,140.9403,31.285,4.6,mwr: 6,2.391,us: 5,"28 km SSE of Hasaki, Japan",earthquake: 0,3.93,0.066,22.0,us,us: 5,0-10 km: 0,shallow,light,15.652941,-41.243465
2145,3,3,2023-03-20 07:08:27,29.978,142.1293,10.0,4.9,mb: 0,2.872,us: 5,"Izu Islands, Japan region",earthquake: 0,1.822,0.052,114.0,us,us: 5,0-10 km: 0,shallow,light,-10.693222,29.204147
2146,3,3,2023-03-20 11:57:15,-56.076,-27.8664,130.997,5.1,mb: 0,5.257,us: 5,South Sandwich Islands region,earthquake: 0,4.05,0.061,87.0,us,us: 5,0-10 km: 0,intermediate,moderate,-24.533155,-53.31947
2147,3,3,2023-03-20 12:06:19,36.0825,142.3012,10.0,4.6,mb: 0,3.337,us: 5,"138 km ENE of Hasaki, Japan",earthquake: 0,1.903,0.119,21.0,us,us: 5,0-10 km: 0,shallow,light,-17.083504,7.530484
2148,3,3,2023-03-20 14:02:15,45.0657,23.1476,10.0,4.9,mb: 0,1.198,us: 5,"2 km SSE of Arcani, Romania",earthquake: 0,1.853,0.061,84.0,us,us: 5,0-10 km: 0,shallow,light,-20.519419,25.825249
2149,3,3,2023-03-20 23:12:06,-30.531,-177.3434,17.576,4.8,mb: 0,1.36,us: 5,"Kermadec Islands, New Zealand",earthquake: 0,5.834,0.278,4.0,us,us: 5,0-10 km: 0,shallow,light,-49.10581,-25.62212
2150,3,3,2023-03-20 23:25:28,53.7903,-169.7512,215.062,4.9,mb: 0,0.924,us: 5,"111 km NNW of Nikolski, Alaska",earthquake: 0,4.751,0.021,678.0,us,us: 5,0-10 km: 0,intermediate,light,-13.08057,55.95056
2151,3,3,2023-03-21 01:44:13,9.3707,-84.1119,35.0,5.5,mww: 7,0.383,us: 5,"8 km SE of Quepos, Costa Rica",earthquake: 0,1.823,0.037,72.0,us,us: 5,0-10 km: 0,shallow,moderate,49.090534,-50.382393
2152,3,3,2023-03-21 01:45:20,23.6144,121.365,8.327,5.2,mww: 7,0.229,us: 5,"46 km SSW of Hualien City, Taiwan",earthquake: 0,4.224,0.051,37.0,us,us: 5,0-10 km: 0,shallow,moderate,22.802795,-38.596447
2153,3,3,2023-03-21 11:30:33,-19.9623,169.8793,10.0,4.7,mb: 0,3.479,us: 5,"78 km SE of Isangel, Vanuatu",earthquake: 0,1.903,0.115,24.0,us,us: 5,0-10 km: 0,shallow,light,3.776937,-20.200514
2154,3,3,2023-03-21 14:40:30,2.3682,128.8217,10.0,4.9,mb: 0,2.152,us: 5,"114 km NE of Tobelo, Indonesia",earthquake: 0,1.795,0.058,92.0,us,us: 5,0-10 km: 0,shallow,light,7.3311157,3.0147977
2155,3,3,2023-03-21 16:31:48,-30.2399,-176.0344,10.0,4.7,mb: 0,1.908,us: 5,Kermadec Islands region,earthquake: 0,1.915,0.225,8.0,us,us: 5,0-10 km: 0,shallow,light,-51.14885,-27.521961
2156,3,3,2023-03-21 16:47:23,36.523,70.943,192.0,6.5,mww: 7,2.512,us: 5,"40 km SSE of Jurm, Afghanistan",earthquake: 0,1.842,0.057,30.0,us,us: 5,0-10 km: 0,intermediate,strong,37.411743,-42.420654
2157,3,3,2023-03-21 17:23:33,63.2228,158.4943,10.0,4.9,mb: 0,5.21,us: 5,"150 km NNW of Evensk, Russia",earthquake: 0,1.84,0.053,113.0,us,us: 5,0-10 km: 0,shallow,light,-5.3060746,31.022635
2158,3,3,2023-03-21 17:38:13,-33.6108,-71.3399,60.008,5.6,mww: 7,0.234,us: 5,"14 km NW of Melipilla, Chile",earthquake: 0,2.851,0.089,12.0,us,us: 5,0-10 km: 0,shallow,moderate,62.398678,-30.122307
2159,3,3,2023-03-21 20:41:07,28.5073,-43.5932,10.0,5.5,mww: 7,17.702,us: 5,northern Mid-Atlantic Ridge,earthquake: 0,1.835,0.059,28.0,us,us: 5,10-20 km: 1,shallow,moderate,49.45641,-53.305386
2160,3,3,2023-03-21 20:46:54,28.4962,-43.6257,10.0,4.9,mb: 0,17.732,us: 5,northern Mid-Atlantic Ridge,earthquake: 0,1.832,0.043,171.0,us,us: 5,10-20 km: 1,shallow,light,-21.818777,32.041767
2161,3,3,2023-03-21 20:48:05,28.6921,-43.7393,10.0,4.9,mb: 0,23.436,us: 5,northern Mid-Atlantic Ridge,earthquake: 0,1.93,0.126,21.0,us,us: 5,20-30 km: 2,shallow,light,-25.998293,16.595055
2162,3,3,2023-03-21 20:49:21,28.4735,-43.75,10.0,5.0,mb: 0,26.868,us: 5,northern Mid-Atlantic Ridge,earthquake: 0,1.872,0.049,135.0,us,us: 5,20-30 km: 2,shallow,moderate,-21.835657,31.60068
2163,3,3,2023-03-21 20:50:12,28.5058,-43.6486,10.0,4.9,mb: 0,34.449,us: 5,northern Mid-Atlantic Ridge,earthquake: 0,1.867,0.077,55.0,us,us: 5,30-40 km: 3,shallow,light,-25.559885,22.789467
2164,3,4,2023-03-22 01:46:41,29.3124,130.4585,35.0,4.6,mb: 0,2.19,us: 5,"102 km S of Yudomari, Japan",earthquake: 0,1.895,0.056,96.0,us,us: 5,0-10 km: 0,shallow,light,-9.813782,23.47641
2165,3,4,2023-03-22 02:25:39,-59.579,-26.2275,79.471,5.3,mb: 0,7.72,us: 5,South Sandwich Islands region,earthquake: 0,4.448,0.058,102.0,us,us: 5,0-10 km: 0,intermediate,moderate,-24.738064,-52.423016
2166,3,4,2023-03-22 04:13:29,2.9116,126.8566,35.0,4.6,mb: 0,2.186,us: 5,"183 km NW of Tobelo, Indonesia",earthquake: 0,1.945,0.165,11.0,us,us: 5,0-10 km: 0,shallow,light,-15.188872,-14.682519
2167,3,4,2023-03-22 04:28:14,6.7301,126.1069,67.755,4.8,mb: 0,0.623,us: 5,"1 km NNE of Talisay, Philippines",earthquake: 0,5.17,0.051,117.0,us,us: 5,0-10 km: 0,shallow,light,24.380083,43.806255
2168,3,4,2023-03-22 08:19:31,-65.4254,179.9791,10.0,4.6,mb: 0,13.098,us: 5,Balleny Islands region,earthquake: 0,1.781,0.272,8.0,us,us: 5,10-20 km: 1,shallow,light,-14.915687,-27.72751
2169,3,4,2023-03-22 10:38:47,37.1019,54.6552,10.0,5.0,mb: 0,7.649,us: 5,"31 km N of Qarnābād, Iran",earthquake: 0,1.863,0.063,80.0,us,us: 5,0-10 km: 0,shallow,moderate,-19.415642,25.095263
2170,3,4,2023-03-22 14:16:45,-30.214,-177.301,10.0,5.2,mww: 7,1.091,us: 5,"Kermadec Islands, New Zealand",earthquake: 0,1.843,0.075,17.0,us,us: 5,0-10 km: 0,shallow,moderate,66.83005,-33.777855
2171,3,4,2023-03-22 14:42:50,-30.1571,-177.0118,10.0,4.8,mb: 0,1.192,us: 5,"Kermadec Islands, New Zealand",earthquake: 0,1.758,0.098,32.0,us,us: 5,0-10 km: 0,shallow,light,-65.555214,-13.522149
2172,3,4,2023-03-22 15:18:50,-23.5107,-66.4676,213.706,5.3,mww: 7,1.669,us: 5,"79 km N of San Antonio de los Cobres, Argentina",earthquake: 0,4.029,0.047,43.0,us,us: 5,0-10 km: 0,intermediate,moderate,58.873432,-42.47845
2173,3,4,2023-03-22 16:00:34,-23.4224,-66.4954,228.0,6.4,mww: 7,1.618,us: 5,"86 km WSW of El Aguilar, Argentina",earthquake: 0,1.855,0.044,50.0,us,us: 5,0-10 km: 0,intermediate,strong,57.034164,-36.737457
2174,3,4,2023-03-22 20:07:44,39.383,69.8931,12.0,5.8,mww: 7,0.999,us: 5,"46 km NNW of Novobod, Tajikistan",earthquake: 0,1.752,0.06,27.0,us,us: 5,0-10 km: 0,shallow,moderate,31.933086,-48.048294
2175,3,4,2023-03-22 20:23:45,-8.8079,123.1645,109.009,5.1,mb: 0,0.932,us: 5,"106 km E of Maumere, Indonesia",earthquake: 0,4.039,0.058,98.0,us,us: 5,0-10 km: 0,intermediate,moderate,33.421917,46.909348
2176,3,4,2023-03-22 20:47:16,-5.3006,34.964,10.0,4.6,mb: 0,4.24,us: 5,"28 km SE of Ikungi, Tanzania",earthquake: 0,1.917,0.244,5.0,us,us: 5,0-10 km: 0,shallow,light,-16.169453,-24.27179
2177,3,4,2023-03-22 23:23:08,-32.8604,139.4757,9.096,4.9,mb: 0,2.046,us: 5,"60 km ENE of Peterborough, Australia",earthquake: 0,3.443,0.099,32.0,us,us: 5,0-10 km: 0,shallow,light,11.347257,-17.84201
2178,3,4,2023-03-22 23:31:53,19.2125,121.188,17.0,5.6,mww: 7,3.589,us: 5,"66 km N of Namuac, Philippines",earthquake: 0,1.191,0.047,44.0,us,us: 5,0-10 km: 0,shallow,moderate,30.81465,-45.129883
2179,3,4,2023-03-23 00:17:39,-4.4068,144.2782,132.0,5.7,mww: 7,5.73,us: 5,"45 km SSE of Angoram, Papua New Guinea",earthquake: 0,1.855,0.06,27.0,us,us: 5,0-10 km: 0,intermediate,moderate,43.983334,-34.401276
2180,3,4,2023-03-23 01:43:20,40.468,20.713,14.367,4.9,mb: 0,0.802,us: 5,"14 km NNE of Ersekë, Albania",earthquake: 0,3.084,0.06,88.0,us,us: 5,0-10 km: 0,shallow,light,-20.456972,26.525885
2181,3,4,2023-03-23 02:53:50,39.3471,69.7133,10.0,4.6,mb: 0,0.88,us: 5,"51 km SSE of Andarak, Kyrgyzstan",earthquake: 0,1.85,0.071,59.0,us,us: 5,0-10 km: 0,shallow,light,-18.660837,20.521025
2182,3,4,2023-03-23 02:56:54,-42.8183,-82.5381,10.0,5.1,mww: 7,6.887,us: 5,West Chile Rise,earthquake: 0,1.81,0.089,12.0,us,us: 5,0-10 km: 0,shallow,moderate,61.176598,-25.77066
2183,3,4,2023-03-23 03:37:56,-42.5089,-82.6334,10.0,4.7,mb: 0,6.916,us: 5,West Chile Rise,earthquake: 0,1.918,0.106,27.0,us,us: 5,0-10 km: 0,shallow,light,-33.772533,-33.52927
2184,3,4,2023-03-23 05:52:18,-10.6893,164.7071,10.0,5.2,mww: 7,4.849,us: 5,"119 km W of Lata, Solomon Islands",earthquake: 0,1.769,0.083,14.0,us,us: 5,0-10 km: 0,shallow,moderate,41.43642,-25.028488
2185,3,4,2023-03-23 07:56:38,-7.6686,127.8664,136.643,4.7,mb: 0,3.725,us: 5,"134 km NE of Lospalos, Timor Leste",earthquake: 0,5.219,0.082,45.0,us,us: 5,0-10 km: 0,intermediate,light,41.243244,37.055218
2186,3,4,2023-03-23 09:19:53,38.0109,36.4273,10.0,5.3,mww: 7,0.396,us: 5,"6 km W of Göksun, Turkey",earthquake: 0,1.77,0.054,33.0,us,us: 5,0-10 km: 0,shallow,moderate,21.463446,-56.225048
2187,3,4,2023-03-23 18:36:42,30.0109,141.8769,10.0,4.6,mb: 0,2.917,us: 5,"Izu Islands, Japan region",earthquake: 0,1.858,0.048,132.0,us,us: 5,0-10 km: 0,shallow,light,-9.004484,30.668646
2188,3,4,2023-03-24 00:39:53,37.9593,36.3728,10.0,4.6,mwr: 6,0.379,us: 5,"K. Maras, Turkey",earthquake: 0,1.822,0.053,34.0,us,us: 5,0-10 km: 0,shallow,light,13.19059,-58.18186
2189,3,4,2023-03-24 03:16:56,38.4614,44.8505,11.0,5.6,mww: 7,1.179,us: 5,"13 km SW of Khowy, Iran",earthquake: 0,1.805,0.047,43.0,us,us: 5,0-10 km: 0,shallow,moderate,23.755692,-55.36232
2190,3,4,2023-03-24 04:25:29,30.0034,141.8525,28.558,5.3,mww: 7,2.912,us: 5,"Izu Islands, Japan region",earthquake: 0,4.706,0.08,15.0,us,us: 5,0-10 km: 0,shallow,moderate,20.306757,-37.62742
2191,3,4,2023-03-24 04:37:10,29.9832,141.8327,10.0,4.7,mb: 0,2.893,us: 5,"Izu Islands, Japan region",earthquake: 0,1.666,0.05,126.0,us,us: 5,0-10 km: 0,shallow,light,-9.274763,30.475645
2192,3,4,2023-03-24 07:25:34,36.4058,140.3434,83.707,4.7,mwr: 6,1.726,us: 5,"7 km NNE of Tomobe, Japan",earthquake: 0,2.079,0.086,13.0,us,us: 5,0-10 km: 0,intermediate,light,17.618614,-42.98111
2193,3,4,2023-03-24 09:26:32,-2.6524,138.9266,37.315,4.9,mb: 0,6.675,us: 5,"189 km W of Abepura, Indonesia",earthquake: 0,1.853,0.071,63.0,us,us: 5,0-10 km: 0,shallow,light,5.2008877,-1.3224283
2194,3,4,2023-03-24 12:16:12,-10.8314,113.3152,10.0,4.6,mb: 0,2.487,us: 5,"281 km S of Kencong, Indonesia",earthquake: 0,1.879,0.132,17.0,us,us: 5,0-10 km: 0,shallow,light,-4.563795,-16.821072
2195,3,4,2023-03-24 13:01:34,-20.2742,-176.3442,293.477,5.7,mww: 7,1.391,us: 5,"147 km NW of Houma, Tonga",earthquake: 0,4.686,0.075,17.0,us,us: 5,0-10 km: 0,intermediate,moderate,57.36775,-38.51753
2196,3,4,2023-03-24 14:26:44,-2.63,138.8846,38.421,4.6,mb: 0,6.634,us: 5,"194 km W of Abepura, Indonesia",earthquake: 0,7.83,0.101,29.0,us,us: 5,0-10 km: 0,shallow,light,45.87966,21.62704
2197,3,4,2023-03-24 18:27:39,32.8372,-39.7725,10.0,4.6,mb: 0,21.078,us: 5,northern Mid-Atlantic Ridge,earthquake: 0,1.896,0.068,65.0,us,us: 5,20-30 km: 2,shallow,light,-26.547812,22.647959
2198,3,4,2023-03-25 09:46:50,-20.3564,-177.8911,522.708,4.7,mb: 0,2.642,us: 5,Fiji region,earthquake: 0,6.936,0.031,317.0,us,us: 5,0-10 km: 0,deep,light,-10.03738,65.61811
2199,3,4,2023-03-25 09:58:31,-21.048,173.5051,10.0,5.0,mww: 7,5.405,us: 5,Vanuatu region,earthquake: 0,1.834,0.078,16.0,us,us: 5,0-10 km: 0,shallow,moderate,43.269047,-23.980686
2200,3,4,2023-03-25 13:57:40,32.7832,-39.7648,10.0,4.7,mb: 0,12.65,us: 5,northern Mid-Atlantic Ridge,earthquake: 0,1.901,0.096,33.0,us,us: 5,10-20 km: 1,shallow,light,-25.600128,17.770575
2201,3,4,2023-03-25 19:13:32,32.6182,47.6519,10.0,4.8,mb: 0,3.509,us: 5,"36 km ESE of Dehlorān, Iran",earthquake: 0,1.825,0.057,96.0,us,us: 5,0-10 km: 0,shallow,light,-18.475405,27.628738
2202,3,4,2023-03-25 19:34:28,6.7589,-34.0747,10.0,4.7,mb: 0,13.118,us: 5,central Mid-Atlantic Ridge,earthquake: 0,1.957,0.117,22.0,us,us: 5,10-20 km: 1,shallow,light,-31.132212,-5.597424
2203,3,4,2023-03-25 19:57:56,-18.1967,167.9673,36.616,4.8,mb: 0,2.83,us: 5,"62 km SW of Port-Vila, Vanuatu",earthquake: 0,4.918,0.134,20.0,us,us: 5,0-10 km: 0,shallow,light,31.028936,16.084675
2204,3,4,2023-03-25 21:55:34,-16.007,-174.7741,9.329,4.6,mb: 0,2.729,us: 5,Tonga,earthquake: 0,2.683,0.089,38.0,us,us: 5,0-10 km: 0,shallow,light,-62.940193,-12.015452
2205,3,4,2023-03-25 23:29:03,-18.2027,168.0251,22.086,4.8,mb: 0,2.851,us: 5,"59 km SSW of Port-Vila, Vanuatu",earthquake: 0,4.655,0.082,46.0,us,us: 5,0-10 km: 0,shallow,light,22.64931,20.112394
2206,3,4,2023-03-26 00:02:43,-21.0053,-68.6054,105.216,5.4,mww: 7,0.825,us: 5,"161 km N of Calama, Chile",earthquake: 0,1.526,0.047,43.0,us,us: 5,0-10 km: 0,intermediate,moderate,60.340714,-37.82645
2207,3,4,2023-03-26 00:39:52,-22.4192,-66.1989,262.48,4.6,mb: 0,1.904,us: 5,"Jujuy, Argentina",earthquake: 0,6.895,0.054,101.0,us,us: 5,0-10 km: 0,intermediate,light,-50.03642,-0.5055809
2208,3,4,2023-03-26 10:43:44,-7.5361,130.3788,23.546,4.9,mb: 0,3.031,us: 5,"Pulau Pulau Tanimbar, Indonesia",earthquake: 0,5.317,0.07,63.0,us,us: 5,0-10 km: 0,shallow,light,27.764423,30.366114
2209,3,4,2023-03-26 11:39:01,-25.6937,-69.1858,8.427,5.1,mww: 7,0.643,us: 5,"114 km NE of Diego de Almagro, Chile",earthquake: 0,3.603,0.061,26.0,us,us: 5,0-10 km: 0,shallow,moderate,62.3456,-40.616215
2210,3,4,2023-03-26 12:38:17,17.5778,120.7175,39.498,4.6,mb: 0,5.224,us: 5,"Luzon, Philippines",earthquake: 0,6.303,0.059,84.0,us,us: 5,0-10 km: 0,shallow,light,11.393122,35.89909
2211,3,4,2023-03-26 12:41:11,-4.9564,131.9605,53.021,5.1,mb: 0,2.044,us: 5,"115 km NW of Tual, Indonesia",earthquake: 0,6.199,0.048,140.0,us,us: 5,0-10 km: 0,shallow,moderate,22.161396,46.47461
2212,3,4,2023-03-26 13:57:22,-57.0386,-25.0375,10.0,4.7,mb: 0,7.041,us: 5,South Sandwich Islands region,earthquake: 0,1.885,0.112,24.0,us,us: 5,0-10 km: 0,shallow,light,-31.54746,-44.635258
2213,3,4,2023-03-26 15:04:20,38.3345,141.6768,60.162,4.9,mww: 7,2.497,us: 5,"23 km ESE of Onagawa Chō, Japan",earthquake: 0,4.945,0.093,11.0,us,us: 5,0-10 km: 0,shallow,light,16.99611,-37.184246
2214,3,4,2023-03-26 17:21:34,-30.1941,-177.873,51.178,4.6,mb: 0,0.93,us: 5,"Kermadec Islands, New Zealand",earthquake: 0,8.062,0.141,15.0,us,us: 5,0-10 km: 0,shallow,light,-50.11708,-14.054729
2215,3,4,2023-03-26 17:26:41,-36.4913,-72.7481,45.215,4.7,mwr: 6,0.438,us: 5,"23 km NE of Tomé, Chile",earthquake: 0,3.86,0.053,34.0,us,us: 5,0-10 km: 0,shallow,light,64.490074,-44.545307
2216,3,4,2023-03-26 18:39:55,-7.4573,130.179,10.0,4.9,mb: 0,2.928,us: 5,"Pulau Pulau Tanimbar, Indonesia",earthquake: 0,1.735,0.061,84.0,us,us: 5,0-10 km: 0,shallow,light,8.567867,-0.04974611
2217,3,4,2023-03-27 00:42:14,-40.1647,174.4224,109.142,4.7,mb: 0,1.012,us: 5,"45 km S of Patea, New Zealand",earthquake: 0,4.814,0.112,24.0,us,us: 5,0-10 km: 0,intermediate,light,39.729763,34.000385
2218,3,4,2023-03-27 00:44:51,5.344,125.6996,72.223,4.8,mb: 0,1.719,us: 5,"26 km ESE of Sarangani, Philippines",earthquake: 0,6.979,0.051,121.0,us,us: 5,0-10 km: 0,intermediate,light,26.355762,43.369633
2219,3,4,2023-03-27 02:53:42,-22.7558,171.8021,10.0,5.0,mb: 0,4.025,us: 5,southeast of the Loyalty Islands,earthquake: 0,1.793,0.063,80.0,us,us: 5,0-10 km: 0,shallow,moderate,12.438859,-4.263901
2220,3,4,2023-03-27 02:56:06,-5.5084,146.9364,190.099,4.6,mb: 0,3.877,us: 5,"eastern New Guinea region, Papua New Guinea",earthquake: 0,3.762,0.081,45.0,us,us: 5,0-10 km: 0,intermediate,light,41.66996,38.9024
2221,3,4,2023-03-27 12:11:14,13.0978,143.9379,136.948,4.8,mb: 0,1.029,us: 5,"82 km WSW of Merizo Village, Guam",earthquake: 0,6.399,0.033,289.0,us,us: 5,0-10 km: 0,intermediate,light,-2.4007187,46.084286
2222,3,4,2023-03-27 16:21:19,-44.0513,-81.8869,10.0,4.7,mb: 0,7.258,us: 5,West Chile Rise,earthquake: 0,1.875,0.087,40.0,us,us: 5,0-10 km: 0,shallow,light,-32.685448,-32.61074
2223,3,4,2023-03-27 17:37:36,-56.1671,-27.3685,115.332,4.7,mb: 0,5.55,us: 5,South Sandwich Islands region,earthquake: 0,4.215,0.115,23.0,us,us: 5,0-10 km: 0,intermediate,light,-32.969044,-52.208393
2224,3,4,2023-03-27 18:20:35,-0.6618,29.3042,14.775,4.7,mb: 0,1.435,us: 5,"Lake Edward region, Congo-Uganda",earthquake: 0,3.849,0.089,44.0,us,us: 5,0-10 km: 0,shallow,light,25.915176,22.124998
2225,3,4,2023-03-27 22:19:15,-8.2322,158.9118,79.0,6.2,mww: 7,1.576,us: 5,Solomon Islands,earthquake: 0,1.845,0.043,52.0,us,us: 5,0-10 km: 0,intermediate,strong,41.631794,-36.955128
2226,3,4,2023-03-28 03:17:00,-17.8664,167.4254,10.0,4.7,mb: 0,2.415,us: 5,"95 km W of Port-Vila, Vanuatu",earthquake: 0,1.876,0.114,23.0,us,us: 5,0-10 km: 0,shallow,light,3.5361764,-19.412596
2227,3,4,2023-03-28 04:19:09,-0.3747,123.5348,75.11,5.0,mww: 7,1.011,us: 5,"104 km NE of Luwuk, Indonesia",earthquake: 0,3.099,0.078,16.0,us,us: 5,0-10 km: 0,intermediate,moderate,26.728634,-21.835224
2228,3,4,2023-03-28 05:51:28,18.3383,120.4578,25.13,5.1,mww: 7,4.495,us: 5,"18 km W of Pasuquin, Philippines",earthquake: 0,1.941,0.055,32.0,us,us: 5,0-10 km: 0,shallow,moderate,25.369022,-41.995716
2229,3,4,2023-03-28 09:18:28,41.1434,142.8148,37.0,6.0,mww: 7,0.908,us: 5,"Hokkaido, Japan region",earthquake: 0,1.932,0.053,34.0,us,us: 5,0-10 km: 0,shallow,strong,33.943398,-44.39116
2230,3,4,2023-03-28 11:58:47,-55.1663,-29.0635,35.0,4.6,mb: 0,4.394,us: 5,South Sandwich Islands region,earthquake: 0,1.82,0.147,14.0,us,us: 5,0-10 km: 0,shallow,light,-36.23683,-43.57463
2231,3,4,2023-03-28 12:54:01,-10.9123,166.9185,10.0,5.0,mb: 0,4.516,us: 5,"124 km E of Lata, Solomon Islands",earthquake: 0,1.533,0.05,127.0,us,us: 5,0-10 km: 0,shallow,moderate,11.5085,1.8807604
2232,3,4,2023-03-28 13:07:17,-10.8937,166.777,10.897,5.2,mww: 7,4.545,us: 5,"108 km E of Lata, Solomon Islands",earthquake: 0,1.515,0.065,23.0,us,us: 5,0-10 km: 0,shallow,moderate,40.266693,-26.955633
2233,3,4,2023-03-28 19:27:07,2.3449,128.7933,35.0,4.6,mb: 0,2.115,us: 5,"110 km NE of Tobelo, Indonesia",earthquake: 0,1.877,0.06,92.0,us,us: 5,0-10 km: 0,shallow,light,3.2875173,4.6063094
2234,3,4,2023-03-28 21:52:45,41.6656,14.6654,7.432,4.7,mwr: 6,0.638,us: 5,"2 km NNW of Montagano, Italy",earthquake: 0,2.549,0.048,41.0,us,us: 5,0-10 km: 0,shallow,light,13.409656,-59.416542
2235,3,4,2023-03-29 04:11:22,-15.3287,-174.9894,292.802,4.6,mb: 0,3.41,us: 5,"145 km WNW of Hihifo, Tonga",earthquake: 0,6.82,0.102,29.0,us,us: 5,0-10 km: 0,intermediate,light,-48.22752,-5.1261973
2236,3,4,2023-03-29 06:38:58,-14.0592,-74.4879,92.18,4.6,mb: 0,3.083,us: 5,"22 km SW of Sacsamarca, Peru",earthquake: 0,5.858,0.078,49.0,us,us: 5,0-10 km: 0,intermediate,light,-45.70994,-0.23895204
2237,3,4,2023-03-29 07:27:03,-18.4774,-175.5976,242.71,4.6,mb: 0,1.525,us: 5,"171 km W of Neiafu, Tonga",earthquake: 0,6.008,0.039,195.0,us,us: 5,0-10 km: 0,intermediate,light,-51.801834,0.18690826
2238,3,4,2023-03-29 07:38:53,-26.2623,178.5177,621.466,4.9,mb: 0,4.329,us: 5,south of the Fiji Islands,earthquake: 0,7.401,0.096,35.0,us,us: 5,0-10 km: 0,deep,light,4.54362,63.11751
2239,3,4,2023-03-29 07:41:46,5.9533,126.3284,11.616,4.9,mb: 0,1.336,us: 5,"Mindanao, Philippines",earthquake: 0,3.337,0.057,96.0,us,us: 5,0-10 km: 0,shallow,light,20.949646,34.212162
2240,3,4,2023-03-29 08:53:58,30.3104,127.8929,10.0,4.9,mww: 7,2.504,us: 5,"243 km W of Kurio, Japan",earthquake: 0,1.802,0.055,32.0,us,us: 5,0-10 km: 0,shallow,light,24.382437,-43.093494
2241,3,4,2023-03-29 08:57:14,-17.8672,-178.5847,558.49,4.8,mb: 0,4.425,us: 5,"223 km E of Levuka, Fiji",earthquake: 0,6.314,0.027,429.0,us,us: 5,0-10 km: 0,deep,light,-10.376562,63.667656
2242,3,4,2023-03-29 09:53:47,27.9796,139.4485,500.093,4.8,mb: 0,2.584,us: 5,"Bonin Islands, Japan region",earthquake: 0,8.063,0.047,143.0,us,us: 5,0-10 km: 0,deep,light,3.7035413,59.48713
2243,3,4,2023-03-29 18:10:19,-8.2445,116.7356,12.174,4.9,mb: 0,1.181,us: 5,"29 km NNE of Labuan Lombok, Indonesia",earthquake: 0,3.353,0.072,66.0,us,us: 5,0-10 km: 0,shallow,light,23.918945,28.049294
2244,3,4,2023-03-29 18:16:50,-57.7677,-25.7115,66.615,4.6,mb: 0,6.974,us: 5,South Sandwich Islands region,earthquake: 0,6.011,0.133,17.0,us,us: 5,0-10 km: 0,shallow,light,-31.799208,-52.928394
2245,3,4,2023-03-29 18:26:50,-15.2415,-173.1121,13.546,5.3,mww: 7,1.847,us: 5,"107 km NE of Hihifo, Tonga",earthquake: 0,3.732,0.098,10.0,us,us: 5,0-10 km: 0,shallow,moderate,68.29518,-34.854603
2246,3,4,2023-03-29 20:10:42,1.9095,127.1701,116.804,4.7,mb: 0,1.147,us: 5,"95 km WNW of Tobelo, Indonesia",earthquake: 0,5.628,0.053,113.0,us,us: 5,0-10 km: 0,intermediate,light,31.421251,43.817356
2247,3,4,2023-03-29 21:44:11,28.2988,141.479,58.562,4.9,mb: 0,1.352,us: 5,"Bonin Islands, Japan region",earthquake: 0,5.001,0.048,136.0,us,us: 5,0-10 km: 0,shallow,light,1.9522288,38.583744
2248,3,4,2023-03-30 02:26:09,-55.9171,-27.4526,109.967,4.6,mb: 0,5.44,us: 5,South Sandwich Islands region,earthquake: 0,3.152,0.164,11.0,us,us: 5,0-10 km: 0,intermediate,light,-37.21943,-44.56334
2249,3,4,2023-03-30 15:46:15,16.958,-100.0518,23.047,4.6,mb: 0,0.225,us: 5,"3 km NE of Los Mogotes, Mexico",earthquake: 0,5.045,0.038,217.0,us,us: 5,0-10 km: 0,shallow,light,-23.8137,53.020596
2250,3,4,2023-03-30 17:33:08,-35.6663,-73.4965,26.0,6.3,mww: 7,1.107,us: 5,"105 km WSW of Constitución, Chile",earthquake: 0,1.828,0.043,51.0,us,us: 5,0-10 km: 0,shallow,strong,59.805244,-34.113007
2251,3,4,2023-03-30 19:23:00,34.6633,25.2259,10.0,4.6,mb: 0,0.682,us: 5,"38 km S of Pýrgos, Greece",earthquake: 0,1.808,0.066,68.0,us,us: 5,0-10 km: 0,shallow,light,-20.831095,22.420437
2252,3,4,2023-03-31 05:52:19,27.037,141.5589,64.435,5.3,mww: 7,0.561,us: 5,"Bonin Islands, Japan region",earthquake: 0,5.686,0.055,32.0,us,us: 5,0-10 km: 0,shallow,moderate,23.532246,-37.17061
2253,3,4,2023-03-31 08:27:30,-49.1322,125.0136,10.0,4.7,mb: 0,17.202,us: 5,western Indian-Antarctic Ridge,earthquake: 0,1.887,0.126,19.0,us,us: 5,10-20 km: 1,shallow,light,-11.562903,-38.781326
2254,3,4,2023-03-31 08:28:35,-9.6154,115.1606,61.428,4.8,mb: 0,1.512,us: 5,"90 km S of Nusa Dua, Indonesia",earthquake: 0,6.998,0.097,33.0,us,us: 5,0-10 km: 0,shallow,light,39.53659,25.261667
2255,3,4,2023-03-31 10:46:21,-24.7851,-70.0594,49.383,5.2,mww: 7,0.351,us: 5,"81 km NNE of Taltal, Chile",earthquake: 0,4.363,0.065,23.0,us,us: 5,0-10 km: 0,shallow,moderate,61.807453,-41.32754
2256,3,4,2023-03-31 15:29:40,41.1562,142.7896,50.336,4.9,mb: 0,0.901,us: 5,"108 km S of Honchō, Japan",earthquake: 0,6.042,0.039,209.0,us,us: 5,0-10 km: 0,shallow,light,0.62336427,41.974354
2257,3,4,2023-03-31 16:05:17,37.268,24.1069,129.141,4.8,mb: 0,1.744,us: 5,"37 km WNW of Sérifos, Greece",earthquake: 0,5.571,0.049,126.0,us,us: 5,0-10 km: 0,intermediate,light,5.46721,44.053055
2258,3,4,2023-03-31 17:55:41,-7.9949,120.7216,24.523,4.9,mb: 0,1.63,us: 5,"73 km NNE of Ruteng, Indonesia",earthquake: 0,4.432,0.059,98.0,us,us: 5,0-10 km: 0,shallow,light,21.364908,35.814243
2259,3,4,2023-03-31 22:36:11,-50.0022,114.0648,10.0,5.6,mww: 7,16.425,us: 5,western Indian-Antarctic Ridge,earthquake: 0,1.518,0.059,28.0,us,us: 5,10-20 km: 1,shallow,moderate,51.597446,-23.877602
2260,4,1,2023-04-01 07:04:17,-2.9117,130.0455,22.041,4.7,mb: 0,1.606,us: 5,"127 km ENE of Masohi, Indonesia",earthquake: 0,5.489,0.106,27.0,us,us: 5,0-10 km: 0,shallow,light,33.21135,20.397423
2261,4,1,2023-04-01 09:41:11,38.2883,138.7642,15.222,4.6,mww: 7,1.796,us: 5,"near the west coast of Honshu, Japan",earthquake: 0,3.423,0.098,10.0,us,us: 5,0-10 km: 0,shallow,light,18.412016,-41.4728
2262,4,1,2023-04-01 10:36:09,-20.3576,169.3992,90.054,4.9,mb: 0,2.888,us: 5,"91 km S of Isangel, Vanuatu",earthquake: 0,6.792,0.061,88.0,us,us: 5,0-10 km: 0,intermediate,light,33.093166,40.690544
2263,4,1,2023-04-01 12:26:20,-15.4073,-70.3131,213.334,4.7,mb: 0,2.276,us: 5,"8 km SE of Lampa, Peru",earthquake: 0,7.381,0.043,166.0,us,us: 5,0-10 km: 0,intermediate,light,-51.29701,1.2246876
2264,4,1,2023-04-01 15:57:40,27.2714,53.0322,27.754,5.1,mb: 0,3.674,us: 5,"34 km SSE of Mohr, Iran",earthquake: 0,4.153,0.044,165.0,us,us: 5,0-10 km: 0,shallow,moderate,-2.927779,38.215214
2265,4,1,2023-04-01 17:54:22,-12.9279,169.3095,641.703,4.7,mb: 0,8.977,us: 5,Santa Cruz Islands region,earthquake: 0,6.707,0.031,327.0,us,us: 5,0-10 km: 0,deep,light,-0.003989844,60.133823
2266,4,1,2023-04-01 18:11:20,-12.9243,169.3211,642.662,4.8,mb: 0,8.986,us: 5,"218 km ENE of Sola, Vanuatu",earthquake: 0,5.948,0.028,391.0,us,us: 5,0-10 km: 0,deep,light,-0.35660875,60.038685
2267,4,1,2023-04-01 21:54:52,26.7722,102.9151,14.458,4.6,mb: 0,5.498,us: 5,"99 km SW of Zhaotong, China",earthquake: 0,4.091,0.068,64.0,us,us: 5,0-10 km: 0,shallow,light,6.143812,28.16346
2268,4,1,2023-04-02 00:58:00,-30.3111,-177.1399,10.0,4.6,mb: 0,1.246,us: 5,"Kermadec Islands, New Zealand",earthquake: 0,1.921,0.182,9.0,us,us: 5,0-10 km: 0,shallow,light,-54.33944,-27.424564
2269,4,1,2023-04-02 01:37:46,-31.5822,-69.4116,118.027,4.6,mb: 0,0.622,us: 5,"27 km S of Calingasta, Argentina",earthquake: 0,5.847,0.165,11.0,us,us: 5,0-10 km: 0,intermediate,light,-44.319366,-14.74224
2270,4,1,2023-04-02 02:16:30,-26.0206,-177.5356,153.768,4.9,mb: 0,3.231,us: 5,south of the Fiji Islands,earthquake: 0,6.741,0.112,25.0,us,us: 5,0-10 km: 0,intermediate,light,-49.236195,-8.950212
2271,4,1,2023-04-02 08:40:53,-7.8107,118.6792,10.886,5.6,mww: 7,1.349,us: 5,"72 km N of Bima, Indonesia",earthquake: 0,3.967,0.068,21.0,us,us: 5,0-10 km: 0,shallow,moderate,34.843452,-24.06892
2272,4,1,2023-04-02 18:18:43,-4.3081,143.1023,73.107,4.6,mb: 0,6.47,us: 5,"33 km ESE of Ambunti, Papua New Guinea",earthquake: 0,11.28,0.182,9.0,us,us: 5,0-10 km: 0,intermediate,light,40.707172,-2.438633
2273,4,1,2023-04-02 18:53:06,2.8351,95.4664,26.339,4.9,mb: 0,2.599,us: 5,"108 km WNW of Sinabang, Indonesia",earthquake: 0,4.237,0.065,74.0,us,us: 5,0-10 km: 0,shallow,light,21.579216,32.839607
2274,4,1,2023-04-02 19:32:25,6.4308,115.8339,618.672,5.5,mb: 0,7.564,us: 5,"56 km NNW of Kota Kinabalu, Malaysia",earthquake: 0,5.615,0.031,361.0,us,us: 5,0-10 km: 0,deep,moderate,-0.21677688,59.993126
2275,4,1,2023-04-02 22:32:40,12.1705,-88.0358,35.0,4.6,mb: 0,1.121,us: 5,"89 km SW of Jiquilillo, Nicaragua",earthquake: 0,1.883,0.067,67.0,us,us: 5,0-10 km: 0,shallow,light,-35.123283,3.235307
2276,4,1,2023-04-03 03:06:57,52.7227,158.4935,101.0,6.5,mww: 7,0.316,us: 5,"23 km SSE of Vilyuchinsk, Russia",earthquake: 0,1.611,0.063,24.0,us,us: 5,0-10 km: 0,intermediate,strong,35.464237,-44.108128
2277,4,1,2023-04-03 04:40:05,-58.554,-25.0158,20.382,5.2,mb: 0,16.904,us: 5,South Sandwich Islands region,earthquake: 0,3.545,0.057,102.0,us,us: 5,10-20 km: 1,shallow,moderate,-24.985296,-50.701477
2278,4,1,2023-04-03 05:13:02,12.215,143.7717,10.0,4.6,mb: 0,1.735,us: 5,"151 km SW of Merizo Village, Guam",earthquake: 0,1.853,0.076,52.0,us,us: 5,0-10 km: 0,shallow,light,-3.0353186,0.007887747
2279,4,1,2023-04-03 12:36:06,12.274,-89.4448,10.0,5.0,mww: 7,1.514,us: 5,"134 km S of La Libertad, El Salvador",earthquake: 0,1.698,0.05,38.0,us,us: 5,0-10 km: 0,shallow,moderate,53.15824,-51.139137
2280,4,1,2023-04-03 14:59:41,0.8388,98.835,84.0,6.1,mww: 7,1.341,us: 5,"77 km SW of Padangsidempuan, Indonesia",earthquake: 0,1.521,0.062,25.0,us,us: 5,0-10 km: 0,intermediate,strong,41.77733,-35.873734
2281,4,1,2023-04-03 20:50:32,-8.2205,123.8573,181.539,5.0,mb: 0,1.578,us: 5,"122 km NNW of Pante Makasar, Timor Leste",earthquake: 0,4.813,0.045,160.0,us,us: 5,0-10 km: 0,intermediate,moderate,25.47913,50.490623
2282,4,1,2023-04-03 21:34:45,14.4822,56.2988,10.0,5.5,mww: 7,10.409,us: 5,Owen Fracture Zone region,earthquake: 0,1.813,0.062,25.0,us,us: 5,10-20 km: 1,shallow,moderate,34.33083,-34.145
2283,4,1,2023-04-03 21:44:13,14.3888,56.3258,10.0,5.5,mww: 7,10.503,us: 5,Owen Fracture Zone region,earthquake: 0,1.803,0.078,16.0,us,us: 5,10-20 km: 1,shallow,moderate,33.929947,-34.593407
2284,4,1,2023-04-03 21:46:42,-21.3813,-66.7051,217.616,5.1,mww: 7,2.076,us: 5,"70 km SW of Atocha, Bolivia",earthquake: 0,4.249,0.055,32.0,us,us: 5,0-10 km: 0,intermediate,moderate,58.98634,-42.822525
2285,4,1,2023-04-03 21:47:03,14.4165,56.4221,10.0,4.8,mb: 0,10.477,us: 5,Owen Fracture Zone region,earthquake: 0,1.871,0.095,34.0,us,us: 5,10-20 km: 1,shallow,light,-7.4234753,2.8368864
2286,4,1,2023-04-03 22:00:22,14.5446,56.4004,10.0,5.3,mww: 7,10.349,us: 5,Owen Fracture Zone region,earthquake: 0,1.822,0.098,10.0,us,us: 5,10-20 km: 1,shallow,moderate,28.377565,-31.630367
2287,4,1,2023-04-03 22:45:45,-60.0003,-18.7748,10.0,4.6,mb: 0,11.178,us: 5,east of the South Sandwich Islands,earthquake: 0,1.876,0.137,16.0,us,us: 5,10-20 km: 1,shallow,light,-34.861492,-44.01985
2288,4,1,2023-04-04 02:11:57,16.0809,-96.9831,31.0,5.4,mww: 7,0.178,us: 5,"10 km E of San Gabriel Mixtepec, Mexico",earthquake: 0,1.831,0.043,53.0,us,us: 5,0-10 km: 0,shallow,moderate,50.536198,-50.71976
2289,4,1,2023-04-04 07:07:23,27.0045,141.4555,54.458,5.0,mww: 7,0.656,us: 5,"Bonin Islands, Japan region",earthquake: 0,5.449,0.075,17.0,us,us: 5,0-10 km: 0,shallow,moderate,17.216015,-38.844006
2290,4,1,2023-04-04 09:27:13,-14.9332,166.6164,10.0,4.7,mb: 0,0.763,us: 5,"50 km WNW of Port-Olry, Vanuatu",earthquake: 0,1.866,0.071,60.0,us,us: 5,0-10 km: 0,shallow,light,9.449436,-4.7123814
2291,4,1,2023-04-04 09:55:18,-0.8401,-24.9474,10.0,4.7,mb: 0,17.401,us: 5,central Mid-Atlantic Ridge,earthquake: 0,1.894,0.104,28.0,us,us: 5,10-20 km: 1,shallow,light,-30.658123,-4.6634483
2292,4,1,2023-04-04 12:54:31,13.7318,125.5376,10.0,6.2,mww: 7,6.621,us: 5,"124 km E of Gigmoto, Philippines",earthquake: 0,1.799,0.04,59.0,us,us: 5,0-10 km: 0,shallow,strong,38.740414,-37.891884
2293,4,1,2023-04-04 12:58:19,4.5905,126.5997,122.456,4.7,mb: 0,2.664,us: 5,"154 km SE of Sarangani, Philippines",earthquake: 0,8.602,0.096,33.0,us,us: 5,0-10 km: 0,intermediate,light,45.750504,30.295404
2294,4,1,2023-04-04 13:35:24,-3.1276,-75.7336,133.059,4.8,mb: 0,2.807,us: 5,"86 km ENE of Alianza Cristiana, Peru",earthquake: 0,3.918,0.033,292.0,us,us: 5,0-10 km: 0,intermediate,light,-19.637457,55.07327
2295,4,1,2023-04-04 14:43:29,13.7291,125.47,10.0,4.7,mb: 0,6.619,us: 5,"116 km E of Gigmoto, Philippines",earthquake: 0,1.804,0.067,67.0,us,us: 5,0-10 km: 0,shallow,light,0.08172223,3.992259
2296,4,1,2023-04-04 15:15:42,42.8125,144.9347,73.955,4.6,mb: 0,1.539,us: 5,"Hokkaido, Japan region",earthquake: 0,6.541,0.055,98.0,us,us: 5,0-10 km: 0,intermediate,light,7.5658298,39.434986
2297,4,1,2023-04-04 15:59:14,38.0712,74.2213,169.316,4.6,mb: 0,2.357,us: 5,"24 km ESE of Murghob, Tajikistan",earthquake: 0,5.857,0.043,163.0,us,us: 5,0-10 km: 0,intermediate,light,3.645806,45.049862
2298,4,1,2023-04-04 16:27:07,34.2906,8.008,10.0,5.0,mb: 0,1.809,us: 5,"7 km ESE of Chebika, Tunisia",earthquake: 0,1.789,0.043,169.0,us,us: 5,0-10 km: 0,shallow,moderate,-16.504555,33.24785
2299,4,1,2023-04-04 17:17:42,9.058,93.9052,9.989,5.0,mww: 7,2.823,us: 5,"Nicobar Islands, India region",earthquake: 0,3.362,0.098,10.0,us,us: 5,0-10 km: 0,shallow,moderate,28.052359,-26.74397
2300,4,1,2023-04-04 19:08:46,-27.4327,-70.9617,53.0,5.9,mww: 7,0.545,us: 5,"62 km W of Copiapó, Chile",earthquake: 0,1.84,0.044,50.0,us,us: 5,0-10 km: 0,shallow,moderate,60.290558,-35.555386
2301,4,1,2023-04-04 19:26:59,-27.3615,-71.0494,52.645,4.6,mb: 0,0.618,us: 5,"Near the coast of Atacama, Chile",earthquake: 0,7.676,0.206,9.0,us,us: 5,0-10 km: 0,shallow,light,-46.883522,-17.661379
2302,4,1,2023-04-04 21:41:47,-22.3699,170.4335,10.0,4.6,mb: 0,2.773,us: 5,"279 km ESE of Tadine, New Caledonia",earthquake: 0,1.849,0.129,18.0,us,us: 5,0-10 km: 0,shallow,light,0.90907544,-22.68205
2303,4,1,2023-04-04 22:02:59,-28.6175,-177.4482,10.233,4.6,mb: 0,0.754,us: 5,Kermadec Islands region,earthquake: 0,6.143,0.194,8.0,us,us: 5,0-10 km: 0,shallow,light,-48.9172,-19.083597
2304,4,1,2023-04-04 22:18:12,7.5671,-82.3345,16.0,6.3,mww: 7,1.286,us: 5,"73 km S of Boca Chica, Panama",earthquake: 0,1.679,0.039,63.0,us,us: 5,0-10 km: 0,shallow,strong,45.513706,-48.315987
2305,4,1,2023-04-05 01:01:21,-4.359,143.1598,90.901,4.6,mb: 0,3.06,us: 5,"41 km ESE of Ambunti, Papua New Guinea",earthquake: 0,5.67,0.065,72.0,us,us: 5,0-10 km: 0,intermediate,light,34.256134,38.40346
2306,4,1,2023-04-05 02:57:31,-22.6143,-174.2522,10.0,4.8,mb: 0,1.687,us: 5,"158 km SSE of ‘Ohonua, Tonga",earthquake: 0,1.863,0.134,17.0,us,us: 5,0-10 km: 0,shallow,light,-62.733162,-20.028902
2307,4,1,2023-04-05 03:14:51,-29.1164,74.8007,10.0,4.6,mb: 0,13.963,us: 5,Mid-Indian Ridge,earthquake: 0,1.869,0.158,12.0,us,us: 5,10-20 km: 1,shallow,light,-15.792469,-35.28926
2308,4,1,2023-04-05 06:19:29,-9.4023,-71.44,560.074,5.1,mb: 0,2.08,us: 5,"156 km SSW of Tarauacá, Brazil",earthquake: 0,5.766,0.02,814.0,us,us: 5,0-10 km: 0,deep,moderate,-10.927834,61.319054
2309,4,1,2023-04-05 08:05:56,-21.3604,169.7232,56.708,4.9,mb: 0,2.453,us: 5,"192 km E of Tadine, New Caledonia",earthquake: 0,6.254,0.076,55.0,us,us: 5,0-10 km: 0,shallow,light,35.326653,34.337982
2310,4,1,2023-04-05 11:25:03,-4.5409,-75.5598,11.162,4.6,mb: 0,3.902,us: 5,northern Peru,earthquake: 0,4.68,0.085,42.0,us,us: 5,0-10 km: 0,shallow,light,-43.377876,-0.054076035
2311,4,1,2023-04-05 14:27:13,-28.6185,-177.6003,10.0,4.6,mb: 0,0.688,us: 5,Kermadec Islands region,earthquake: 0,1.793,0.146,14.0,us,us: 5,0-10 km: 0,shallow,light,-60.2462,-24.810099
2312,4,1,2023-04-05 16:47:02,-28.6566,-178.025,5.933,4.6,mb: 0,0.592,us: 5,Kermadec Islands region,earthquake: 0,7.606,0.193,8.0,us,us: 5,0-10 km: 0,shallow,light,-48.831673,-18.303623
2313,4,1,2023-04-06 00:32:02,-0.536,122.1838,10.0,5.2,mww: 7,0.773,us: 5,"81 km NW of Luwuk, Indonesia",earthquake: 0,1.744,0.071,19.0,us,us: 5,0-10 km: 0,shallow,moderate,38.237545,-26.984812
2314,4,1,2023-04-06 04:10:19,44.391,147.8092,93.126,4.9,mb: 0,4.148,us: 5,"93 km S of Kuril’sk, Russia",earthquake: 0,5.441,0.025,494.0,us,us: 5,0-10 km: 0,intermediate,light,-10.839198,54.05505
2315,4,1,2023-04-06 06:39:05,11.6432,-85.7772,10.0,5.1,mww: 7,0.682,us: 5,"14 km NW of Moyogalpa, Nicaragua",earthquake: 0,1.878,0.046,45.0,us,us: 5,0-10 km: 0,shallow,moderate,52.581184,-50.896072
2316,4,1,2023-04-06 06:43:28,-10.7373,113.3038,10.0,4.7,mb: 0,2.403,us: 5,"271 km S of Kencong, Indonesia",earthquake: 0,1.913,0.137,17.0,us,us: 5,0-10 km: 0,shallow,light,-4.827808,-17.174316
2317,4,1,2023-04-06 09:17:47,12.5419,123.9213,10.0,4.6,mb: 0,5.678,us: 5,"7 km SSW of Quezon, Philippines",earthquake: 0,1.817,0.097,32.0,us,us: 5,0-10 km: 0,shallow,light,-6.7307057,-2.5651238
2318,4,1,2023-04-06 10:03:37,12.2812,-87.971,46.946,4.6,mb: 0,1.016,us: 5,"76 km SW of Jiquilillo, Nicaragua",earthquake: 0,8.476,0.049,123.0,us,us: 5,0-10 km: 0,shallow,light,-46.81635,5.780936
2319,4,1,2023-04-06 18:02:15,34.5635,82.0503,10.0,4.6,mb: 0,7.287,us: 5,western Xizang,earthquake: 0,1.785,0.063,75.0,us,us: 5,0-10 km: 0,shallow,light,-18.192905,21.976418
2320,4,1,2023-04-06 19:58:43,-28.5543,-177.538,10.0,4.6,mb: 0,0.769,us: 5,Kermadec Islands region,earthquake: 0,1.857,0.165,11.0,us,us: 5,0-10 km: 0,shallow,light,-57.77046,-26.46976
2321,4,1,2023-04-06 21:38:17,15.205,-93.3463,69.713,4.8,mb: 0,0.512,us: 5,"33 km SW of La Esperanza (El Zapotal), Mexico",earthquake: 0,5.499,0.031,315.0,us,us: 5,0-10 km: 0,shallow,light,-19.678097,53.82559
2322,4,1,2023-04-06 22:09:15,27.0214,141.3241,58.762,4.7,mb: 0,6.213,us: 5,"Bonin Islands, Japan region",earthquake: 0,6.136,0.045,152.0,us,us: 5,0-10 km: 0,shallow,light,1.6789193,39.563244
2323,4,1,2023-04-07 02:22:40,49.8919,155.2524,85.0,5.8,mww: 7,3.565,us: 5,"107 km SW of Severo-Kuril’sk, Russia",earthquake: 0,1.865,0.043,51.0,us,us: 5,0-10 km: 0,intermediate,moderate,33.99779,-43.045464
2324,4,1,2023-04-07 04:10:51,8.9572,-76.3312,48.052,4.6,mb: 0,1.471,us: 5,"7 km NNE of Los Córdobas, Colombia",earthquake: 0,8.534,0.047,133.0,us,us: 5,0-10 km: 0,shallow,light,-46.892307,5.8127656
2325,4,1,2023-04-07 04:11:06,-28.5054,-177.6639,10.0,4.9,mb: 0,0.773,us: 5,Kermadec Islands region,earthquake: 0,1.792,0.087,42.0,us,us: 5,0-10 km: 0,shallow,light,-65.803314,-8.983844
2326,4,1,2023-04-07 12:17:05,41.903,81.9281,10.0,5.0,mb: 0,2.298,us: 5,"85 km WNW of Kuqa, China",earthquake: 0,1.85,0.042,179.0,us,us: 5,0-10 km: 0,shallow,moderate,-14.220646,33.89663
2327,4,1,2023-04-07 14:41:49,49.8895,155.2029,112.446,4.6,mb: 0,3.581,us: 5,"109 km SW of Severo-Kuril’sk, Russia",earthquake: 0,5.953,0.039,197.0,us,us: 5,0-10 km: 0,intermediate,light,1.6708462,43.750328
2328,4,1,2023-04-07 15:49:03,25.5056,126.1397,57.216,4.6,mb: 0,2.33,us: 5,"114 km NE of Hirara, Japan",earthquake: 0,3.65,0.06,82.0,us,us: 5,0-10 km: 0,shallow,light,6.93915,31.188587
2329,4,2,2023-04-08 06:58:16,1.9123,127.1046,100.508,4.8,mb: 0,1.163,us: 5,"102 km WNW of Tobelo, Indonesia",earthquake: 0,6.789,0.065,72.0,us,us: 5,0-10 km: 0,intermediate,light,31.135721,40.45892
2330,4,2,2023-04-08 07:38:46,-28.5261,-177.7762,10.0,4.6,mb: 0,0.729,us: 5,Kermadec Islands region,earthquake: 0,1.895,0.129,18.0,us,us: 5,0-10 km: 0,shallow,light,-63.12979,-21.07656
2331,4,2,2023-04-08 08:07:22,-41.1892,-86.1891,10.0,4.6,mb: 0,9.536,us: 5,West Chile Rise,earthquake: 0,1.908,0.173,10.0,us,us: 5,0-10 km: 0,shallow,light,-40.667828,-39.699642
2332,4,2,2023-04-08 14:11:58,-2.9949,141.9484,69.574,5.3,mww: 7,8.208,us: 5,"47 km WNW of Aitape, Papua New Guinea",earthquake: 0,5.868,0.093,11.0,us,us: 5,0-10 km: 0,shallow,moderate,29.712181,-19.745733
2333,4,2,2023-04-08 16:27:32,-16.5746,175.0025,14.836,5.3,mww: 7,7.583,us: 5,"284 km WNW of Lautoka, Fiji",earthquake: 0,4.332,0.083,14.0,us,us: 5,0-10 km: 0,shallow,moderate,32.1377,-21.775686
2334,4,2,2023-04-08 20:25:11,53.911,-165.4681,67.361,4.9,mww: 7,0.29,us: 5,"Fox Islands, Aleutian Islands, Alaska",earthquake: 0,3.719,0.073,18.0,us,us: 5,0-10 km: 0,shallow,light,26.261549,-67.69032
2335,4,2,2023-04-08 22:23:19,-4.4692,143.241,71.957,4.9,mb: 0,11.077,us: 5,"54 km ESE of Ambunti, Papua New Guinea",earthquake: 0,5.099,0.075,55.0,us,us: 5,10-20 km: 1,intermediate,light,32.452072,31.532475
2336,4,2,2023-04-08 23:08:48,-46.9394,33.5511,10.0,4.6,mb: 0,12.587,us: 5,Prince Edward Islands region,earthquake: 0,1.813,0.1,30.0,us,us: 5,10-20 km: 1,shallow,light,-20.09887,-40.24079
2337,4,2,2023-04-09 01:21:13,0.8935,-28.3174,10.0,5.1,mww: 7,16.449,us: 5,central Mid-Atlantic Ridge,earthquake: 0,1.188,0.059,28.0,us,us: 5,10-20 km: 1,shallow,moderate,52.092598,-52.676777
2338,4,2,2023-04-09 02:14:51,-21.7262,170.9314,144.529,4.9,mb: 0,3.349,us: 5,"296 km SE of Isangel, Vanuatu",earthquake: 0,6.304,0.091,38.0,us,us: 5,0-10 km: 0,intermediate,light,40.838375,34.40729
2339,4,2,2023-04-09 05:20:34,-9.5317,117.7092,66.135,4.6,mb: 0,0.703,us: 5,"119 km SSE of Sumbawa Besar, Indonesia",earthquake: 0,6.459,0.086,46.0,us,us: 5,0-10 km: 0,shallow,light,37.634228,28.640379
2340,4,2,2023-04-09 07:46:14,9.096,94.0003,10.0,5.3,mww: 7,4.828,us: 5,"Nicobar Islands, India region",earthquake: 0,1.836,0.057,30.0,us,us: 5,0-10 km: 0,shallow,moderate,34.06942,-32.229584
2341,4,2,2023-04-09 09:29:47,9.0979,93.9434,10.438,4.6,mb: 0,2.802,us: 5,"Nicobar Islands, India region",earthquake: 0,4.347,0.078,49.0,us,us: 5,0-10 km: 0,shallow,light,26.052107,23.561834
2342,4,2,2023-04-09 10:38:58,9.0886,93.9474,10.0,4.9,mb: 0,2.812,us: 5,"Nicobar Islands, India region",earthquake: 0,1.819,0.061,86.0,us,us: 5,0-10 km: 0,shallow,light,0.05364457,6.6653194
2343,4,2,2023-04-09 12:17:33,8.966,93.9695,10.0,5.7,mww: 7,4.745,us: 5,"Nicobar Islands, India region",earthquake: 0,1.836,0.071,19.0,us,us: 5,0-10 km: 0,shallow,moderate,36.14523,-33.522316
2344,4,2,2023-04-09 15:30:35,9.3312,147.2652,10.0,5.3,mb: 0,4.84,us: 5,"State of Yap, Federated States of Micronesia",earthquake: 0,1.878,0.04,208.0,us,us: 5,0-10 km: 0,shallow,moderate,17.032612,49.144394
2345,4,2,2023-04-09 18:27:53,13.7743,-92.5325,10.0,4.6,mb: 0,1.156,us: 5,"88 km SW of Champerico, Guatemala",earthquake: 0,1.892,0.039,191.0,us,us: 5,0-10 km: 0,shallow,light,-24.780231,48.89091
2346,4,2,2023-04-09 18:45:36,24.3665,123.0428,48.38,4.9,mwr: 6,0.104,us: 5,"11 km SSE of Yonakuni, Japan",earthquake: 0,4.274,0.068,21.0,us,us: 5,0-10 km: 0,shallow,light,16.432573,-40.241837
2347,4,2,2023-04-09 20:55:58,9.0116,93.9224,10.0,5.2,mww: 7,2.872,us: 5,"Nicobar Islands, India region",earthquake: 0,1.664,0.093,11.0,us,us: 5,0-10 km: 0,shallow,moderate,29.015068,-30.494293
2348,4,2,2023-04-09 22:11:20,-48.2982,-9.9197,10.0,5.7,mww: 7,11.334,us: 5,southern Mid-Atlantic Ridge,earthquake: 0,1.697,0.068,21.0,us,us: 5,10-20 km: 1,shallow,moderate,57.754593,-25.80607
2349,4,2,2023-04-09 23:41:03,-3.4472,149.0847,10.0,5.8,mww: 7,6.22,us: 5,"213 km WSW of Kavieng, Papua New Guinea",earthquake: 0,1.817,0.061,26.0,us,us: 5,0-10 km: 0,shallow,moderate,39.568775,-33.317543
2350,4,2,2023-04-10 00:18:39,-3.4432,149.237,10.0,4.6,mb: 0,3.013,us: 5,"198 km WSW of Kavieng, Papua New Guinea",earthquake: 0,1.852,0.151,13.0,us,us: 5,0-10 km: 0,shallow,light,-5.4119134,-18.872652
2351,4,2,2023-04-10 00:26:57,-3.456,148.9947,10.0,4.8,mb: 0,3.245,us: 5,"222 km WSW of Kavieng, Papua New Guinea",earthquake: 0,1.884,0.109,26.0,us,us: 5,0-10 km: 0,shallow,light,-1.9040288,-12.159637
2352,4,2,2023-04-10 00:36:20,-9.6608,115.1234,62.275,5.0,mb: 0,1.523,us: 5,"95 km S of Nusa Dua, Indonesia",earthquake: 0,5.629,0.08,50.0,us,us: 5,0-10 km: 0,shallow,moderate,30.564053,30.476748
2353,4,2,2023-04-10 00:37:29,-9.5889,115.1162,58.547,5.1,mb: 0,1.464,us: 5,"88 km S of Nusa Dua, Indonesia",earthquake: 0,5.825,0.096,35.0,us,us: 5,0-10 km: 0,shallow,moderate,31.186714,29.436638
2354,4,2,2023-04-10 00:46:37,22.9943,94.8376,141.241,4.6,mb: 0,2.964,us: 5,"84 km SSE of Mawlaik, Myanmar",earthquake: 0,5.359,0.081,45.0,us,us: 5,0-10 km: 0,intermediate,light,14.559714,34.30301
2355,4,2,2023-04-10 00:54:56,9.1564,93.8198,10.0,4.6,mb: 0,2.7,us: 5,"Nicobar Islands, India region",earthquake: 0,1.729,0.152,13.0,us,us: 5,0-10 km: 0,shallow,light,-19.20778,-10.038713
2356,4,2,2023-04-10 01:05:48,-3.4792,148.9097,10.0,5.8,mww: 7,3.323,us: 5,Bismarck Sea,earthquake: 0,1.793,0.046,45.0,us,us: 5,0-10 km: 0,shallow,moderate,39.466904,-33.338844
2357,4,2,2023-04-10 01:09:05,-3.2619,148.7195,10.0,5.1,mb: 0,3.559,us: 5,"210 km SE of Lorengau, Papua New Guinea",earthquake: 0,1.818,0.06,89.0,us,us: 5,0-10 km: 0,shallow,moderate,9.3333,1.9041378
2358,4,2,2023-04-10 01:15:03,-3.4241,148.6906,10.0,4.7,mb: 0,3.548,us: 5,"220 km SE of Lorengau, Papua New Guinea",earthquake: 0,1.878,0.083,44.0,us,us: 5,0-10 km: 0,shallow,light,3.0005128,-7.5159082
2359,4,2,2023-04-10 05:34:22,12.5062,-87.6852,73.558,4.7,mb: 0,0.676,us: 5,near the coast of Nicaragua,earthquake: 0,5.77,0.027,407.0,us,us: 5,0-10 km: 0,intermediate,light,-16.672522,54.49995
2360,4,2,2023-04-10 07:05:43,-10.7936,164.6839,10.0,5.3,mww: 7,4.854,us: 5,"122 km W of Lata, Solomon Islands",earthquake: 0,1.777,0.066,22.0,us,us: 5,0-10 km: 0,shallow,moderate,40.42514,-27.287766
2361,4,2,2023-04-10 08:03:08,3.5634,128.6073,10.0,4.7,mb: 0,3.037,us: 5,"213 km NNE of Tobelo, Indonesia",earthquake: 0,1.888,0.085,46.0,us,us: 5,0-10 km: 0,shallow,light,-0.48053923,-5.568711
2362,4,2,2023-04-10 15:22:05,-48.1671,-9.9165,10.0,5.0,mb: 0,23.81,us: 5,southern Mid-Atlantic Ridge,earthquake: 0,1.836,0.085,44.0,us,us: 5,20-30 km: 2,shallow,moderate,-25.761574,-44.29282
2363,4,2,2023-04-10 15:26:20,-1.4169,86.6829,10.0,4.7,mb: 0,10.494,us: 5,South Indian Ocean,earthquake: 0,1.62,0.075,54.0,us,us: 5,10-20 km: 1,shallow,light,-0.024723703,-0.3411362
2364,4,2,2023-04-10 17:11:50,9.0663,93.9297,13.852,4.8,mb: 0,2.825,us: 5,"Nicobar Islands, India region",earthquake: 0,3.654,0.078,51.0,us,us: 5,0-10 km: 0,shallow,light,25.314978,24.010939
2365,4,2,2023-04-10 21:13:14,-6.4197,142.7477,10.0,5.0,mb: 0,4.382,us: 5,"67 km SSW of Tari, Papua New Guinea",earthquake: 0,1.763,0.054,110.0,us,us: 5,0-10 km: 0,shallow,moderate,10.401858,1.8667538
2366,4,2,2023-04-10 23:56:11,12.141,143.7389,30.67,4.7,mb: 0,1.813,us: 5,"160 km SW of Merizo Village, Guam",earthquake: 0,5.792,0.083,44.0,us,us: 5,0-10 km: 0,shallow,light,31.419096,26.424255
2367,4,2,2023-04-10 23:58:13,-15.1759,167.5134,128.481,5.1,mb: 0,0.403,us: 5,"49 km ESE of Port-Olry, Vanuatu",earthquake: 0,3.513,0.06,89.0,us,us: 5,0-10 km: 0,intermediate,moderate,33.64188,46.864243
2368,4,2,2023-04-11 06:58:07,3.8631,126.8212,40.692,4.6,mb: 0,3.119,us: 5,"227 km SE of Sarangani, Philippines",earthquake: 0,8.012,0.085,41.0,us,us: 5,0-10 km: 0,shallow,light,49.354618,22.199282
2369,4,2,2023-04-11 09:31:10,2.0579,126.5897,43.63,5.0,mb: 0,1.495,us: 5,Molucca Sea,earthquake: 0,5.253,0.043,173.0,us,us: 5,0-10 km: 0,shallow,moderate,22.025425,47.924107
2370,4,2,2023-04-11 10:40:42,-21.1133,169.8857,78.023,4.6,mb: 0,2.713,us: 5,"185 km SSE of Isangel, Vanuatu",earthquake: 0,7.438,0.137,16.0,us,us: 5,0-10 km: 0,intermediate,light,39.859764,21.267002
2371,4,2,2023-04-11 11:39:19,52.7915,158.276,114.206,4.9,mb: 0,0.324,us: 5,"17 km SSW of Vilyuchinsk, Russia",earthquake: 0,4.46,0.025,513.0,us,us: 5,0-10 km: 0,intermediate,light,-10.989624,54.12104
2372,4,2,2023-04-11 12:36:04,-5.9469,149.6833,37.145,5.6,mww: 7,2.839,us: 5,"32 km NNE of Kandrian, Papua New Guinea",earthquake: 0,4.642,0.058,29.0,us,us: 5,0-10 km: 0,shallow,moderate,35.066357,-23.217815
2373,4,2,2023-04-11 15:38:10,42.6258,143.6978,101.142,4.6,mb: 0,0.73,us: 5,"20 km S of Honchō, Japan",earthquake: 0,5.402,0.046,141.0,us,us: 5,0-10 km: 0,intermediate,light,4.162764,42.056713
2374,4,2,2023-04-11 16:41:01,-16.6742,167.5248,35.708,4.6,mb: 0,1.259,us: 5,"64 km S of Lakatoro, Vanuatu",earthquake: 0,5.791,0.085,42.0,us,us: 5,0-10 km: 0,shallow,light,35.697525,24.486296
2375,4,2,2023-04-11 21:02:16,28.7791,142.4821,10.0,4.6,mb: 0,4.892,us: 5,"Bonin Islands, Japan region",earthquake: 0,1.886,0.066,68.0,us,us: 5,0-10 km: 0,shallow,light,-10.914206,19.884172
2376,4,2,2023-04-11 22:44:38,-18.7093,169.1985,210.795,4.7,mb: 0,3.764,us: 5,"92 km N of Isangel, Vanuatu",earthquake: 0,6.056,0.063,80.0,us,us: 5,0-10 km: 0,intermediate,light,39.092766,43.217705
2377,4,2,2023-04-12 00:43:48,-32.8112,-179.076,35.0,5.0,mb: 0,3.674,us: 5,south of the Kermadec Islands,earthquake: 0,1.882,0.101,31.0,us,us: 5,0-10 km: 0,shallow,moderate,-67.381195,-14.310165
2378,4,2,2023-04-12 02:02:13,5.8532,126.7748,83.529,5.3,mww: 7,1.695,us: 5,"86 km SE of Pondaguitan, Philippines",earthquake: 0,4.024,0.055,32.0,us,us: 5,0-10 km: 0,intermediate,moderate,33.301907,-24.69652
2379,4,2,2023-04-12 02:19:16,-6.4137,-103.0874,10.0,4.8,mb: 0,13.987,us: 5,central East Pacific Rise,earthquake: 0,1.911,0.176,12.0,us,us: 5,10-20 km: 1,shallow,light,-30.386602,-12.263119
2380,4,2,2023-04-12 03:03:31,-6.0675,129.2177,238.114,4.8,mb: 0,1.68,us: 5,"286 km SSE of Ambon, Indonesia",earthquake: 0,3.742,0.049,129.0,us,us: 5,0-10 km: 0,intermediate,light,37.67467,46.034245
2381,4,2,2023-04-12 13:59:32,-1.2968,89.4654,10.0,5.0,mww: 7,8.511,us: 5,South Indian Ocean,earthquake: 0,1.846,0.098,10.0,us,us: 5,0-10 km: 0,shallow,moderate,29.64906,-28.469042
2382,4,2,2023-04-12 23:07:46,-6.425,130.9951,65.608,5.0,mb: 0,2.18,us: 5,"213 km WSW of Tual, Indonesia",earthquake: 0,5.097,0.067,70.0,us,us: 5,0-10 km: 0,shallow,moderate,31.763634,31.986427
2383,4,2,2023-04-13 01:50:27,-3.5321,145.0609,10.0,4.8,mb: 0,4.466,us: 5,"125 km ENE of Angoram, Papua New Guinea",earthquake: 0,1.858,0.068,68.0,us,us: 5,0-10 km: 0,shallow,light,7.6512814,-1.5990326
2384,4,2,2023-04-13 02:17:49,-3.4172,144.9075,10.0,4.9,mb: 0,6.355,us: 5,"117 km NE of Angoram, Papua New Guinea",earthquake: 0,1.84,0.077,53.0,us,us: 5,0-10 km: 0,shallow,light,5.051867,-2.4572325
2385,4,2,2023-04-13 02:46:32,-10.5099,124.281,10.0,4.6,mb: 0,0.75,us: 5,"71 km S of Soe, Indonesia",earthquake: 0,1.863,0.224,6.0,us,us: 5,0-10 km: 0,shallow,light,-13.76781,-25.35768
2386,4,2,2023-04-13 03:21:19,8.9297,93.8956,10.0,4.9,mww: 7,4.763,us: 5,"Nicobar Islands, India region",earthquake: 0,1.799,0.086,13.0,us,us: 5,0-10 km: 0,shallow,light,28.75723,-29.446419
2387,4,2,2023-04-13 17:20:20,24.0474,-108.9527,10.0,5.3,mww: 7,0.977,us: 5,"81 km NE of La Rivera, Mexico",earthquake: 0,1.705,0.055,32.0,us,us: 5,0-10 km: 0,shallow,moderate,51.36177,-51.04995
2388,4,2,2023-04-13 20:48:45,-6.9601,147.1283,10.0,4.8,mb: 0,2.429,us: 5,"eastern New Guinea region, Papua New Guinea",earthquake: 0,1.104,0.064,76.0,us,us: 5,0-10 km: 0,shallow,light,8.623822,-1.4939855
2389,4,2,2023-04-13 21:07:46,45.1088,150.5565,53.239,4.7,mb: 0,5.735,us: 5,"210 km E of Kuril’sk, Russia",earthquake: 0,6.807,0.043,166.0,us,us: 5,0-10 km: 0,shallow,light,3.3950896,40.98042
2390,4,2,2023-04-13 23:00:32,5.297,127.8771,10.0,4.7,mb: 0,2.885,us: 5,"221 km ESE of Pondaguitan, Philippines",earthquake: 0,1.838,0.054,106.0,us,us: 5,0-10 km: 0,shallow,light,4.6560135,6.192157
2391,4,2,2023-04-14 01:58:28,-12.6129,166.6387,10.0,4.8,mb: 0,2.87,us: 5,"171 km NW of Sola, Vanuatu",earthquake: 0,1.904,0.13,20.0,us,us: 5,0-10 km: 0,shallow,light,0.412591,-20.41114
2392,4,2,2023-04-14 09:55:45,-6.0413,112.0478,597.0,7.0,mww: 7,1.885,us: 5,"Java, Indonesia",earthquake: 0,1.944,0.055,32.0,us,us: 5,0-10 km: 0,deep,major,73.44491,1.6209941
2393,4,2,2023-04-14 10:37:54,-6.0524,113.0021,578.05,5.4,mb: 0,2.659,us: 5,"113 km NNE of Bangkalan, Indonesia",earthquake: 0,6.835,0.036,263.0,us,us: 5,0-10 km: 0,deep,moderate,0.99286103,60.278625
2394,4,2,2023-04-14 14:10:55,-5.5034,152.0751,56.156,5.4,mb: 0,1.306,us: 5,"New Britain region, Papua New Guinea",earthquake: 0,6.082,0.039,226.0,us,us: 5,0-10 km: 0,shallow,moderate,19.76186,50.778946
2395,4,2,2023-04-14 14:34:56,-10.7703,164.7459,10.0,4.6,mb: 0,4.907,us: 5,"115 km W of Lata, Solomon Islands",earthquake: 0,1.879,0.098,31.0,us,us: 5,0-10 km: 0,shallow,light,1.3251252,-12.452374
2396,4,2,2023-04-14 14:50:42,-10.7227,164.7682,10.0,4.9,mb: 0,4.916,us: 5,Santa Cruz Islands region,earthquake: 0,1.846,0.055,105.0,us,us: 5,0-10 km: 0,shallow,light,10.895498,0.5914942
2397,4,2,2023-04-14 18:09:25,-4.4712,143.21,85.775,5.1,mww: 7,3.168,us: 5,"New Guinea, Papua New Guinea",earthquake: 0,1.767,0.103,9.0,us,us: 5,0-10 km: 0,intermediate,moderate,38.751064,-23.389345
2398,4,2,2023-04-14 18:18:40,5.8734,125.7475,193.701,4.6,mb: 0,1.2,us: 5,"12 km ESE of Caburan, Philippines",earthquake: 0,3.902,0.041,191.0,us,us: 5,0-10 km: 0,intermediate,light,24.674559,51.427982
2399,4,2,2023-04-14 21:27:13,14.1529,-92.9659,35.0,4.6,mb: 0,3.102,us: 5,"85 km SW of Puerto Madero, Mexico",earthquake: 0,1.915,0.041,174.0,us,us: 5,0-10 km: 0,shallow,light,-25.297953,48.776035
2400,4,2,2023-04-14 22:37:49,14.6335,40.7493,10.0,4.6,mb: 0,3.7,us: 5,"128 km NW of Edd, Eritrea",earthquake: 0,1.829,0.065,71.0,us,us: 5,0-10 km: 0,shallow,light,-6.523864,6.330335
2401,4,2,2023-04-14 23:44:36,-5.3218,34.9162,10.0,4.9,mb: 0,4.289,us: 5,"26 km SE of Ikungi, Tanzania",earthquake: 0,1.838,0.063,80.0,us,us: 5,0-10 km: 0,shallow,light,-28.175655,2.6672149
2402,4,3,2023-04-15 02:17:34,-34.9787,-107.885,10.0,4.7,mb: 0,29.874,us: 5,southern East Pacific Rise,earthquake: 0,1.926,0.082,45.0,us,us: 5,20-30 km: 2,shallow,light,-32.639088,-31.956451
2403,4,3,2023-04-15 03:50:57,2.2187,-79.0054,10.0,4.6,mb: 0,0.933,us: 5,"43 km WNW of Salahonda, Colombia",earthquake: 0,1.812,0.086,40.0,us,us: 5,0-10 km: 0,shallow,light,-33.979546,-2.2833414
2404,4,3,2023-04-15 14:41:58,-33.7838,56.1243,10.0,4.8,mb: 0,11.852,us: 5,Southwest Indian Ridge,earthquake: 0,1.705,0.106,27.0,us,us: 5,10-20 km: 1,shallow,light,-19.552706,-39.104355
2405,4,3,2023-04-15 15:01:34,-33.7441,56.0663,10.0,5.9,mww: 7,11.79,us: 5,Southwest Indian Ridge,earthquake: 0,1.397,0.059,28.0,us,us: 5,10-20 km: 1,shallow,moderate,55.21928,-25.754683
2406,4,3,2023-04-15 15:07:07,-4.8305,102.9546,62.192,5.5,mww: 7,0.467,us: 5,"94 km SSW of Pagar Alam, Indonesia",earthquake: 0,3.977,0.073,18.0,us,us: 5,0-10 km: 0,shallow,moderate,33.747482,-23.638672
2407,4,3,2023-04-15 17:13:46,-23.5258,-179.7002,523.437,4.8,mb: 0,4.777,us: 5,south of the Fiji Islands,earthquake: 0,12.2,0.095,39.0,us,us: 5,0-10 km: 0,deep,light,-8.957495,76.49189
2408,4,3,2023-04-15 21:03:06,-33.897,56.5081,10.0,5.0,mb: 0,12.158,us: 5,Southwest Indian Ridge,earthquake: 0,1.638,0.083,47.0,us,us: 5,10-20 km: 1,shallow,moderate,-22.385118,-40.08728
2409,4,3,2023-04-15 21:35:33,17.9151,-76.4973,10.0,4.6,mwr: 6,1.034,us: 5,"Saint Thomas, Jamaica",earthquake: 0,1.81,0.069,20.0,us,us: 5,0-10 km: 0,shallow,light,55.53389,-51.802338
2410,4,3,2023-04-15 23:20:28,-6.8532,154.2479,10.0,4.7,mb: 0,3.361,us: 5,"149 km WSW of Panguna, Papua New Guinea",earthquake: 0,1.837,0.086,41.0,us,us: 5,0-10 km: 0,shallow,light,3.0033896,-7.9583178
2411,4,3,2023-04-16 03:53:09,27.4665,143.4449,14.898,4.8,mb: 0,1.181,us: 5,"Bonin Islands, Japan region",earthquake: 0,4.529,0.042,173.0,us,us: 5,0-10 km: 0,shallow,light,-0.7140541,38.621056
2412,4,3,2023-04-16 05:23:39,-31.3791,-179.4427,154.658,4.8,mb: 0,2.487,us: 5,Kermadec Islands region,earthquake: 0,6.236,0.056,99.0,us,us: 5,0-10 km: 0,intermediate,light,-51.323162,-2.6046937
2413,4,3,2023-04-16 09:49:50,17.8047,-61.4915,25.518,5.2,mww: 7,0.311,us: 5,"39 km ENE of Codrington, Antigua and Barbuda",earthquake: 0,3.917,0.069,20.0,us,us: 5,0-10 km: 0,shallow,moderate,54.183685,-49.27578
2414,4,3,2023-04-16 11:11:37,25.8585,125.4371,10.0,4.6,mb: 0,2.598,us: 5,"117 km N of Hirara, Japan",earthquake: 0,1.888,0.116,22.0,us,us: 5,0-10 km: 0,shallow,light,-16.178755,6.4276104
2415,4,3,2023-04-16 22:46:21,-56.0566,-27.437,104.027,4.7,mb: 0,5.484,us: 5,South Sandwich Islands region,earthquake: 0,10.909,0.12,21.0,us,us: 5,0-10 km: 0,intermediate,light,-30.95984,-55.25425
2416,4,3,2023-04-17 01:18:36,-56.0156,-27.7192,115.714,4.7,mb: 0,5.32,us: 5,South Sandwich Islands region,earthquake: 0,6.07,0.101,30.0,us,us: 5,0-10 km: 0,intermediate,light,-32.44223,-52.915344
2417,4,3,2023-04-17 04:00:01,-17.798,167.4302,10.0,4.7,mb: 0,2.348,us: 5,"93 km W of Port-Vila, Vanuatu",earthquake: 0,1.859,0.08,47.0,us,us: 5,0-10 km: 0,shallow,light,8.472858,-10.882767
2418,4,3,2023-04-17 04:38:30,-8.2065,107.8663,54.354,4.7,mb: 0,0.77,us: 5,"98 km SSW of Singaparna, Indonesia",earthquake: 0,5.666,0.061,81.0,us,us: 5,0-10 km: 0,shallow,light,32.153255,37.62443
2419,4,3,2023-04-17 07:58:19,-6.0145,111.8376,601.332,4.7,mb: 0,1.727,us: 5,"86 km NNE of Lasem, Indonesia",earthquake: 0,7.598,0.052,112.0,us,us: 5,0-10 km: 0,deep,light,3.4026875,61.412155
2420,4,3,2023-04-17 09:02:57,-18.0667,120.2546,10.0,4.9,mb: 0,3.116,us: 5,"207 km W of Cable Beach, Australia",earthquake: 0,1.829,0.102,30.0,us,us: 5,0-10 km: 0,shallow,light,4.1833076,-12.456889
2421,4,3,2023-04-17 11:01:33,-31.7726,-178.8645,10.0,5.2,mb: 0,2.632,us: 5,Kermadec Islands region,earthquake: 0,1.852,0.06,92.0,us,us: 5,0-10 km: 0,shallow,moderate,-64.83528,-3.519125
2422,4,3,2023-04-17 11:05:55,-4.8734,102.9421,62.556,5.1,mww: 7,0.51,us: 5,"99 km SSW of Pagar Alam, Indonesia",earthquake: 0,4.621,0.086,13.0,us,us: 5,0-10 km: 0,shallow,moderate,28.513378,-20.39041
2423,4,3,2023-04-17 11:42:15,-31.7966,-178.869,10.0,4.9,mb: 0,2.656,us: 5,Kermadec Islands region,earthquake: 0,1.845,0.091,38.0,us,us: 5,0-10 km: 0,shallow,light,-66.24229,-9.327124
2424,4,3,2023-04-17 11:49:26,-17.6209,168.0817,34.736,4.7,mb: 0,2.32,us: 5,"27 km WNW of Port-Vila, Vanuatu",earthquake: 0,5.372,0.11,25.0,us,us: 5,0-10 km: 0,shallow,light,36.221516,22.688833
2425,4,3,2023-04-17 13:26:33,-31.8271,-178.8268,10.0,5.1,mb: 0,2.674,us: 5,Kermadec Islands region,earthquake: 0,1.767,0.084,46.0,us,us: 5,0-10 km: 0,shallow,moderate,-66.65061,-8.091129
2426,4,3,2023-04-17 13:58:20,-22.3372,171.2804,107.221,4.8,mb: 0,3.557,us: 5,southeast of the Loyalty Islands,earthquake: 0,5.42,0.078,51.0,us,us: 5,0-10 km: 0,intermediate,light,39.047565,36.655132
2427,4,3,2023-04-17 16:18:26,-31.8255,-178.7321,10.0,4.7,mb: 0,2.649,us: 5,Kermadec Islands region,earthquake: 0,1.845,0.153,13.0,us,us: 5,0-10 km: 0,shallow,light,-59.67711,-25.729183
2428,4,3,2023-04-17 19:12:25,-6.3759,150.8769,10.0,4.9,mb: 0,2.52,us: 5,"New Britain region, Papua New Guinea",earthquake: 0,1.798,0.058,94.0,us,us: 5,0-10 km: 0,shallow,light,9.834309,0.55990237
2429,4,3,2023-04-17 19:57:21,-31.849,-178.9512,11.264,5.4,mww: 7,2.728,us: 5,Kermadec Islands region,earthquake: 0,2.707,0.062,25.0,us,us: 5,0-10 km: 0,shallow,moderate,65.85359,-34.420586
2430,4,3,2023-04-17 19:59:13,-31.6899,-179.1321,8.012,4.7,mb: 0,2.636,us: 5,Kermadec Islands region,earthquake: 0,3.916,0.11,27.0,us,us: 5,0-10 km: 0,shallow,light,-55.752438,-13.068451
2431,4,3,2023-04-17 20:06:30,-4.4637,143.176,89.532,4.9,mb: 0,3.136,us: 5,"48 km SE of Ambunti, Papua New Guinea",earthquake: 0,4.781,0.064,75.0,us,us: 5,0-10 km: 0,intermediate,light,34.63788,39.62094
2432,4,3,2023-04-17 21:36:31,-31.7052,-178.9145,10.0,4.9,mb: 0,2.582,us: 5,Kermadec Islands region,earthquake: 0,1.533,0.12,22.0,us,us: 5,0-10 km: 0,shallow,light,-66.615074,-17.762547
2433,4,3,2023-04-18 01:09:18,-31.7611,-178.8956,10.0,4.7,mb: 0,2.629,us: 5,Kermadec Islands region,earthquake: 0,1.832,0.195,8.0,us,us: 5,0-10 km: 0,shallow,light,-53.147396,-27.678484
2434,4,3,2023-04-18 01:10:25,-31.7794,-178.9184,10.0,5.0,mb: 0,2.653,us: 5,Kermadec Islands region,earthquake: 0,1.773,0.118,23.0,us,us: 5,0-10 km: 0,shallow,moderate,-67.13278,-17.354513
2435,4,3,2023-04-18 02:40:52,54.165,159.8676,108.0,5.6,mww: 7,1.355,us: 5,"100 km SE of Mil’kovo, Russia",earthquake: 0,1.846,0.049,40.0,us,us: 5,0-10 km: 0,intermediate,moderate,33.945927,-42.78469
2436,4,3,2023-04-18 10:09:58,-18.344,167.4292,10.0,4.9,mb: 0,3.69,us: 5,"115 km SW of Port-Vila, Vanuatu",earthquake: 0,1.873,0.104,29.0,us,us: 5,0-10 km: 0,shallow,light,6.585565,-16.624393
2437,4,3,2023-04-18 15:49:09,-19.4826,-175.9279,208.151,4.6,mb: 0,1.526,us: 5,"169 km WNW of Pangai, Tonga",earthquake: 0,6.347,0.084,42.0,us,us: 5,0-10 km: 0,intermediate,light,-49.435837,-4.3168406
2438,4,3,2023-04-18 16:51:04,-7.5066,156.0577,70.894,4.9,mb: 0,4.3,us: 5,"108 km NW of Gizo, Solomon Islands",earthquake: 0,5.203,0.081,48.0,us,us: 5,0-10 km: 0,intermediate,light,32.691345,31.285053
2439,4,3,2023-04-18 20:07:51,-31.7362,-178.7174,10.0,4.9,mb: 0,2.56,us: 5,Kermadec Islands region,earthquake: 0,1.828,0.119,22.0,us,us: 5,0-10 km: 0,shallow,light,-66.58257,-17.649345
2440,4,3,2023-04-19 04:55:28,17.2744,-101.0622,21.079,5.2,mww: 7,0.507,us: 5,"6 km SSW of Papanoa, Mexico",earthquake: 0,3.559,0.043,52.0,us,us: 5,0-10 km: 0,shallow,moderate,53.078506,-49.47093
2441,4,3,2023-04-19 07:11:54,31.7002,140.762,86.596,4.6,mb: 0,1.623,us: 5,"Izu Islands, Japan region",earthquake: 0,4.703,0.053,105.0,us,us: 5,0-10 km: 0,intermediate,light,9.134735,36.20362
2442,4,3,2023-04-19 09:06:03,-5.9496,149.635,40.0,6.3,mww: 7,3.065,us: 5,"30 km NNE of Kandrian, Papua New Guinea",earthquake: 0,1.943,0.043,53.0,us,us: 5,0-10 km: 0,shallow,strong,40.94497,-37.230736
2443,4,3,2023-04-19 14:06:17,-3.9924,100.315,10.0,4.9,mb: 0,2.659,us: 5,"Kepulauan Mentawai region, Indonesia",earthquake: 0,1.805,0.067,72.0,us,us: 5,0-10 km: 0,shallow,light,7.2130814,0.20922709
2444,4,3,2023-04-19 19:16:04,51.5116,159.7468,10.0,5.1,mb: 0,1.657,us: 5,"off the east coast of the Kamchatka Peninsula, Russia",earthquake: 0,1.799,0.041,192.0,us,us: 5,0-10 km: 0,shallow,moderate,-6.995971,35.889294
2445,4,3,2023-04-20 00:14:52,-18.3857,167.5186,10.0,4.6,mb: 0,3.733,us: 5,"110 km SW of Port-Vila, Vanuatu",earthquake: 0,1.911,0.146,14.0,us,us: 5,0-10 km: 0,shallow,light,-3.3012662,-23.908623
2446,4,3,2023-04-20 07:46:29,0.1413,123.574,147.691,4.7,mb: 0,1.423,us: 5,"71 km SE of Gorontalo, Indonesia",earthquake: 0,3.686,0.041,181.0,us,us: 5,0-10 km: 0,intermediate,light,24.465982,51.035084
2447,4,3,2023-04-20 10:55:31,2.7147,-84.395,10.0,5.4,mww: 7,5.479,us: 5,off the coast of Central America,earthquake: 0,1.708,0.037,70.0,us,us: 5,0-10 km: 0,shallow,moderate,49.57694,-50.32067
2448,4,3,2023-04-20 13:55:54,-20.0765,-174.705,80.236,4.9,mb: 0,0.417,us: 5,"46 km SW of Pangai, Tonga",earthquake: 0,5.833,0.037,226.0,us,us: 5,0-10 km: 0,intermediate,light,-57.558918,1.2156055
2449,4,3,2023-04-20 14:50:24,30.6127,132.3939,10.0,4.6,mb: 0,1.89,us: 5,"134 km E of Nishinoomote, Japan",earthquake: 0,1.864,0.074,57.0,us,us: 5,0-10 km: 0,shallow,light,-11.576909,17.984314
2450,4,3,2023-04-20 15:00:00,13.7375,-91.3652,57.34,4.8,mb: 0,1.549,us: 5,"50 km SW of La Gomera, Guatemala",earthquake: 0,5.634,0.027,425.0,us,us: 5,0-10 km: 0,shallow,light,-16.256853,54.528183
2451,4,3,2023-04-20 18:25:57,30.6226,132.4145,16.679,4.7,mb: 0,1.901,us: 5,"136 km E of Nishinoomote, Japan",earthquake: 0,2.826,0.048,132.0,us,us: 5,0-10 km: 0,shallow,light,-8.647515,30.697973
2452,4,3,2023-04-20 20:03:27,-14.6164,-175.6308,10.0,4.8,mb: 0,2.432,us: 5,"158 km SSE of Mata-Utu, Wallis and Futuna",earthquake: 0,1.831,0.065,74.0,us,us: 5,0-10 km: 0,shallow,light,-63.115875,-5.8029323
2453,4,3,2023-04-21 03:28:25,-41.245,-88.9389,10.0,4.7,mb: 0,13.416,us: 5,West Chile Rise,earthquake: 0,1.878,0.066,69.0,us,us: 5,10-20 km: 1,shallow,light,-31.603191,-30.90308
2454,4,3,2023-04-21 05:01:56,-35.4095,-179.1384,10.0,4.8,mb: 0,2.976,us: 5,east of the North Island of New Zealand,earthquake: 0,1.946,0.168,11.0,us,us: 5,0-10 km: 0,shallow,light,-56.617004,-27.237122
2455,4,3,2023-04-21 06:18:16,-18.4978,-174.698,117.422,5.2,mww: 7,0.679,us: 5,"77 km WNW of Neiafu, Tonga",earthquake: 0,5.855,0.089,12.0,us,us: 5,0-10 km: 0,intermediate,moderate,67.208664,-38.5782
2456,4,3,2023-04-21 06:18:36,-28.9357,75.1295,10.0,4.9,mb: 0,14.075,us: 5,Mid-Indian Ridge,earthquake: 0,1.927,0.119,22.0,us,us: 5,10-20 km: 1,shallow,light,-17.941673,-39.418198
2457,4,3,2023-04-21 07:19:49,26.806,141.4023,56.229,4.6,mb: 0,0.755,us: 5,"Bonin Islands, Japan region",earthquake: 0,8.047,0.084,42.0,us,us: 5,0-10 km: 0,shallow,light,13.545659,31.58074
2458,4,3,2023-04-21 09:06:32,-38.5547,78.1488,10.0,5.7,mww: 7,0.884,us: 5,Mid-Indian Ridge,earthquake: 0,1.852,0.065,23.0,us,us: 5,0-10 km: 0,shallow,moderate,54.98297,-25.734577
2459,4,3,2023-04-21 11:16:00,2.8167,127.1418,48.8,4.8,mb: 0,2.044,us: 5,"154 km NW of Tobelo, Indonesia",earthquake: 0,6.739,0.072,60.0,us,us: 5,0-10 km: 0,shallow,light,30.038177,36.570457
2460,4,3,2023-04-21 15:02:56,-6.303,146.4413,89.207,5.0,mb: 0,3.163,us: 5,"63 km E of Kainantu, Papua New Guinea",earthquake: 0,10.584,0.04,195.0,us,us: 5,0-10 km: 0,intermediate,moderate,24.240313,48.307087
2461,4,3,2023-04-21 18:17:10,52.4142,-175.8409,170.617,4.7,mb: 0,0.347,us: 5,"81 km NE of Adak, Alaska",earthquake: 0,3.464,0.029,366.0,us,us: 5,0-10 km: 0,intermediate,light,-16.816242,51.043705
2462,4,3,2023-04-21 22:19:48,35.0264,15.2188,13.812,5.5,mww: 7,0.988,us: 5,"108 km SE of Birżebbuġa, Malta",earthquake: 0,3.12,0.035,78.0,us,us: 5,0-10 km: 0,shallow,moderate,23.363697,-58.005905
2463,4,3,2023-04-21 23:10:40,-5.0803,-77.3303,37.683,5.0,mww: 7,3.125,us: 5,northern Peru,earthquake: 0,4.877,0.093,11.0,us,us: 5,0-10 km: 0,shallow,moderate,59.496063,-48.49086
2464,4,3,2023-04-21 23:46:58,30.6799,132.3499,10.0,4.6,mb: 0,1.825,us: 5,"129 km E of Nishinoomote, Japan",earthquake: 0,1.83,0.056,95.0,us,us: 5,0-10 km: 0,shallow,light,-9.800971,23.261713
2465,4,4,2023-04-22 01:06:06,9.7109,126.0724,56.614,4.9,mb: 0,2.669,us: 5,"5 km SSE of Dapa, Philippines",earthquake: 0,5.83,0.046,154.0,us,us: 5,0-10 km: 0,shallow,light,23.264585,47.072887
2466,4,4,2023-04-22 01:33:40,30.6207,132.4116,13.425,4.8,mb: 0,1.9,us: 5,"southeast of Shikoku, Japan",earthquake: 0,4.115,0.066,72.0,us,us: 5,0-10 km: 0,shallow,light,6.6817045,29.130117
2467,4,4,2023-04-22 04:23:01,-22.6563,173.2234,10.0,4.6,mb: 0,5.337,us: 5,southeast of the Loyalty Islands,earthquake: 0,1.884,0.126,21.0,us,us: 5,0-10 km: 0,shallow,light,1.5034146,-22.435951
2468,4,4,2023-04-22 04:23:47,-23.2695,-179.7497,543.7,4.7,mb: 0,4.702,us: 5,south of the Fiji Islands,earthquake: 0,11.676,0.108,26.0,us,us: 5,0-10 km: 0,deep,light,-8.592294,76.53546
2469,4,4,2023-04-22 06:05:14,-22.2638,-179.5454,573.161,4.7,mb: 0,4.181,us: 5,south of the Fiji Islands,earthquake: 0,8.097,0.047,135.0,us,us: 5,0-10 km: 0,deep,light,-9.944975,69.78137
2470,4,4,2023-04-22 08:23:42,-5.2611,125.585,4.0,6.2,mww: 7,4.366,us: 5,Banda Sea,earthquake: 0,1.838,0.052,35.0,us,us: 5,0-10 km: 0,shallow,strong,40.322567,-36.624863
2471,4,4,2023-04-22 08:38:04,38.2675,24.3226,10.0,4.6,mwr: 6,1.728,us: 5,Aegean Sea,earthquake: 0,1.656,0.056,31.0,us,us: 5,0-10 km: 0,shallow,light,13.26994,-57.80739
2472,4,4,2023-04-22 09:15:53,-5.3494,125.6371,13.712,5.5,mww: 7,4.33,us: 5,Banda Sea,earthquake: 0,4.171,0.052,35.0,us,us: 5,0-10 km: 0,shallow,moderate,35.21105,-24.130674
2473,4,4,2023-04-22 10:15:15,-2.0062,125.9262,10.0,4.9,mb: 0,3.113,us: 5,"8 km NW of Sanana, Indonesia",earthquake: 0,1.864,0.061,88.0,us,us: 5,0-10 km: 0,shallow,light,8.036739,1.0839686
2474,4,4,2023-04-22 11:14:58,14.4872,118.6504,10.0,4.9,mb: 0,8.6,us: 5,"161 km WSW of San Nicolas, Philippines",earthquake: 0,1.843,0.045,161.0,us,us: 5,0-10 km: 0,shallow,light,-11.75883,34.062805
2475,4,4,2023-04-22 12:02:16,7.5574,-34.5218,10.0,4.6,mb: 0,12.988,us: 5,central Mid-Atlantic Ridge,earthquake: 0,1.916,0.077,57.0,us,us: 5,10-20 km: 1,shallow,light,-32.772106,0.25667593
2476,4,4,2023-04-22 12:54:50,50.7334,-174.5119,10.0,4.6,mb: 0,1.536,us: 5,"164 km S of Atka, Alaska",earthquake: 0,1.856,0.032,285.0,us,us: 5,0-10 km: 0,shallow,light,-18.262764,49.15785
2477,4,4,2023-04-22 16:17:42,-35.2895,-104.3709,10.0,5.5,mww: 7,21.109,us: 5,southeast of Easter Island,earthquake: 0,1.859,0.069,20.0,us,us: 5,20-30 km: 2,shallow,moderate,61.624027,-29.673447
2478,4,4,2023-04-22 21:17:47,-0.9402,98.4892,20.0,5.7,mww: 7,2.409,us: 5,"171 km NW of Tuapejat, Indonesia",earthquake: 0,1.757,0.06,27.0,us,us: 5,0-10 km: 0,shallow,moderate,37.966713,-32.877625
2479,4,4,2023-04-22 21:20:55,-0.8598,98.5035,22.72,5.2,mb: 0,2.341,us: 5,"Kepulauan Batu, Indonesia",earthquake: 0,5.524,0.115,25.0,us,us: 5,0-10 km: 0,shallow,moderate,30.525726,28.242266
2480,4,4,2023-04-22 21:36:36,-56.4144,-141.5486,10.0,5.0,mb: 0,33.744,us: 5,Pacific-Antarctic Ridge,earthquake: 0,1.659,0.105,29.0,us,us: 5,30-40 km: 3,shallow,moderate,-37.640022,-34.89237
2481,4,4,2023-04-22 22:23:56,-0.8863,98.7009,22.933,4.6,mb: 0,2.449,us: 5,"160 km NW of Tuapejat, Indonesia",earthquake: 0,4.075,0.075,53.0,us,us: 5,0-10 km: 0,shallow,light,26.718477,24.352957
2482,4,4,2023-04-22 23:11:15,-1.0392,98.3974,16.274,4.7,mb: 0,2.468,us: 5,"Kepulauan Mentawai region, Indonesia",earthquake: 0,4.129,0.087,40.0,us,us: 5,0-10 km: 0,shallow,light,27.159756,23.768873
2483,4,4,2023-04-22 23:33:52,-0.8016,98.6029,18.401,5.2,mww: 7,2.33,us: 5,"170 km W of Pariaman, Indonesia",earthquake: 0,3.561,0.093,11.0,us,us: 5,0-10 km: 0,shallow,moderate,28.841255,-24.477676
2484,4,4,2023-04-23 02:28:40,-20.7399,-173.7494,10.0,5.1,mb: 0,1.071,us: 5,"120 km SSE of Pangai, Tonga",earthquake: 0,1.798,0.13,19.0,us,us: 5,0-10 km: 0,shallow,moderate,-68.36983,-16.876314
2485,4,4,2023-04-23 02:34:12,2.7519,127.1388,52.985,4.6,mb: 0,1.98,us: 5,"148 km NW of Tobelo, Indonesia",earthquake: 0,6.867,0.107,27.0,us,us: 5,0-10 km: 0,shallow,light,45.461464,20.061928
2486,4,4,2023-04-23 03:47:09,-29.2538,-177.0885,44.257,5.1,mb: 0,0.727,us: 5,"Kermadec Islands, New Zealand",earthquake: 0,6.357,0.124,22.0,us,us: 5,0-10 km: 0,shallow,moderate,-52.888237,-11.744445
2487,4,4,2023-04-23 09:19:20,17.52,122.3026,36.524,5.3,mww: 7,5.918,us: 5,"48 km ESE of Lapi, Philippines",earthquake: 0,5.088,0.055,32.0,us,us: 5,0-10 km: 0,shallow,moderate,23.517712,-37.535255
2488,4,4,2023-04-23 09:21:42,17.5415,122.3079,10.334,4.9,mb: 0,5.898,us: 5,"47 km ESE of Lapi, Philippines",earthquake: 0,4.652,0.083,45.0,us,us: 5,0-10 km: 0,shallow,light,9.76458,25.841476
2489,4,4,2023-04-23 12:19:28,-4.3903,143.1097,85.816,4.8,mb: 0,6.401,us: 5,"37 km ESE of Ambunti, Papua New Guinea",earthquake: 0,7.928,0.088,40.0,us,us: 5,0-10 km: 0,intermediate,light,42.02691,28.36467
2490,4,4,2023-04-23 16:23:18,14.2645,118.9138,10.0,5.3,mww: 7,9.167,us: 5,"129 km WNW of Cabra, Philippines",earthquake: 0,1.849,0.059,28.0,us,us: 5,0-10 km: 0,shallow,moderate,33.284256,-32.24133
2491,4,4,2023-04-23 16:24:12,-29.4831,-177.1487,45.801,5.0,mb: 0,0.709,us: 5,"Kermadec Islands, New Zealand",earthquake: 0,5.719,0.082,47.0,us,us: 5,0-10 km: 0,shallow,moderate,-55.002518,-7.220166
2492,4,4,2023-04-23 16:27:48,30.3208,70.9766,10.0,4.8,mb: 0,3.849,us: 5,"16 km S of Kot Addu, Pakistan",earthquake: 0,1.906,0.088,40.0,us,us: 5,0-10 km: 0,shallow,light,-19.54203,17.69205
2493,4,4,2023-04-23 16:31:39,-29.591,-176.7489,25.728,4.6,mb: 0,1.073,us: 5,Kermadec Islands region,earthquake: 0,5.294,0.207,11.0,us,us: 5,0-10 km: 0,shallow,light,-48.781605,-19.623604
2494,4,4,2023-04-23 21:28:31,3.3968,126.6947,35.0,4.6,mb: 0,2.693,us: 5,"235 km NW of Tobelo, Indonesia",earthquake: 0,1.753,0.097,35.0,us,us: 5,0-10 km: 0,shallow,light,-3.6094947,-5.782998
2495,4,4,2023-04-23 23:39:29,-59.5662,-26.4452,76.656,5.4,mww: 7,7.626,us: 5,South Sandwich Islands region,earthquake: 0,3.435,0.098,10.0,us,us: 5,0-10 km: 0,intermediate,moderate,59.848755,-23.535494
2496,4,4,2023-04-24 00:41:55,-29.9574,-177.8386,46.755,7.1,mww: 7,0.697,us: 5,"Kermadec Islands, New Zealand",earthquake: 0,3.078,0.048,42.0,us,us: 5,0-10 km: 0,shallow,major,58.050724,-34.342777
2497,4,4,2023-04-24 01:02:41,-29.9298,-177.9885,8.975,4.8,mb: 0,0.668,us: 5,"Kermadec Islands, New Zealand",earthquake: 0,4.95,0.143,15.0,us,us: 5,0-10 km: 0,shallow,light,-53.426636,-14.614771
2498,4,4,2023-04-24 01:51:50,-29.858,-177.5254,35.0,5.2,mb: 0,0.686,us: 5,"Kermadec Islands, New Zealand",earthquake: 0,1.811,0.064,80.0,us,us: 5,0-10 km: 0,shallow,moderate,-65.091385,-3.9353356
2499,4,4,2023-04-24 02:17:56,-60.4609,-26.2305,10.0,5.6,mb: 0,17.713,us: 5,South Sandwich Islands region,earthquake: 0,1.58,0.053,126.0,us,us: 5,10-20 km: 1,shallow,moderate,-24.540817,-48.810497
2500,4,4,2023-04-24 03:56:28,-33.6233,-72.0504,22.643,4.7,mwr: 6,0.365,us: 5,"41 km W of San Antonio, Chile",earthquake: 0,3.879,0.037,71.0,us,us: 5,0-10 km: 0,shallow,light,65.02183,-44.798138
2501,4,4,2023-04-24 04:37:31,0.0779,-17.2253,10.0,4.8,mb: 0,8.455,us: 5,north of Ascension Island,earthquake: 0,1.868,0.071,61.0,us,us: 5,0-10 km: 0,shallow,light,-32.0439,1.324188
2502,4,4,2023-04-24 04:49:30,-29.9608,-177.6653,35.0,4.6,mb: 0,0.731,us: 5,"Kermadec Islands, New Zealand",earthquake: 0,1.893,0.165,11.0,us,us: 5,0-10 km: 0,shallow,light,-58.16191,-26.782938
2503,4,4,2023-04-24 05:40:54,-29.8883,-177.7585,44.898,4.6,mb: 0,0.64,us: 5,"Kermadec Islands, New Zealand",earthquake: 0,8.244,0.111,24.0,us,us: 5,0-10 km: 0,shallow,light,-51.33995,-11.501146
2504,4,4,2023-04-24 05:50:21,13.128,122.7033,10.0,4.6,mb: 0,6.652,us: 5,"10 km SE of Talisay, Philippines",earthquake: 0,1.85,0.091,37.0,us,us: 5,0-10 km: 0,shallow,light,-5.397933,-1.7471772
2505,4,4,2023-04-24 06:51:12,3.4531,-102.0506,10.0,4.6,mb: 0,12.453,us: 5,Galapagos Triple Junction region,earthquake: 0,1.912,0.039,197.0,us,us: 5,10-20 km: 1,shallow,light,-24.475183,48.473396
2506,4,4,2023-04-24 07:12:20,-29.641,-176.9765,32.444,4.7,mb: 0,0.906,us: 5,Kermadec Islands region,earthquake: 0,8.101,0.153,13.0,us,us: 5,0-10 km: 0,shallow,light,-50.034912,-15.100023
2507,4,4,2023-04-24 07:28:40,-29.3781,-177.3092,52.384,4.9,mb: 0,0.546,us: 5,"Kermadec Islands, New Zealand",earthquake: 0,5.493,0.155,13.0,us,us: 5,0-10 km: 0,shallow,light,-52.04233,-15.865603
2508,4,4,2023-04-24 09:26:00,-30.1806,-177.5685,35.0,5.0,mb: 0,0.965,us: 5,"Kermadec Islands, New Zealand",earthquake: 0,1.839,0.081,75.0,us,us: 5,0-10 km: 0,shallow,moderate,-65.88576,-6.4567432
2509,4,4,2023-04-24 09:32:10,9.2801,125.406,26.313,5.2,mww: 7,2.203,us: 5,"13 km WSW of Jabonga, Philippines",earthquake: 0,3.028,0.093,11.0,us,us: 5,0-10 km: 0,shallow,moderate,28.495256,-25.869005
2510,4,4,2023-04-24 10:58:31,9.3625,93.8685,10.0,5.0,mb: 0,5.118,us: 5,"Nicobar Islands, India region",earthquake: 0,1.77,0.078,53.0,us,us: 5,0-10 km: 0,shallow,moderate,-1.9928929,5.6655173
2511,4,4,2023-04-24 11:35:44,-4.889,102.968,66.805,4.7,mb: 0,0.525,us: 5,"100 km SSW of Pagar Alam, Indonesia",earthquake: 0,5.169,0.074,55.0,us,us: 5,0-10 km: 0,shallow,light,30.482033,32.191326
2512,4,4,2023-04-24 13:17:29,-29.8437,-177.469,42.206,4.6,mb: 0,0.7,us: 5,"Kermadec Islands, New Zealand",earthquake: 0,7.957,0.206,7.0,us,us: 5,0-10 km: 0,shallow,light,-48.470222,-18.246542
2513,4,4,2023-04-24 13:38:38,10.6549,-62.2962,89.96,4.6,mb: 0,1.598,us: 5,near the coast of Venezuela,earthquake: 0,7.16,0.077,50.0,us,us: 5,0-10 km: 0,intermediate,light,-44.941765,3.1282382
2514,4,4,2023-04-24 16:26:35,-29.9967,-177.5014,35.0,5.0,mb: 0,0.818,us: 5,"Kermadec Islands, New Zealand",earthquake: 0,1.867,0.087,42.0,us,us: 5,0-10 km: 0,shallow,moderate,-66.55397,-8.567368
2515,4,4,2023-04-24 16:33:47,-4.388,143.2177,95.589,4.9,mb: 0,3.124,us: 5,"48 km ESE of Ambunti, Papua New Guinea",earthquake: 0,5.495,0.074,58.0,us,us: 5,0-10 km: 0,intermediate,light,35.912266,38.563587
2516,4,4,2023-04-24 20:00:57,-0.8082,98.5112,34.0,7.1,mww: 7,2.297,us: 5,"171 km SSE of Teluk Dalam, Indonesia",earthquake: 0,1.785,0.062,25.0,us,us: 5,0-10 km: 0,shallow,major,41.839085,-39.424156
2517,4,4,2023-04-24 21:02:43,-16.0142,-174.7258,10.506,4.8,mb: 0,2.71,us: 5,Tonga,earthquake: 0,3.71,0.107,27.0,us,us: 5,0-10 km: 0,shallow,light,-56.156178,-11.683006
2518,4,4,2023-04-24 22:19:15,-0.9345,98.5221,21.352,5.0,mb: 0,2.416,us: 5,"169 km NW of Tuapejat, Indonesia",earthquake: 0,4.221,0.06,89.0,us,us: 5,0-10 km: 0,shallow,moderate,20.617113,35.25892
2519,4,4,2023-04-24 22:22:32,23.1957,142.607,10.0,4.6,mb: 0,3.902,us: 5,"Volcano Islands, Japan region",earthquake: 0,1.888,0.151,13.0,us,us: 5,0-10 km: 0,shallow,light,-16.90593,-9.200232
2520,4,4,2023-04-24 23:20:38,6.1864,126.8864,118.34,4.8,mb: 0,1.567,us: 5,"Mindanao, Philippines",earthquake: 0,6.261,0.058,93.0,us,us: 5,0-10 km: 0,intermediate,light,31.2032,42.996166
2521,4,4,2023-04-25 03:17:36,-30.31,-177.2566,23.947,4.7,mb: 0,1.193,us: 5,"Kermadec Islands, New Zealand",earthquake: 0,4.834,0.246,5.0,us,us: 5,0-10 km: 0,shallow,light,-49.300446,-25.403952
2522,4,4,2023-04-25 04:44:25,-12.2453,166.9815,223.364,4.6,mb: 0,12.01,us: 5,"190 km NNW of Sola, Vanuatu",earthquake: 0,5.957,0.042,170.0,us,us: 5,10-20 km: 1,intermediate,light,36.952206,46.669518
2523,4,4,2023-04-25 05:36:00,-2.8231,-79.8374,68.886,5.2,mww: 7,0.756,us: 5,"10 km NNW of Baláo, Ecuador",earthquake: 0,5.802,0.098,10.0,us,us: 5,0-10 km: 0,shallow,moderate,59.55993,-47.885082
2524,4,4,2023-04-25 11:12:24,-41.3592,-86.1327,10.0,5.6,mww: 7,9.517,us: 5,West Chile Rise,earthquake: 0,1.864,0.073,18.0,us,us: 5,0-10 km: 0,shallow,moderate,61.596893,-29.208538
2525,4,4,2023-04-25 15:34:30,34.5245,122.5924,10.0,4.8,mb: 0,4.311,us: 5,"230 km ENE of Hede, China",earthquake: 0,1.841,0.058,93.0,us,us: 5,0-10 km: 0,shallow,light,-10.197298,25.590048
2526,4,4,2023-04-25 18:55:46,-4.0017,134.092,24.048,4.7,mb: 0,2.131,us: 5,"171 km WSW of Nabire, Indonesia",earthquake: 0,4.623,0.063,84.0,us,us: 5,0-10 km: 0,shallow,light,22.963594,32.78139
2527,4,4,2023-04-25 22:16:14,-40.2601,176.5323,21.638,5.4,mww: 7,0.472,us: 5,"37 km E of Dannevirke, New Zealand",earthquake: 0,2.074,0.083,14.0,us,us: 5,0-10 km: 0,shallow,moderate,48.09239,-24.05909
2528,4,4,2023-04-25 22:19:01,-40.3152,176.5877,20.171,5.3,mb: 0,0.448,us: 5,North Island of New Zealand,earthquake: 0,3.184,0.073,63.0,us,us: 5,0-10 km: 0,shallow,moderate,14.126484,-6.9686956
2529,4,4,2023-04-25 23:00:11,-29.9791,-177.7638,38.751,4.6,mb: 0,0.728,us: 5,"Kermadec Islands, New Zealand",earthquake: 0,13.587,0.206,7.0,us,us: 5,0-10 km: 0,shallow,light,-42.172203,-18.14312
2530,4,4,2023-04-26 00:14:00,-9.0767,67.3204,10.0,5.7,mww: 7,5.294,us: 5,Mid-Indian Ridge,earthquake: 0,1.784,0.071,19.0,us,us: 5,0-10 km: 0,shallow,moderate,37.29326,-31.59362
2531,4,4,2023-04-26 00:19:06,-4.3891,144.4473,76.738,4.6,mb: 0,4.175,us: 5,"55 km SE of Angoram, Papua New Guinea",earthquake: 0,7.284,0.073,56.0,us,us: 5,0-10 km: 0,intermediate,light,38.60523,29.753994
2532,4,4,2023-04-26 01:18:52,-6.6265,155.5698,113.844,4.8,mb: 0,4.165,us: 5,"Bougainville region, Papua New Guinea",earthquake: 0,7.485,0.059,89.0,us,us: 5,0-10 km: 0,intermediate,light,34.47292,43.112656
2533,4,4,2023-04-26 02:56:25,4.7731,95.4679,82.536,4.9,mb: 0,1.542,us: 5,"86 km S of Banda Aceh, Indonesia",earthquake: 0,6.176,0.072,60.0,us,us: 5,0-10 km: 0,intermediate,light,31.311731,35.653034
2534,4,4,2023-04-26 06:34:03,4.5264,95.1193,68.432,4.6,mb: 0,1.95,us: 5,"114 km SSW of Banda Aceh, Indonesia",earthquake: 0,8.155,0.103,28.0,us,us: 5,0-10 km: 0,shallow,light,47.79324,20.026712
2535,4,4,2023-04-26 10:54:21,-14.9698,166.6516,10.0,4.8,mb: 0,5.99,us: 5,"45 km W of Port-Olry, Vanuatu",earthquake: 0,1.871,0.103,29.0,us,us: 5,0-10 km: 0,shallow,light,5.838352,-15.540266
2536,4,4,2023-04-26 11:29:28,-15.1461,-172.8077,10.0,4.9,mb: 0,2.348,us: 5,"138 km NE of Hihifo, Tonga",earthquake: 0,1.878,0.125,20.0,us,us: 5,0-10 km: 0,shallow,light,-62.308548,-17.357773
2537,4,4,2023-04-26 18:56:06,49.3647,155.5921,67.767,4.6,mb: 0,3.976,us: 5,"150 km SSW of Severo-Kuril’sk, Russia",earthquake: 0,6.081,0.043,161.0,us,us: 5,0-10 km: 0,shallow,light,3.7640092,41.169914
2538,4,4,2023-04-26 20:43:02,-0.7335,98.591,25.639,5.1,mb: 0,2.264,us: 5,"168 km SSE of Teluk Dalam, Indonesia",earthquake: 0,3.865,0.057,100.0,us,us: 5,0-10 km: 0,shallow,moderate,20.040169,36.166416
2539,4,4,2023-04-27 01:55:29,-58.3373,-23.7017,10.0,5.1,mb: 0,8.184,us: 5,South Sandwich Islands region,earthquake: 0,1.608,0.087,43.0,us,us: 5,0-10 km: 0,shallow,moderate,-26.164894,-45.57261
2540,4,4,2023-04-27 04:10:22,-51.4427,139.4375,10.0,4.6,mb: 0,10.076,us: 5,western Indian-Antarctic Ridge,earthquake: 0,1.729,0.172,10.0,us,us: 5,10-20 km: 1,shallow,light,-11.349917,-35.333294
2541,4,4,2023-04-27 06:07:13,-35.6137,-71.3001,85.853,5.0,mww: 7,0.177,us: 5,"Maule, Chile",earthquake: 0,4.958,0.068,21.0,us,us: 5,0-10 km: 0,intermediate,moderate,62.120632,-42.775352
2542,4,4,2023-04-27 07:41:11,25.9338,128.5939,10.0,4.6,mb: 0,0.944,us: 5,"84 km ESE of Katsuren-haebaru, Japan",earthquake: 0,1.882,0.101,30.0,us,us: 5,0-10 km: 0,shallow,light,-14.702012,8.3401375
2543,4,4,2023-04-27 07:43:37,26.0902,128.5561,10.0,5.3,mww: 7,0.785,us: 5,"72 km SE of Ginoza, Japan",earthquake: 0,1.837,0.051,37.0,us,us: 5,0-10 km: 0,shallow,moderate,26.994596,-44.189747
2544,4,4,2023-04-27 08:06:59,25.9913,128.5497,10.0,4.9,mb: 0,0.877,us: 5,"Ryukyu Islands, Japan",earthquake: 0,1.865,0.053,112.0,us,us: 5,0-10 km: 0,shallow,light,-11.135703,28.583183
2545,4,4,2023-04-27 10:20:48,27.774,55.3531,10.0,4.9,mb: 0,2.919,us: 5,"80 km SW of Ḩājjīābād, Iran",earthquake: 0,1.792,0.044,160.0,us,us: 5,0-10 km: 0,shallow,light,-15.261089,32.83072
2546,4,4,2023-04-27 14:56:54,3.2052,98.5528,10.0,4.6,mb: 0,2.126,us: 5,"5 km ENE of Berastagi, Indonesia",earthquake: 0,1.831,0.095,33.0,us,us: 5,0-10 km: 0,shallow,light,-5.207342,-5.4627957
2547,4,4,2023-04-27 17:45:33,-4.2669,143.2616,80.969,4.7,mb: 0,3.09,us: 5,"49 km E of Ambunti, Papua New Guinea",earthquake: 0,5.079,0.063,80.0,us,us: 5,0-10 km: 0,intermediate,light,33.99636,38.814877
2548,4,4,2023-04-27 18:18:20,10.1348,-62.9908,10.106,4.6,mb: 0,2.38,us: 5,"12 km ENE of Caripito, Venezuela",earthquake: 0,5.454,0.141,15.0,us,us: 5,0-10 km: 0,shallow,light,-32.95225,-12.883021
2549,4,4,2023-04-27 19:45:53,29.6212,81.5483,10.0,5.1,mb: 0,3.746,us: 5,"72 km NE of Dipayal, Nepal",earthquake: 0,1.816,0.037,241.0,us,us: 5,0-10 km: 0,shallow,moderate,-7.2391877,40.417576
2550,4,4,2023-04-27 22:39:01,35.9918,59.3364,10.0,4.9,mb: 0,2.167,us: 5,"41 km SW of Mashhad, Iran",earthquake: 0,1.806,0.044,161.0,us,us: 5,0-10 km: 0,shallow,light,-15.200655,32.962322
2551,4,4,2023-04-28 01:07:48,-59.9306,-27.8993,106.795,5.7,mww: 7,7.338,us: 5,South Sandwich Islands region,earthquake: 0,3.904,0.062,25.0,us,us: 5,0-10 km: 0,intermediate,moderate,59.25432,-22.901022
2552,4,4,2023-04-28 03:13:44,-25.1471,178.5065,587.56,6.0,mb: 0,5.17,us: 5,south of the Fiji Islands,earthquake: 0,3.635,0.023,676.0,us,us: 5,0-10 km: 0,deep,strong,-10.779154,61.204956
2553,4,4,2023-04-28 03:13:48,-25.1498,178.4274,563.0,6.6,mww: 7,5.212,us: 5,south of the Fiji Islands,earthquake: 0,1.946,0.098,10.0,us,us: 5,0-10 km: 0,deep,strong,72.88605,1.6497443
2554,4,4,2023-04-28 03:34:10,-25.1399,178.372,570.099,5.5,mww: 7,5.25,us: 5,south of the Fiji Islands,earthquake: 0,5.91,0.103,9.0,us,us: 5,0-10 km: 0,deep,moderate,71.51985,2.4243402
2555,4,4,2023-04-28 03:51:06,-25.0889,178.4405,576.784,5.6,mww: 7,5.253,us: 5,south of the Fiji Islands,earthquake: 0,4.804,0.098,10.0,us,us: 5,0-10 km: 0,deep,moderate,71.70454,2.2862797
2556,4,4,2023-04-28 03:54:38,-16.434,67.2028,10.0,5.3,mww: 7,4.919,us: 5,Mid-Indian Ridge,earthquake: 0,1.782,0.093,11.0,us,us: 5,0-10 km: 0,shallow,moderate,46.02645,-26.804386
2557,4,4,2023-04-28 04:24:45,52.2836,159.6577,42.64,4.6,mb: 0,0.962,us: 5,"111 km SE of Petropavlovsk-Kamchatsky, Russia",earthquake: 0,6.514,0.049,126.0,us,us: 5,0-10 km: 0,shallow,light,6.0281897,39.75826
2558,4,4,2023-04-28 07:02:31,-25.2811,178.4506,604.583,4.9,mb: 0,5.096,us: 5,south of the Fiji Islands,earthquake: 0,8.486,0.063,80.0,us,us: 5,0-10 km: 0,deep,light,3.906898,62.3655
2559,4,4,2023-04-28 09:19:52,-4.775,133.8946,10.0,5.7,mww: 7,2.469,us: 5,"157 km NE of Tual, Indonesia",earthquake: 0,1.839,0.051,37.0,us,us: 5,0-10 km: 0,shallow,moderate,39.300556,-32.700195
2560,4,4,2023-04-28 09:26:13,-11.5656,166.6138,10.0,4.9,mb: 0,6.888,us: 5,"128 km SE of Lata, Solomon Islands",earthquake: 0,1.867,0.081,50.0,us,us: 5,0-10 km: 0,shallow,light,9.61146,-9.69649
2561,4,4,2023-04-28 10:48:33,-2.3062,68.128,10.0,4.6,mb: 0,6.655,us: 5,Carlsberg Ridge,earthquake: 0,1.748,0.091,36.0,us,us: 5,0-10 km: 0,shallow,light,-27.245256,-2.53495
2562,4,4,2023-04-28 16:00:29,13.6644,120.6333,89.364,5.2,mww: 7,8.161,us: 5,"18 km S of Calatagan, Philippines",earthquake: 0,5.029,0.048,42.0,us,us: 5,0-10 km: 0,intermediate,moderate,23.916687,-36.631348
2563,4,4,2023-04-28 18:12:51,-4.7811,133.9484,10.0,5.5,mww: 7,2.509,us: 5,"162 km NE of Tual, Indonesia",earthquake: 0,1.78,0.048,42.0,us,us: 5,0-10 km: 0,shallow,moderate,38.878872,-30.193048
2564,4,4,2023-04-28 19:35:30,-23.2612,-179.6247,550.339,4.6,mb: 0,4.595,us: 5,south of the Fiji Islands,earthquake: 0,7.498,0.083,49.0,us,us: 5,0-10 km: 0,deep,light,-8.788267,73.083664
2565,4,4,2023-04-28 20:07:01,8.2568,94.1308,17.972,4.9,mb: 0,4.108,us: 5,"292 km NNW of Sabang, Indonesia",earthquake: 0,2.507,0.047,147.0,us,us: 5,0-10 km: 0,shallow,light,6.6775107,9.282592
2566,4,4,2023-04-28 20:38:30,-8.7232,118.9843,115.551,4.9,mww: 7,1.198,us: 5,"Sumbawa region, Indonesia",earthquake: 0,4.526,0.098,10.0,us,us: 5,0-10 km: 0,intermediate,light,29.295135,-16.63806
2567,4,4,2023-04-28 20:46:34,2.5502,96.6329,35.487,4.8,mb: 0,2.293,us: 5,"Simeulue, Indonesia",earthquake: 0,6.176,0.062,87.0,us,us: 5,0-10 km: 0,shallow,light,28.502365,38.12792
2568,4,4,2023-04-29 00:50:33,-50.0964,115.5072,10.0,4.9,mb: 0,16.43,us: 5,western Indian-Antarctic Ridge,earthquake: 0,1.846,0.122,21.0,us,us: 5,10-20 km: 1,shallow,light,-11.757039,-39.528572
2569,4,4,2023-04-29 01:55:48,38.1021,36.4431,10.0,4.6,mb: 0,0.305,us: 5,"10 km NNW of Göksun, Turkey",earthquake: 0,1.855,0.067,65.0,us,us: 5,0-10 km: 0,shallow,light,-20.589426,22.144712
2570,4,4,2023-04-29 03:26:50,26.0136,128.5728,10.0,4.7,mb: 0,0.862,us: 5,"78 km ESE of Katsuren-haebaru, Japan",earthquake: 0,1.875,0.07,63.0,us,us: 5,0-10 km: 0,shallow,light,-10.398487,18.739645
2571,4,4,2023-04-29 03:31:22,25.9983,128.4928,10.0,4.6,mb: 0,0.857,us: 5,"72 km ESE of Katsuren-haebaru, Japan",earthquake: 0,1.881,0.09,37.0,us,us: 5,0-10 km: 0,shallow,light,-13.946006,11.521477
2572,4,4,2023-04-29 04:55:58,-52.507,140.3652,10.0,5.2,mww: 7,10.678,us: 5,west of Macquarie Island,earthquake: 0,1.779,0.093,11.0,us,us: 5,10-20 km: 1,shallow,moderate,48.821228,-24.176243
2573,4,4,2023-04-29 07:03:57,-5.1828,153.3941,65.728,5.0,mb: 0,1.573,us: 5,"155 km SE of Kokopo, Papua New Guinea",earthquake: 0,6.703,0.063,82.0,us,us: 5,0-10 km: 0,shallow,moderate,31.600948,39.106236
2574,4,4,2023-04-29 14:07:02,13.2039,51.0051,10.0,4.7,mb: 0,8.143,us: 5,"139 km N of Caluula, Somalia",earthquake: 0,1.892,0.081,46.0,us,us: 5,0-10 km: 0,shallow,light,-7.331604,3.9614413
2575,4,4,2023-04-29 15:49:27,26.0572,128.5132,10.0,4.9,mb: 0,0.805,us: 5,"Ryukyu Islands, Japan",earthquake: 0,1.865,0.053,110.0,us,us: 5,0-10 km: 0,shallow,light,-11.107875,28.434376
2576,4,4,2023-04-29 22:37:57,-4.9445,133.8131,10.0,5.1,mb: 0,2.546,us: 5,"139 km ENE of Tual, Indonesia",earthquake: 0,1.826,0.061,89.0,us,us: 5,0-10 km: 0,shallow,moderate,9.218965,1.8479373
2577,4,4,2023-04-30 01:26:33,-4.7849,133.8681,10.0,4.6,mb: 0,2.459,us: 5,"154 km NE of Tual, Indonesia",earthquake: 0,1.886,0.093,34.0,us,us: 5,0-10 km: 0,shallow,light,0.056767773,-8.792311
2578,4,4,2023-04-30 04:10:41,0.4566,-24.9597,10.0,4.7,mb: 0,20.983,us: 5,central Mid-Atlantic Ridge,earthquake: 0,1.795,0.074,55.0,us,us: 5,20-30 km: 2,shallow,light,-32.01414,0.56939375
2579,4,4,2023-04-30 04:59:17,9.3074,-69.804,10.0,4.6,mb: 0,0.913,us: 5,"Lara - Portuguesa region, Venezuela",earthquake: 0,1.829,0.089,38.0,us,us: 5,0-10 km: 0,shallow,light,-33.742237,-2.322751
2580,4,4,2023-04-30 06:15:27,-25.2759,178.549,602.879,4.6,mb: 0,5.063,us: 5,south of the Fiji Islands,earthquake: 0,9.837,0.066,74.0,us,us: 5,0-10 km: 0,deep,light,4.048202,62.670635
2581,4,4,2023-04-30 06:31:02,21.6269,121.8466,10.304,4.6,mb: 0,1.382,us: 5,"121 km ESE of Hengchun, Taiwan",earthquake: 0,4.91,0.223,7.0,us,us: 5,0-10 km: 0,shallow,light,-11.983448,-18.534405
2582,4,4,2023-04-30 06:56:56,23.0061,94.3511,94.415,4.6,mb: 0,3.342,us: 5,"69 km E of Falam, Myanmar",earthquake: 0,6.484,0.04,186.0,us,us: 5,0-10 km: 0,intermediate,light,2.0737596,46.20399
2583,4,4,2023-04-30 07:01:48,31.5895,-40.8131,10.0,4.6,mb: 0,21.198,us: 5,northern Mid-Atlantic Ridge,earthquake: 0,1.914,0.064,73.0,us,us: 5,20-30 km: 2,shallow,light,-26.753502,22.898157
2584,4,4,2023-04-30 11:26:16,-5.7044,146.5131,81.229,4.7,mb: 0,3.732,us: 5,"96 km NE of Kainantu, Papua New Guinea",earthquake: 0,7.061,0.05,123.0,us,us: 5,0-10 km: 0,intermediate,light,27.318855,44.467094
2585,4,4,2023-04-30 14:50:58,56.5889,161.0674,10.0,4.6,mb: 0,3.837,us: 5,"32 km NNE of Klyuchi, Russia",earthquake: 0,1.86,0.054,104.0,us,us: 5,0-10 km: 0,shallow,light,-5.6081204,30.486864
2586,4,4,2023-04-30 15:47:51,48.5607,155.4589,30.924,4.6,mb: 0,4.769,us: 5,"240 km SSW of Severo-Kuril’sk, Russia",earthquake: 0,5.508,0.053,109.0,us,us: 5,0-10 km: 0,shallow,light,6.156834,38.6682
2587,4,4,2023-04-30 16:29:01,1.3426,126.2937,19.922,5.2,mb: 0,1.213,us: 5,Molucca Sea,earthquake: 0,4.082,0.043,181.0,us,us: 5,0-10 km: 0,shallow,moderate,19.224354,48.35211
2588,4,4,2023-04-30 16:37:48,48.6446,155.3432,42.399,4.6,mb: 0,4.712,us: 5,"232 km SSW of Severo-Kuril’sk, Russia",earthquake: 0,7.65,0.083,43.0,us,us: 5,0-10 km: 0,shallow,light,13.209054,30.01878
2589,5,1,2023-05-01 00:16:20,-29.802,-177.4335,28.056,5.1,mww: 7,0.685,us: 5,"Kermadec Islands, New Zealand",earthquake: 0,4.039,0.098,10.0,us,us: 5,0-10 km: 0,shallow,moderate,68.528465,-35.67876
2590,5,1,2023-05-01 02:21:02,26.0202,128.5306,16.2,5.1,mb: 0,0.845,us: 5,"74 km ESE of Katsuren-haebaru, Japan",earthquake: 0,3.699,0.056,102.0,us,us: 5,0-10 km: 0,shallow,moderate,2.253109,34.64233
2591,5,1,2023-05-01 02:22:29,26.0019,128.5201,20.024,5.3,mww: 7,0.86,us: 5,"Ryukyu Islands, Japan",earthquake: 0,3.589,0.061,26.0,us,us: 5,0-10 km: 0,shallow,moderate,22.66263,-38.56994
2592,5,1,2023-05-01 02:34:41,25.976,128.5766,10.0,4.6,mb: 0,0.899,us: 5,"80 km ESE of Katsuren-haebaru, Japan",earthquake: 0,1.888,0.105,27.0,us,us: 5,0-10 km: 0,shallow,light,-15.064831,7.8735213
2593,5,1,2023-05-01 02:41:26,39.4369,15.5156,249.728,5.2,mww: 7,0.602,us: 5,"33 km WSW of Cittadella del Capo, Italy",earthquake: 0,3.848,0.038,66.0,us,us: 5,0-10 km: 0,intermediate,moderate,15.743123,-32.35594
2594,5,1,2023-05-01 03:22:10,26.0161,128.4753,9.0,5.9,mww: 7,0.837,us: 5,"69 km ESE of Katsuren-haebaru, Japan",earthquake: 0,1.776,0.058,29.0,us,us: 5,0-10 km: 0,shallow,moderate,32.53787,-45.84137
2595,5,1,2023-05-01 03:50:48,26.0335,128.7003,10.0,4.9,mb: 0,0.887,us: 5,"85 km SE of Taira, Japan",earthquake: 0,1.866,0.066,73.0,us,us: 5,0-10 km: 0,shallow,light,-8.036471,18.982012
2596,5,1,2023-05-01 04:02:32,26.012,128.5116,14.769,5.0,mww: 7,0.848,us: 5,"72 km ESE of Katsuren-haebaru, Japan",earthquake: 0,4.051,0.078,16.0,us,us: 5,0-10 km: 0,shallow,moderate,18.998035,-39.19356
2597,5,1,2023-05-01 05:18:11,-6.0963,-81.4112,10.0,4.8,mww: 7,2.864,us: 5,"88 km SW of Sechura, Peru",earthquake: 0,1.859,0.093,11.0,us,us: 5,0-10 km: 0,shallow,light,56.632374,-52.676125
2598,5,1,2023-05-01 06:28:33,-16.1581,-73.2909,84.139,4.6,mb: 0,3.575,us: 5,"19 km SW of Urasqui, Peru",earthquake: 0,8.212,0.065,69.0,us,us: 5,0-10 km: 0,intermediate,light,-46.499683,0.6889732
2599,5,1,2023-05-01 07:54:05,-9.4501,148.5814,10.0,4.9,mb: 0,1.403,us: 5,"eastern New Guinea region, Papua New Guinea",earthquake: 0,1.882,0.064,77.0,us,us: 5,0-10 km: 0,shallow,light,9.173459,-1.48297
2600,5,1,2023-05-01 07:59:37,25.9389,128.5511,10.0,5.3,mww: 7,0.928,us: 5,"Ryukyu Islands, Japan",earthquake: 0,1.361,0.057,30.0,us,us: 5,0-10 km: 0,shallow,moderate,26.735228,-44.62219
2601,5,1,2023-05-01 09:31:11,-7.3569,-74.7943,30.189,4.9,mww: 7,2.104,us: 5,"24 km E of Contamana, Peru",earthquake: 0,3.706,0.098,10.0,us,us: 5,0-10 km: 0,shallow,light,59.590717,-48.87436
2602,5,1,2023-05-01 10:55:56,-22.183,-179.3959,580.211,5.6,mww: 7,4.027,us: 5,south of the Fiji Islands,earthquake: 0,4.577,0.098,10.0,us,us: 5,0-10 km: 0,deep,moderate,73.92711,4.633695
2603,5,1,2023-05-01 11:59:58,-29.9333,-177.1334,10.0,5.1,mww: 7,0.958,us: 5,"Kermadec Islands, New Zealand",earthquake: 0,1.852,0.098,10.0,us,us: 5,0-10 km: 0,shallow,moderate,68.57916,-33.2501
2604,5,1,2023-05-01 13:14:35,-16.6087,175.0609,18.418,4.7,mb: 0,3.075,us: 5,"277 km WNW of Lautoka, Fiji",earthquake: 0,2.91,0.12,21.0,us,us: 5,0-10 km: 0,shallow,light,2.7125278,-19.592396
2605,5,1,2023-05-01 15:55:18,26.0156,128.6084,10.0,4.7,mb: 0,0.871,us: 5,"81 km ESE of Katsuren-haebaru, Japan",earthquake: 0,1.868,0.061,81.0,us,us: 5,0-10 km: 0,shallow,light,-10.355409,21.854618
2606,5,1,2023-05-01 22:42:08,-58.6541,-24.9977,22.87,4.6,mb: 0,15.874,us: 5,South Sandwich Islands region,earthquake: 0,5.241,0.102,29.0,us,us: 5,10-20 km: 1,shallow,light,-30.207932,-51.215153
2607,5,1,2023-05-02 01:21:41,-0.379,132.564,42.58,4.6,mb: 0,1.386,us: 5,"49 km NNE of Fef, Indonesia",earthquake: 0,7.45,0.109,25.0,us,us: 5,0-10 km: 0,shallow,light,45.17837,21.045229
2608,5,1,2023-05-02 07:34:24,-2.9219,142.0393,30.187,4.7,mb: 0,1.394,us: 5,"41 km NW of Aitape, Papua New Guinea",earthquake: 0,3.821,0.108,26.0,us,us: 5,0-10 km: 0,shallow,light,31.282175,20.518917
2609,5,1,2023-05-02 10:31:53,37.0048,71.2826,71.425,4.6,mb: 0,2.443,us: 5,"42 km NNW of Ashkāsham, Afghanistan",earthquake: 0,7.197,0.068,64.0,us,us: 5,0-10 km: 0,intermediate,light,9.803573,33.3651
2610,5,1,2023-05-02 14:24:59,-15.588,-172.6979,32.425,5.5,mww: 7,2.456,us: 5,"124 km ENE of Hihifo, Tonga",earthquake: 0,3.133,0.086,13.0,us,us: 5,0-10 km: 0,shallow,moderate,67.494156,-34.515713
2611,5,1,2023-05-02 15:07:11,-21.3583,173.6328,10.0,5.1,mww: 7,5.503,us: 5,Vanuatu region,earthquake: 0,1.822,0.098,10.0,us,us: 5,0-10 km: 0,shallow,moderate,42.45058,-24.102968
2612,5,1,2023-05-02 15:36:31,-21.9563,173.9895,10.0,4.9,mb: 0,5.672,us: 5,Vanuatu region,earthquake: 0,1.831,0.091,42.0,us,us: 5,0-10 km: 0,shallow,light,10.184353,-12.974904
2613,5,1,2023-05-02 15:38:19,25.4275,99.3564,10.0,4.6,mb: 0,4.128,us: 5,"17 km WSW of Bonan, China",earthquake: 0,1.852,0.077,50.0,us,us: 5,0-10 km: 0,shallow,light,-15.994926,17.713726
2614,5,1,2023-05-02 20:09:59,-4.0952,142.7199,119.885,5.5,mww: 7,2.552,us: 5,"17 km NW of Ambunti, Papua New Guinea",earthquake: 0,3.428,0.052,36.0,us,us: 5,0-10 km: 0,intermediate,moderate,34.850433,-18.944254
2615,5,1,2023-05-03 01:23:05,3.4003,125.9293,105.349,5.2,mww: 7,2.98,us: 5,"227 km SSE of Sarangani, Philippines",earthquake: 0,1.261,0.075,17.0,us,us: 5,0-10 km: 0,intermediate,moderate,33.290855,-28.818272
2616,5,1,2023-05-03 02:11:11,-16.3605,-72.9385,65.832,5.0,mb: 0,3.185,us: 5,"35 km NW of El Cardo, Peru",earthquake: 0,5.307,0.07,69.0,us,us: 5,0-10 km: 0,shallow,moderate,-45.322292,-0.88952184
2617,5,1,2023-05-03 02:12:28,9.3732,-78.541,79.43,5.0,mww: 7,3.355,us: 5,"9 km SSE of Narganá, Panama",earthquake: 0,4.852,0.049,40.0,us,us: 5,0-10 km: 0,intermediate,moderate,55.156708,-48.041084
2618,5,1,2023-05-03 04:08:24,28.2223,105.1765,42.485,4.6,mb: 0,4.292,us: 5,"Sichuan-Guizhou border region, China",earthquake: 0,5.404,0.059,85.0,us,us: 5,0-10 km: 0,shallow,light,8.454659,31.919188
2619,5,1,2023-05-03 05:04:06,28.1196,105.1572,49.67,4.9,mb: 0,4.358,us: 5,"22 km SSW of Gusong, China",earthquake: 0,5.562,0.048,135.0,us,us: 5,0-10 km: 0,shallow,light,1.7253919,38.52257
2620,5,1,2023-05-03 06:15:53,-3.6848,128.6711,118.911,4.8,mww: 7,1.485,us: 5,"Seram, Indonesia",earthquake: 0,4.974,0.089,12.0,us,us: 5,0-10 km: 0,intermediate,light,29.347616,-16.468433
2621,5,1,2023-05-03 09:51:20,36.4988,70.7311,194.44,5.3,mww: 7,2.39,us: 5,"41 km SSW of Jurm, Afghanistan",earthquake: 0,6.303,0.068,21.0,us,us: 5,0-10 km: 0,intermediate,moderate,15.716571,-33.09044
2622,5,1,2023-05-03 12:05:36,26.9507,143.7528,13.008,4.8,mb: 0,7.028,us: 5,"Bonin Islands, Japan region",earthquake: 0,4.327,0.068,67.0,us,us: 5,0-10 km: 0,shallow,light,7.2275214,28.846909
2623,5,1,2023-05-03 13:47:57,-58.6815,-25.5608,45.036,4.7,mb: 0,15.978,us: 5,South Sandwich Islands region,earthquake: 0,9.569,0.115,26.0,us,us: 5,10-20 km: 1,shallow,light,-30.679882,-54.730816
2624,5,1,2023-05-03 17:16:38,38.0541,36.5563,11.5,4.9,mb: 0,0.369,us: 5,"K. Maras, Turkey",earthquake: 0,3.28,0.036,244.0,us,us: 5,0-10 km: 0,shallow,light,-5.252317,40.51066
2625,5,1,2023-05-03 19:06:16,52.2951,159.5037,54.532,4.9,mb: 0,0.896,us: 5,"102 km SE of Vilyuchinsk, Russia",earthquake: 0,5.156,0.032,317.0,us,us: 5,0-10 km: 0,shallow,light,-5.606152,44.51821
2626,5,1,2023-05-03 23:25:46,-53.0227,-118.272,10.0,5.4,mww: 7,28.072,us: 5,southern East Pacific Rise,earthquake: 0,1.714,0.065,23.0,us,us: 5,20-30 km: 2,shallow,moderate,61.60698,-27.809668
2627,5,1,2023-05-03 23:48:53,27.3244,97.0318,10.0,4.6,mb: 0,6.448,us: 5,"95 km SSE of Hayuliang, India",earthquake: 0,1.813,0.067,67.0,us,us: 5,0-10 km: 0,shallow,light,-15.214471,19.773542
2628,5,1,2023-05-04 00:11:49,-30.3248,-177.7278,35.0,4.7,mb: 0,1.072,us: 5,"Kermadec Islands, New Zealand",earthquake: 0,1.864,0.111,25.0,us,us: 5,0-10 km: 0,shallow,light,-65.23352,-15.812968
2629,5,1,2023-05-04 00:49:04,17.4696,122.3465,19.0,5.4,mww: 7,5.452,us: 5,"Luzon, Philippines",earthquake: 0,1.707,0.056,31.0,us,us: 5,0-10 km: 0,shallow,moderate,33.27304,-32.642757
2630,5,1,2023-05-04 01:22:00,17.5071,122.3129,10.637,4.9,mb: 0,5.409,us: 5,"48 km NNW of Dicabisagan, Philippines",earthquake: 0,2.151,0.052,117.0,us,us: 5,0-10 km: 0,shallow,light,5.726345,7.783348
2631,5,1,2023-05-04 02:15:30,28.081,105.231,29.258,4.8,mww: 7,4.322,us: 5,"Sichuan-Guizhou border region, China",earthquake: 0,3.677,0.08,15.0,us,us: 5,0-10 km: 0,shallow,light,18.553665,-39.844944
2632,5,1,2023-05-04 05:56:10,17.5056,122.3053,10.461,4.8,mb: 0,5.409,us: 5,"48 km NNW of Dicabisagan, Philippines",earthquake: 0,3.621,0.057,118.0,us,us: 5,0-10 km: 0,shallow,light,1.4182048,34.61419
2633,5,1,2023-05-04 06:51:10,-33.1658,-179.3826,24.708,5.0,mb: 0,4.088,us: 5,south of the Kermadec Islands,earthquake: 0,5.511,0.069,68.0,us,us: 5,0-10 km: 0,shallow,moderate,-55.306454,-6.546176
2634,5,1,2023-05-04 08:40:32,-29.6149,-177.1298,35.0,4.8,mb: 0,0.774,us: 5,"Kermadec Islands, New Zealand",earthquake: 0,1.873,0.107,33.0,us,us: 5,0-10 km: 0,shallow,light,-65.89588,-14.847174
2635,5,1,2023-05-04 08:42:37,-30.1945,-176.5105,10.0,4.7,mb: 0,1.539,us: 5,Kermadec Islands region,earthquake: 0,1.701,0.123,26.0,us,us: 5,0-10 km: 0,shallow,light,-64.745384,-18.971815
2636,5,1,2023-05-04 10:06:02,10.4106,125.1304,10.0,4.9,mb: 0,3.349,us: 5,"13 km SSW of Silago, Philippines",earthquake: 0,1.793,0.055,102.0,us,us: 5,0-10 km: 0,shallow,light,5.605317,6.651821
2637,5,1,2023-05-04 13:19:12,-3.2152,148.6862,10.0,4.8,mb: 0,3.603,us: 5,"204 km SE of Lorengau, Papua New Guinea",earthquake: 0,1.875,0.094,35.0,us,us: 5,0-10 km: 0,shallow,light,1.2970742,-7.3173194
2638,5,1,2023-05-04 15:38:19,23.4239,121.3467,15.123,4.6,mwr: 6,0.055,us: 5,"66 km SSW of Hualien City, Taiwan",earthquake: 0,3.79,0.063,24.0,us,us: 5,0-10 km: 0,shallow,light,15.53475,-41.45034
2639,5,1,2023-05-04 18:30:15,-17.3139,-175.1079,257.06,4.6,mb: 0,2.599,us: 5,"189 km NW of Neiafu, Tonga",earthquake: 0,4.609,0.046,143.0,us,us: 5,0-10 km: 0,intermediate,light,-51.289192,-0.61027896
2640,5,1,2023-05-04 20:37:11,-22.2512,-174.2104,10.0,4.9,mb: 0,1.418,us: 5,"126 km SE of ‘Ohonua, Tonga",earthquake: 0,1.843,0.07,64.0,us,us: 5,0-10 km: 0,shallow,light,-64.21767,-6.52159
2641,5,1,2023-05-04 22:20:34,-8.4015,160.3855,10.0,5.1,mb: 0,9.179,us: 5,"53 km NW of Auki, Solomon Islands",earthquake: 0,1.82,0.047,147.0,us,us: 5,0-10 km: 0,shallow,moderate,11.826928,2.472635
2642,5,1,2023-05-05 00:13:47,-4.4591,143.1799,91.331,4.6,mb: 0,6.304,us: 5,"48 km ESE of Ambunti, Papua New Guinea",earthquake: 0,5.327,0.08,47.0,us,us: 5,0-10 km: 0,intermediate,light,36.659954,29.697943
2643,5,1,2023-05-05 03:07:52,13.2479,143.8497,135.756,4.6,mb: 0,1.048,us: 5,"88 km W of Umatac Village, Guam",earthquake: 0,5.942,0.048,132.0,us,us: 5,0-10 km: 0,intermediate,light,30.230522,45.137913
2644,5,1,2023-05-05 05:11:52,-57.9108,-25.6356,60.054,4.7,mb: 0,16.692,us: 5,South Sandwich Islands region,earthquake: 0,8.362,0.108,26.0,us,us: 5,10-20 km: 1,shallow,light,-30.622473,-54.29033
2645,5,1,2023-05-05 05:42:04,37.5476,137.2994,10.0,6.2,mww: 7,1.235,us: 5,"49 km NE of Anamizu, Japan",earthquake: 0,1.833,0.061,26.0,us,us: 5,0-10 km: 0,shallow,strong,34.778603,-45.7168
2646,5,1,2023-05-05 05:53:36,37.5062,137.2324,10.0,4.8,mb: 0,1.234,us: 5,"42 km NE of Anamizu, Japan",earthquake: 0,1.854,0.075,55.0,us,us: 5,0-10 km: 0,shallow,light,-10.173438,17.170437
2647,5,1,2023-05-05 07:34:14,53.4719,-163.3784,16.685,4.6,mwr: 6,1.271,us: 5,"153 km S of False Pass, Alaska",earthquake: 0,4.607,0.068,21.0,us,us: 5,0-10 km: 0,shallow,light,26.111841,-68.39272
2648,5,1,2023-05-05 08:38:01,37.4752,137.3978,10.0,4.6,mb: 0,1.13,us: 5,"51 km ENE of Anamizu, Japan",earthquake: 0,1.878,0.082,44.0,us,us: 5,0-10 km: 0,shallow,light,-13.539313,15.073786
2649,5,1,2023-05-05 10:17:17,-4.9972,151.5373,134.857,4.9,mb: 0,1.015,us: 5,"108 km SW of Kokopo, Papua New Guinea",earthquake: 0,6.021,0.047,139.0,us,us: 5,0-10 km: 0,intermediate,light,27.51316,47.34087
2650,5,1,2023-05-05 11:37:09,-37.242,177.2433,186.0,5.6,mww: 7,0.905,us: 5,"82 km NNE of Whakatane, New Zealand",earthquake: 0,1.93,0.045,48.0,us,us: 5,0-10 km: 0,intermediate,moderate,45.37054,-34.478054
2651,5,1,2023-05-05 11:44:06,-7.2201,120.1721,581.478,5.0,mww: 7,2.231,us: 5,Flores Sea,earthquake: 0,6.011,0.093,11.0,us,us: 5,0-10 km: 0,deep,moderate,71.050705,2.45772
2652,5,1,2023-05-05 12:24:54,39.42,141.9781,62.467,4.6,mb: 0,1.537,us: 5,"5 km SSE of Yamada, Japan",earthquake: 0,6.912,0.048,132.0,us,us: 5,0-10 km: 0,shallow,light,5.447819,39.575962
2653,5,1,2023-05-05 12:33:22,28.1186,105.0029,19.126,4.7,mb: 0,4.477,us: 5,"21 km SSW of Bowangshan, China",earthquake: 0,3.403,0.051,118.0,us,us: 5,0-10 km: 0,shallow,light,1.2400955,32.874264
2654,5,1,2023-05-05 12:58:03,37.4872,137.2752,10.0,5.6,mwb: 4,1.198,us: 5,"43 km NE of Anamizu, Japan",earthquake: 0,1.83,0.029,115.0,us,us: 5,0-10 km: 0,shallow,moderate,32.165714,-41.42179
2655,5,1,2023-05-05 14:52:29,37.9221,36.3313,9.387,4.8,mwr: 6,0.342,us: 5,"18 km SW of Göksun, Turkey",earthquake: 0,4.352,0.062,25.0,us,us: 5,0-10 km: 0,shallow,light,10.305788,-55.81384
2656,5,1,2023-05-05 17:47:16,41.5095,141.9826,59.0,5.9,mww: 7,0.999,us: 5,"68 km ENE of Mutsu, Japan",earthquake: 0,1.832,0.048,41.0,us,us: 5,0-10 km: 0,shallow,moderate,33.899067,-43.92925
2657,5,1,2023-05-05 18:03:17,-38.2643,-179.7457,10.0,4.7,mb: 0,1.692,us: 5,"186 km ESE of Hicks Bay, New Zealand",earthquake: 0,1.852,0.13,19.0,us,us: 5,0-10 km: 0,shallow,light,-65.1744,-20.857153
2658,5,1,2023-05-05 21:46:28,22.2318,146.6154,10.0,5.1,mb: 0,6.998,us: 5,"Volcano Islands, Japan region",earthquake: 0,1.822,0.038,224.0,us,us: 5,0-10 km: 0,shallow,moderate,-7.831374,39.693928
2659,5,1,2023-05-06 04:56:24,15.882,-92.4035,177.839,5.0,mww: 7,0.473,us: 5,"11 km WSW of Nueva América, Mexico",earthquake: 0,5.392,0.048,41.0,us,us: 5,0-10 km: 0,intermediate,moderate,57.404064,-45.0613
2660,5,1,2023-05-06 07:00:23,-32.1593,-178.5641,35.0,4.9,mb: 0,2.941,us: 5,south of the Kermadec Islands,earthquake: 0,1.861,0.149,14.0,us,us: 5,0-10 km: 0,shallow,light,-64.273415,-23.029306
2661,5,1,2023-05-06 14:30:10,-4.506,151.4214,10.0,4.6,mb: 0,0.803,us: 5,"88 km WSW of Rabaul, Papua New Guinea",earthquake: 0,1.882,0.082,44.0,us,us: 5,0-10 km: 0,shallow,light,3.2553265,-7.794543
2662,5,1,2023-05-06 15:58:32,52.247,159.53,53.498,5.1,mww: 7,0.945,us: 5,"off the east coast of the Kamchatka Peninsula, Russia",earthquake: 0,5.849,0.098,10.0,us,us: 5,0-10 km: 0,shallow,moderate,17.575853,-36.181805
2663,5,1,2023-05-06 19:38:56,2.3479,126.7295,35.0,4.8,mb: 0,1.69,us: 5,"158 km WNW of Tobelo, Indonesia",earthquake: 0,1.836,0.046,152.0,us,us: 5,0-10 km: 0,shallow,light,6.9603434,9.083137
2664,5,1,2023-05-06 19:38:58,2.3453,126.7916,53.379,4.8,mb: 0,1.665,us: 5,Molucca Sea,earthquake: 0,6.992,0.053,112.0,us,us: 5,0-10 km: 0,shallow,light,26.409369,43.26074
2665,5,1,2023-05-06 21:25:15,25.3221,143.643,10.0,4.6,mb: 0,11.507,us: 5,"Volcano Islands, Japan region",earthquake: 0,1.936,0.125,19.0,us,us: 5,10-20 km: 1,shallow,light,-16.60907,5.5634995
2666,5,1,2023-05-07 06:29:01,-25.3542,-70.5138,45.565,5.2,mww: 7,0.732,us: 5,"6 km NNW of Taltal, Chile",earthquake: 0,4.819,0.073,18.0,us,us: 5,0-10 km: 0,shallow,moderate,61.93495,-41.56803
2667,5,1,2023-05-07 08:36:08,36.3545,36.2183,10.0,4.7,mwr: 6,1.14,us: 5,"0 km SSE of Serinyol, Turkey",earthquake: 0,1.862,0.075,17.0,us,us: 5,0-10 km: 0,shallow,light,14.292715,-55.700005
2668,5,1,2023-05-07 11:36:21,17.4838,122.3072,31.537,5.2,mww: 7,5.43,us: 5,"45 km NNW of Dicabisagan, Philippines",earthquake: 0,4.328,0.056,31.0,us,us: 5,0-10 km: 0,shallow,moderate,23.164698,-37.9383
2669,5,1,2023-05-07 15:48:34,0.831,126.124,36.549,4.7,mb: 0,1.244,us: 5,"129 km ESE of Bitung, Indonesia",earthquake: 0,6.494,0.086,41.0,us,us: 5,0-10 km: 0,shallow,light,34.195755,27.492006
2670,5,1,2023-05-07 21:53:05,-24.4168,179.9961,519.193,4.6,mb: 0,5.172,us: 5,south of the Fiji Islands,earthquake: 0,6.072,0.036,230.0,us,us: 5,0-10 km: 0,deep,light,1.7452149,60.68466
2671,5,1,2023-05-07 21:58:27,0.9141,126.1256,35.0,4.9,mb: 0,1.249,us: 5,"125 km ESE of Bitung, Indonesia",earthquake: 0,1.841,0.054,106.0,us,us: 5,0-10 km: 0,shallow,light,7.3840885,4.0863833
2672,5,1,2023-05-07 23:03:53,-29.8878,-177.3514,35.0,4.6,mb: 0,0.797,us: 5,"Kermadec Islands, New Zealand",earthquake: 0,1.891,0.151,13.0,us,us: 5,0-10 km: 0,shallow,light,-59.840633,-26.366383
2673,5,2,2023-05-08 00:51:55,-2.7506,-78.9272,90.32,5.2,mww: 7,1.25,us: 5,"8 km W of Azogues, Ecuador",earthquake: 0,3.78,0.053,34.0,us,us: 5,0-10 km: 0,intermediate,moderate,55.112488,-46.82317
2674,5,2,2023-05-08 03:43:37,-55.9491,-121.9235,10.0,4.6,mb: 0,28.93,us: 5,southern East Pacific Rise,earthquake: 0,1.851,0.206,7.0,us,us: 5,20-30 km: 2,shallow,light,-49.350353,-30.770432
2675,5,2,2023-05-08 04:03:24,13.0045,57.9513,10.0,4.6,mb: 0,11.992,us: 5,Owen Fracture Zone region,earthquake: 0,1.773,0.061,80.0,us,us: 5,10-20 km: 1,shallow,light,-6.278676,6.842143
2676,5,2,2023-05-08 06:02:15,-56.0344,-121.4114,10.0,5.9,mww: 7,28.646,us: 5,southern East Pacific Rise,earthquake: 0,1.777,0.078,16.0,us,us: 5,20-30 km: 2,shallow,moderate,62.756153,-27.656338
2677,5,2,2023-05-08 06:38:22,-4.415,143.2844,82.551,4.6,mb: 0,3.193,us: 5,"56 km ESE of Ambunti, Papua New Guinea",earthquake: 0,6.16,0.084,44.0,us,us: 5,0-10 km: 0,intermediate,light,37.39796,28.994564
2678,5,2,2023-05-08 08:14:48,-45.5305,-78.0488,10.0,4.6,mb: 0,3.222,us: 5,"Off the coast of Aisen, Chile",earthquake: 0,1.954,0.151,13.0,us,us: 5,0-10 km: 0,shallow,light,-40.48618,-39.264843
2679,5,2,2023-05-08 09:23:11,24.7473,122.7397,112.539,4.9,mb: 0,0.373,us: 5,"40 km NW of Yonakuni, Japan",earthquake: 0,4.766,0.036,244.0,us,us: 5,0-10 km: 0,intermediate,light,-1.6921263,45.578857
2680,5,2,2023-05-08 14:14:31,-20.5954,-174.8507,55.079,5.1,mww: 7,0.66,us: 5,"63 km NNE of Kolonga, Tonga",earthquake: 0,5.351,0.098,10.0,us,us: 5,0-10 km: 0,shallow,moderate,68.260345,-36.873413
2681,5,2,2023-05-08 16:05:04,-12.4437,24.6703,10.0,4.7,mb: 0,4.428,us: 5,"82 km SSE of Mwinilunga, Zambia",earthquake: 0,1.775,0.079,49.0,us,us: 5,0-10 km: 0,shallow,light,-28.466413,-0.25619116
2682,5,2,2023-05-08 17:13:40,17.4203,122.3945,10.0,4.7,mb: 0,5.51,us: 5,"37 km N of Dicabisagan, Philippines",earthquake: 0,1.871,0.06,85.0,us,us: 5,0-10 km: 0,shallow,light,0.90669745,7.388988
2683,5,2,2023-05-08 20:14:17,37.5099,137.3075,5.996,4.9,mb: 0,1.2,us: 5,"47 km NE of Anamizu, Japan",earthquake: 0,3.324,0.032,301.0,us,us: 5,0-10 km: 0,shallow,light,-6.253285,43.38242
2684,5,2,2023-05-09 01:23:30,-11.4311,162.8946,10.0,4.6,mb: 0,3.51,us: 5,"151 km SE of Kirakira, Solomon Islands",earthquake: 0,1.844,0.105,27.0,us,us: 5,0-10 km: 0,shallow,light,0.6691494,-13.322404
2685,5,2,2023-05-09 02:28:08,11.1227,-85.7728,89.285,4.6,mb: 0,0.507,us: 5,"16 km WNW of La Cruz, Costa Rica",earthquake: 0,4.924,0.036,224.0,us,us: 5,0-10 km: 0,intermediate,light,-23.346752,53.318512
2686,5,2,2023-05-09 07:28:36,-39.7489,-16.1333,10.0,4.7,mb: 0,19.992,us: 5,southern Mid-Atlantic Ridge,earthquake: 0,1.906,0.166,20.0,us,us: 5,10-20 km: 1,shallow,light,-37.281242,-41.435143
2687,5,2,2023-05-09 08:35:32,55.4422,163.1735,10.0,4.6,mb: 0,3.594,us: 5,"97 km SSE of Ust’-Kamchatsk Staryy, Russia",earthquake: 0,1.841,0.044,153.0,us,us: 5,0-10 km: 0,shallow,light,-6.03684,32.413795
2688,5,2,2023-05-09 13:42:18,10.972,92.0333,10.0,5.1,mb: 0,0.973,us: 5,"109 km SW of Port Blair, India",earthquake: 0,1.623,0.057,99.0,us,us: 5,0-10 km: 0,shallow,moderate,6.8029017,6.1003447
2689,5,2,2023-05-09 14:10:44,53.7094,-167.397,92.258,4.9,mww: 7,0.288,us: 5,"59 km WSW of Unalaska, Alaska",earthquake: 0,2.948,0.062,25.0,us,us: 5,0-10 km: 0,intermediate,light,26.011467,-67.33408
2690,5,2,2023-05-09 22:14:37,37.5372,137.2169,4.863,4.8,mww: 7,1.266,us: 5,"43 km NE of Anamizu, Japan",earthquake: 0,3.433,0.071,19.0,us,us: 5,0-10 km: 0,shallow,light,19.355818,-40.403942
2691,5,2,2023-05-09 22:21:28,-4.0089,134.8916,13.996,4.6,mb: 0,2.851,us: 5,"98 km SW of Nabire, Indonesia",earthquake: 0,5.164,0.107,26.0,us,us: 5,0-10 km: 0,shallow,light,32.701714,20.08246
2692,5,2,2023-05-09 22:31:53,12.1591,143.8722,19.184,5.0,mww: 7,1.722,us: 5,"149 km SW of Merizo Village, Guam",earthquake: 0,3.667,0.098,10.0,us,us: 5,0-10 km: 0,shallow,moderate,27.582844,-25.990267
2693,5,2,2023-05-10 04:24:47,-6.5679,104.7998,19.579,5.1,mww: 7,2.86,us: 5,"115 km W of Labuan, Indonesia",earthquake: 0,3.545,0.093,11.0,us,us: 5,0-10 km: 0,shallow,moderate,28.731981,-23.828716
2694,5,2,2023-05-10 07:05:23,25.4966,-109.8101,10.0,4.9,mb: 0,0.703,us: 5,"57 km WSW of Campo Pesquero el Colorado, Mexico",earthquake: 0,1.813,0.033,295.0,us,us: 5,0-10 km: 0,shallow,light,-20.112185,50.034164
2695,5,2,2023-05-10 08:45:50,25.4406,-109.6761,10.0,4.9,mb: 0,0.596,us: 5,"50 km SW of Campo Pesquero el Colorado, Mexico",earthquake: 0,1.076,0.038,222.0,us,us: 5,0-10 km: 0,shallow,light,-23.855556,49.657566
2696,5,2,2023-05-10 08:55:32,25.2588,-109.5992,10.0,4.6,mb: 0,0.609,us: 5,Gulf of California,earthquake: 0,1.697,0.066,71.0,us,us: 5,0-10 km: 0,shallow,light,-28.410765,22.77141
2697,5,2,2023-05-10 09:28:39,25.4361,-109.7955,10.0,4.7,mb: 0,0.702,us: 5,"60 km SW of Campo Pesquero el Colorado, Mexico",earthquake: 0,1.883,0.074,56.0,us,us: 5,0-10 km: 0,shallow,light,-28.45146,22.732365
2698,5,2,2023-05-10 10:03:32,-6.537,104.7185,45.195,4.6,mb: 0,2.785,us: 5,"124 km W of Labuan, Indonesia",earthquake: 0,8.66,0.157,12.0,us,us: 5,0-10 km: 0,shallow,light,40.488663,2.9055166
2699,5,2,2023-05-10 10:48:06,-6.6579,104.7385,7.575,4.9,mb: 0,2.891,us: 5,"124 km WSW of Labuan, Indonesia",earthquake: 0,4.729,0.085,44.0,us,us: 5,0-10 km: 0,shallow,light,27.54812,28.274862
2700,5,2,2023-05-10 13:00:41,-25.3056,-179.3566,423.032,4.8,mb: 0,4.125,us: 5,south of the Fiji Islands,earthquake: 0,6.657,0.057,98.0,us,us: 5,0-10 km: 0,deep,light,-7.2445416,69.288895
2701,5,2,2023-05-10 16:02:00,-15.6278,-174.4925,210.0,7.6,mww: 7,3.744,us: 5,"82 km WNW of Hihifo, Tonga",earthquake: 0,1.841,0.055,32.0,us,us: 5,0-10 km: 0,intermediate,major,56.85481,-35.35635
2702,5,2,2023-05-10 16:13:39,-15.6132,-174.4585,165.803,4.7,mb: 0,4.002,us: 5,"80 km WNW of Hihifo, Tonga",earthquake: 0,6.428,0.147,14.0,us,us: 5,0-10 km: 0,intermediate,light,-48.34276,-9.638678
2703,5,2,2023-05-10 16:32:40,-15.611,-174.3954,198.835,5.0,mb: 0,3.827,us: 5,"74 km WNW of Hihifo, Tonga",earthquake: 0,5.413,0.057,98.0,us,us: 5,0-10 km: 0,intermediate,moderate,-50.538284,-2.3687694
2704,5,2,2023-05-10 16:33:52,-15.5723,-174.6222,222.686,4.7,mb: 0,3.608,us: 5,"98 km WNW of Hihifo, Tonga",earthquake: 0,5.611,0.075,54.0,us,us: 5,0-10 km: 0,intermediate,light,-49.646374,-3.7261171
2705,5,2,2023-05-10 17:01:36,-10.151,161.0996,82.054,4.8,mb: 0,1.338,us: 5,"95 km WNW of Kirakira, Solomon Islands",earthquake: 0,6.339,0.055,106.0,us,us: 5,0-10 km: 0,intermediate,light,27.994274,44.38956
2706,5,2,2023-05-10 17:43:32,12.0567,143.8696,9.164,4.8,mb: 0,1.808,us: 5,"159 km SSW of Merizo Village, Guam",earthquake: 0,4.151,0.049,130.0,us,us: 5,0-10 km: 0,shallow,light,1.1956621,35.609882
2707,5,2,2023-05-10 19:16:42,35.1171,140.0913,39.454,5.2,mwr: 6,1.629,us: 5,"2 km NNW of Kamogawa, Japan",earthquake: 0,4.515,0.078,16.0,us,us: 5,0-10 km: 0,shallow,moderate,19.651934,-37.44726
2708,5,2,2023-05-10 20:13:35,-15.602,-174.6026,211.833,4.6,mb: 0,3.636,us: 5,"94 km WNW of Hihifo, Tonga",earthquake: 0,4.672,0.113,23.0,us,us: 5,0-10 km: 0,intermediate,light,-48.377167,-7.9410405
2709,5,2,2023-05-10 21:53:24,-20.2952,169.5446,134.389,5.0,mb: 0,3.023,us: 5,"87 km SSE of Isangel, Vanuatu",earthquake: 0,5.676,0.069,67.0,us,us: 5,0-10 km: 0,intermediate,moderate,38.34235,40.090183
2710,5,2,2023-05-10 22:58:27,86.2658,34.1213,10.0,4.7,mb: 0,8.395,us: 5,north of Svalbard,earthquake: 0,1.87,0.056,95.0,us,us: 5,0-10 km: 0,shallow,light,-26.531609,29.513117
2711,5,2,2023-05-11 04:48:50,55.2984,163.0971,10.0,4.8,mb: 0,3.468,us: 5,"110 km SSE of Ust’-Kamchatsk Staryy, Russia",earthquake: 0,0.992,0.038,218.0,us,us: 5,0-10 km: 0,shallow,light,-6.736519,37.00651
2712,5,2,2023-05-11 06:22:29,-14.762,172.3208,605.065,4.7,mb: 0,6.253,us: 5,Vanuatu region,earthquake: 0,9.566,0.077,52.0,us,us: 5,0-10 km: 0,deep,light,4.263148,62.91542
2713,5,2,2023-05-11 09:52:44,42.3313,143.0155,61.946,5.2,mww: 7,0.333,us: 5,"23 km WNW of Hiroo, Japan",earthquake: 0,4.065,0.098,10.0,us,us: 5,0-10 km: 0,shallow,moderate,17.998978,-36.257442
2714,5,2,2023-05-11 12:03:17,55.361,163.0409,22.452,5.0,mb: 0,3.484,us: 5,"102 km SSE of Ust’-Kamchatsk Staryy, Russia",earthquake: 0,4.008,0.031,322.0,us,us: 5,0-10 km: 0,shallow,moderate,-6.1556687,44.254852
2715,5,2,2023-05-11 13:33:13,24.2156,125.2746,21.643,5.8,mww: 7,2.08,us: 5,"southwestern Ryukyu Islands, Japan",earthquake: 0,3.452,0.057,30.0,us,us: 5,0-10 km: 0,shallow,moderate,31.014252,-43.727367
2716,5,2,2023-05-11 13:50:08,24.3825,125.1988,27.737,4.7,mb: 0,1.996,us: 5,"46 km SSW of Miyakojima, Japan",earthquake: 0,6.477,0.085,42.0,us,us: 5,0-10 km: 0,shallow,light,12.007191,30.64592
2717,5,2,2023-05-11 14:36:36,1.2029,97.0828,27.231,5.0,mb: 0,0.503,us: 5,"59 km W of Gunungsitoli, Indonesia",earthquake: 0,5.525,0.069,67.0,us,us: 5,0-10 km: 0,shallow,moderate,28.095549,31.76353
2718,5,2,2023-05-11 16:20:49,2.2812,-30.805,10.0,4.6,mb: 0,14.47,us: 5,central Mid-Atlantic Ridge,earthquake: 0,1.786,0.077,53.0,us,us: 5,10-20 km: 1,shallow,light,-32.241375,0.05624284
2719,5,2,2023-05-11 16:26:29,55.3898,163.0613,10.0,4.7,mb: 0,3.512,us: 5,"100 km SSE of Ust’-Kamchatsk Staryy, Russia",earthquake: 0,1.659,0.049,124.0,us,us: 5,0-10 km: 0,shallow,light,-5.7694073,31.30866
2720,5,2,2023-05-11 18:31:40,10.2152,-63.5223,10.0,4.9,mb: 0,2.644,us: 5,"24 km ENE of San Antonio, Venezuela",earthquake: 0,1.803,0.03,336.0,us,us: 5,0-10 km: 0,shallow,light,-19.629723,51.07848
2721,5,2,2023-05-11 18:34:06,29.6196,102.0015,10.0,4.9,mww: 7,6.535,us: 5,"42 km S of Kangding, China",earthquake: 0,1.754,0.089,12.0,us,us: 5,0-10 km: 0,shallow,light,20.080065,-47.861465
2722,5,2,2023-05-11 20:32:10,29.7649,102.25,10.0,4.6,mb: 0,6.293,us: 5,"38 km SE of Kangding, China",earthquake: 0,1.835,0.069,62.0,us,us: 5,0-10 km: 0,shallow,light,-15.256716,19.596521
2723,5,2,2023-05-11 21:25:17,21.8019,120.9487,10.0,4.6,mb: 0,1.018,us: 5,"30 km SE of Hengchun, Taiwan",earthquake: 0,1.866,0.06,84.0,us,us: 5,0-10 km: 0,shallow,light,-10.963563,22.51259
2724,5,2,2023-05-12 00:50:26,-42.9203,79.3357,10.0,5.0,mb: 0,5.293,us: 5,Mid-Indian Ridge,earthquake: 0,1.753,0.12,22.0,us,us: 5,0-10 km: 0,shallow,moderate,-17.059965,-39.501274
2725,5,2,2023-05-12 04:34:54,9.9552,126.106,46.338,4.6,mb: 0,2.914,us: 5,"10 km N of Pilar, Philippines",earthquake: 0,6.502,0.08,47.0,us,us: 5,0-10 km: 0,shallow,light,31.89613,26.987408
2726,5,2,2023-05-12 08:02:31,12.4049,144.1714,10.806,5.5,mww: 7,1.359,us: 5,"109 km SSW of Merizo Village, Guam",earthquake: 0,4.036,0.073,18.0,us,us: 5,0-10 km: 0,shallow,moderate,30.632183,-34.978653
2727,5,2,2023-05-12 08:37:06,-41.1824,-87.7679,10.0,4.9,mb: 0,10.347,us: 5,West Chile Rise,earthquake: 0,1.907,0.068,68.0,us,us: 5,10-20 km: 1,shallow,light,-31.519917,-31.101934
2728,5,2,2023-05-12 09:45:28,7.0383,-76.0563,50.008,4.7,mwr: 6,0.992,us: 5,"16 km W of Peque, Colombia",earthquake: 0,5.672,0.089,12.0,us,us: 5,0-10 km: 0,shallow,light,58.063324,-49.355034
2729,5,2,2023-05-12 13:24:45,-19.308,-173.467,28.47,4.7,mb: 0,0.827,us: 5,Tonga,earthquake: 0,7.2,0.115,23.0,us,us: 5,0-10 km: 0,shallow,light,-51.91197,-11.892968
2730,5,2,2023-05-12 15:01:51,12.4037,144.0895,32.147,5.0,mww: 7,1.402,us: 5,Guam region,earthquake: 0,4.084,0.098,10.0,us,us: 5,0-10 km: 0,shallow,moderate,27.44524,-25.682114
2731,5,2,2023-05-12 21:29:33,-30.1532,-177.6968,39.605,4.6,mb: 0,0.909,us: 5,"Kermadec Islands, New Zealand",earthquake: 0,9.234,0.207,7.0,us,us: 5,0-10 km: 0,shallow,light,-48.35047,-17.913204
2732,5,2,2023-05-12 21:46:39,-24.4044,-175.8109,20.087,5.2,mb: 0,3.268,us: 5,south of Tonga,earthquake: 0,4.2,0.039,216.0,us,us: 5,0-10 km: 0,shallow,moderate,-58.831726,0.70882374
2733,5,2,2023-05-12 21:51:16,-0.2599,151.225,10.0,4.6,mb: 0,4.016,us: 5,"260 km N of Kavieng, Papua New Guinea",earthquake: 0,1.863,0.095,33.0,us,us: 5,0-10 km: 0,shallow,light,-0.18232001,-9.973931
2734,5,2,2023-05-13 04:51:25,-38.0621,-73.6478,18.733,4.6,mwr: 6,1.362,us: 5,"36 km SW of Cañete, Chile",earthquake: 0,3.119,0.058,29.0,us,us: 5,0-10 km: 0,shallow,light,64.888596,-44.110252
2735,5,2,2023-05-13 07:10:27,29.9909,129.9763,10.0,5.2,mww: 7,1.568,us: 5,"53 km SW of Kurio, Japan",earthquake: 0,1.805,0.04,59.0,us,us: 5,0-10 km: 0,shallow,moderate,26.605186,-43.195957
2736,5,2,2023-05-13 07:21:35,10.1001,125.9643,70.599,4.9,mb: 0,3.035,us: 5,"12 km NW of Santa Monica, Philippines",earthquake: 0,6.679,0.063,79.0,us,us: 5,0-10 km: 0,intermediate,light,28.938358,39.539917
2737,5,2,2023-05-13 14:37:43,10.1268,126.0458,45.197,5.0,mww: 7,3.072,us: 5,Philippine Islands region,earthquake: 0,5.479,0.098,10.0,us,us: 5,0-10 km: 0,shallow,moderate,27.03259,-24.283304
2738,5,2,2023-05-13 19:16:46,5.8776,125.3675,90.915,4.9,mb: 0,1.203,us: 5,"6 km NE of Kiupo, Philippines",earthquake: 0,5.973,0.056,102.0,us,us: 5,0-10 km: 0,intermediate,light,28.724607,42.463314
2739,5,2,2023-05-13 20:19:47,53.2315,-169.8065,112.0,5.4,mww: 7,0.373,us: 5,"71 km WNW of Nikolski, Alaska",earthquake: 0,3.765,0.041,56.0,us,us: 5,0-10 km: 0,intermediate,moderate,26.799887,-65.43329
2740,5,2,2023-05-14 05:57:34,55.5815,161.4367,86.919,4.7,mb: 0,3.039,us: 5,"90 km SSE of Klyuchi, Russia",earthquake: 0,4.784,0.028,388.0,us,us: 5,0-10 km: 0,intermediate,light,-9.874184,52.957657
2741,5,2,2023-05-14 06:04:17,4.0397,-73.7077,10.0,4.8,mb: 0,1.007,us: 5,Colombia,earthquake: 0,1.907,0.029,364.0,us,us: 5,0-10 km: 0,shallow,light,-19.355373,51.51866
2742,5,2,2023-05-14 06:13:52,-7.2326,124.5946,556.756,5.2,mww: 7,2.527,us: 5,"166 km NNW of Maubara, Timor Leste",earthquake: 0,5.964,0.098,10.0,us,us: 5,0-10 km: 0,deep,moderate,71.10893,2.3081255
2743,5,2,2023-05-14 07:03:24,33.3052,139.3771,19.914,4.7,mb: 0,0.406,us: 5,"157 km SSE of Shimoda, Japan",earthquake: 0,1.849,0.051,118.0,us,us: 5,0-10 km: 0,shallow,light,-8.977384,30.022736
2744,5,2,2023-05-14 08:07:05,-22.7983,69.2164,10.0,4.8,mb: 0,6.236,us: 5,Mid-Indian Ridge,earthquake: 0,1.799,0.089,43.0,us,us: 5,0-10 km: 0,shallow,light,-21.383465,-38.172134
2745,5,2,2023-05-14 08:11:57,33.3767,139.3714,18.623,5.4,mww: 7,0.453,us: 5,"149 km SSE of Shimoda, Japan",earthquake: 0,4.073,0.045,48.0,us,us: 5,0-10 km: 0,shallow,moderate,29.698092,-42.68465
2746,5,2,2023-05-14 08:21:41,33.3132,139.3665,12.769,5.8,mww: 7,0.424,us: 5,"156 km SSE of Shimoda, Japan",earthquake: 0,3.193,0.046,45.0,us,us: 5,0-10 km: 0,shallow,moderate,31.369204,-43.827454
2747,5,2,2023-05-14 08:25:35,33.3483,139.3133,11.306,4.6,mb: 0,0.479,us: 5,"151 km SSE of Shimoda, Japan",earthquake: 0,4.284,0.122,20.0,us,us: 5,0-10 km: 0,shallow,light,25.238386,9.208217
2748,5,2,2023-05-14 08:30:26,33.3194,139.3353,18.995,4.7,mb: 0,0.45,us: 5,"154 km SSE of Shimoda, Japan",earthquake: 0,4.251,0.061,80.0,us,us: 5,0-10 km: 0,shallow,light,6.529543,29.76514
2749,5,2,2023-05-14 08:44:09,33.3252,139.4954,9.473,5.0,mww: 7,0.339,us: 5,"158 km SSE of Shimoda, Japan",earthquake: 0,3.747,0.06,27.0,us,us: 5,0-10 km: 0,shallow,moderate,20.99874,-39.300877
2750,5,2,2023-05-14 08:46:11,33.279,139.2738,14.31,4.6,mb: 0,0.481,us: 5,"157 km S of Shimoda, Japan",earthquake: 0,2.123,0.112,26.0,us,us: 5,0-10 km: 0,shallow,light,-16.616138,7.9917088
2751,5,2,2023-05-14 09:49:42,11.4596,141.611,10.0,5.1,mww: 7,3.821,us: 5,"222 km NNE of Fais, Micronesia",earthquake: 0,1.824,0.083,14.0,us,us: 5,0-10 km: 0,shallow,moderate,30.027838,-30.264942
2752,5,2,2023-05-14 10:11:35,33.4427,139.3262,13.261,5.6,mww: 7,0.523,us: 5,"141 km SSE of Shimoda, Japan",earthquake: 0,4.036,0.044,50.0,us,us: 5,0-10 km: 0,shallow,moderate,30.260838,-43.04351
2753,5,2,2023-05-14 11:27:53,56.9587,-33.8818,10.0,4.9,mb: 0,7.284,us: 5,Reykjanes Ridge,earthquake: 0,1.848,0.031,319.0,us,us: 5,0-10 km: 0,shallow,light,-16.612843,48.627087
2754,5,2,2023-05-14 11:29:07,33.2405,139.2775,14.129,4.8,mb: 0,0.467,us: 5,"162 km S of Shimoda, Japan",earthquake: 0,4.211,0.046,148.0,us,us: 5,0-10 km: 0,shallow,light,-0.2522955,37.940586
2755,5,2,2023-05-14 12:44:31,7.4664,123.5627,27.349,5.0,mww: 7,2.039,us: 5,"14 km E of Malim, Philippines",earthquake: 0,2.666,0.098,10.0,us,us: 5,0-10 km: 0,shallow,moderate,28.203667,-27.483358
2756,5,2,2023-05-14 13:55:57,33.4166,139.3909,10.0,5.0,mww: 7,0.465,us: 5,"145 km SSE of Shimoda, Japan",earthquake: 0,1.873,0.062,25.0,us,us: 5,0-10 km: 0,shallow,moderate,24.327991,-43.717472
2757,5,2,2023-05-14 13:58:18,-6.8932,129.5235,150.269,4.7,mb: 0,2.386,us: 5,Banda Sea,earthquake: 0,7.714,0.082,45.0,us,us: 5,0-10 km: 0,intermediate,light,44.092113,32.003273
2758,5,2,2023-05-14 14:03:30,33.4328,139.3741,10.0,5.2,mww: 7,0.486,us: 5,"Izu Islands, Japan region",earthquake: 0,1.806,0.058,29.0,us,us: 5,0-10 km: 0,shallow,moderate,25.519875,-44.18721
2759,5,2,2023-05-14 14:05:29,33.3091,139.2826,10.0,4.8,mb: 0,0.485,us: 5,"154 km SSE of Shimoda, Japan",earthquake: 0,1.879,0.143,17.0,us,us: 5,0-10 km: 0,shallow,light,-17.68301,3.9811833
2760,5,2,2023-05-14 14:20:58,33.3763,139.3249,10.0,4.9,mb: 0,0.485,us: 5,"Izu Islands, Japan region",earthquake: 0,1.888,0.063,80.0,us,us: 5,0-10 km: 0,shallow,light,-8.138654,20.250235
2761,5,2,2023-05-14 15:32:20,0.4875,126.9209,122.433,5.0,mww: 7,0.528,us: 5,"61 km WSW of Ternate, Indonesia",earthquake: 0,5.415,0.08,15.0,us,us: 5,0-10 km: 0,intermediate,moderate,30.353352,-16.557035
2762,5,2,2023-05-14 16:22:52,33.3944,139.1999,10.0,5.1,mww: 7,0.585,us: 5,"Izu Islands, Japan region",earthquake: 0,1.852,0.051,37.0,us,us: 5,0-10 km: 0,shallow,moderate,25.396517,-43.437897
2763,5,2,2023-05-14 16:43:09,6.8463,-73.0895,151.854,4.6,mb: 0,0.948,us: 5,"12 km N of Jordán, Colombia",earthquake: 0,6.073,0.032,300.0,us,us: 5,0-10 km: 0,intermediate,light,-19.542341,54.971424
2764,5,2,2023-05-14 17:19:29,-44.191,-16.034,10.0,5.0,mb: 0,16.684,us: 5,southern Mid-Atlantic Ridge,earthquake: 0,1.847,0.109,27.0,us,us: 5,10-20 km: 1,shallow,moderate,-26.645617,-42.31252
2765,5,2,2023-05-14 17:57:22,75.3774,7.3661,10.0,4.6,mb: 0,3.492,us: 5,Greenland Sea,earthquake: 0,1.861,0.065,71.0,us,us: 5,0-10 km: 0,shallow,light,-26.582836,28.465675
2766,5,2,2023-05-14 22:00:11,45.4259,148.5079,135.61,5.0,mww: 7,4.276,us: 5,"54 km ENE of Kuril’sk, Russia",earthquake: 0,4.831,0.098,10.0,us,us: 5,0-10 km: 0,intermediate,moderate,16.631264,-35.3768
2767,5,3,2023-05-15 07:39:39,-22.7606,-66.4159,237.07,5.3,mww: 7,1.637,us: 5,"73 km W of Abra Pampa, Argentina",earthquake: 0,5.409,0.056,31.0,us,us: 5,0-10 km: 0,intermediate,moderate,58.721626,-42.612663
2768,5,3,2023-05-15 09:44:31,33.2725,139.2745,16.619,4.6,mb: 0,0.453,us: 5,"158 km S of Shimoda, Japan",earthquake: 0,3.981,0.07,61.0,us,us: 5,0-10 km: 0,shallow,light,7.1861243,28.183374
2769,5,3,2023-05-15 16:10:02,-0.1072,124.9618,59.505,4.8,mb: 0,2.379,us: 5,"85 km SE of Modisi, Indonesia",earthquake: 0,6.07,0.066,71.0,us,us: 5,0-10 km: 0,shallow,light,30.226288,37.69759
2770,5,3,2023-05-15 16:23:23,1.9536,126.7368,49.813,4.6,mb: 0,1.332,us: 5,"143 km W of Tobelo, Indonesia",earthquake: 0,2.223,0.098,31.0,us,us: 5,0-10 km: 0,shallow,light,-3.5882082,-5.871641
2771,5,3,2023-05-15 19:05:12,15.1044,39.411,9.924,4.6,mb: 0,4.878,us: 5,"28 km N of Adi Keyh, Eritrea",earthquake: 0,4.131,0.058,88.0,us,us: 5,0-10 km: 0,shallow,light,-5.606933,8.554258
2772,5,3,2023-05-16 02:38:47,70.3551,-15.3532,10.0,4.6,mb: 0,6.077,us: 5,"253 km WSW of Olonkinbyen, Svalbard and Jan Mayen",earthquake: 0,1.884,0.068,64.0,us,us: 5,0-10 km: 0,shallow,light,-26.53143,28.064657
2773,5,3,2023-05-16 03:08:57,70.3368,-15.3702,10.0,5.3,mww: 7,2.377,us: 5,"254 km WSW of Olonkinbyen, Svalbard and Jan Mayen",earthquake: 0,0.905,0.041,57.0,us,us: 5,0-10 km: 0,shallow,moderate,22.44156,-61.682877
2774,5,3,2023-05-16 04:57:36,-47.0273,-13.5538,14.921,4.6,mb: 0,29.014,us: 5,southern Mid-Atlantic Ridge,earthquake: 0,3.847,0.133,17.0,us,us: 5,20-30 km: 2,shallow,light,-34.880535,-45.961678
2775,5,3,2023-05-16 11:56:39,33.3263,139.1696,10.0,4.6,mb: 0,0.554,us: 5,"151 km S of Shimoda, Japan",earthquake: 0,1.844,0.067,67.0,us,us: 5,0-10 km: 0,shallow,light,-11.251215,19.40786
2776,5,3,2023-05-16 11:57:13,33.2327,139.3961,10.0,4.7,mb: 0,0.344,us: 5,"165 km SSE of Shimoda, Japan",earthquake: 0,1.868,0.104,28.0,us,us: 5,0-10 km: 0,shallow,light,-15.755586,9.145258
2777,5,3,2023-05-16 13:53:18,-20.6624,-173.8868,10.0,4.9,mb: 0,1.331,us: 5,"105 km SSE of Pangai, Tonga",earthquake: 0,1.842,0.08,49.0,us,us: 5,0-10 km: 0,shallow,light,-64.68067,-8.393143
2778,5,3,2023-05-16 17:19:15,-4.5029,143.151,88.984,4.9,mb: 0,3.141,us: 5,"48 km SE of Ambunti, Papua New Guinea",earthquake: 0,5.19,0.052,128.0,us,us: 5,0-10 km: 0,intermediate,light,25.104183,46.132103
2779,5,3,2023-05-16 18:22:12,23.0943,-100.1202,10.0,5.0,mww: 7,2.279,us: 5,"15 km NNW of Lázaro Cárdenas, Mexico",earthquake: 0,1.821,0.093,11.0,us,us: 5,0-10 km: 0,shallow,moderate,54.80866,-53.037125
2780,5,3,2023-05-16 21:29:01,10.6922,-45.4567,10.0,4.7,mb: 0,9.023,us: 5,North Atlantic Ocean,earthquake: 0,1.869,0.063,76.0,us,us: 5,0-10 km: 0,shallow,light,-33.9511,2.8622348
2781,5,3,2023-05-16 21:56:24,42.8211,80.5719,17.114,4.7,mb: 0,0.944,us: 5,"112 km ESE of Kegen, Kazakhstan",earthquake: 0,3.849,0.051,116.0,us,us: 5,0-10 km: 0,shallow,light,1.9242947,30.277342
2782,5,3,2023-05-17 02:03:35,15.7582,145.1163,10.0,4.6,mb: 0,2.17,us: 5,"91 km NW of Saipan, Northern Mariana Islands",earthquake: 0,1.781,0.182,9.0,us,us: 5,0-10 km: 0,shallow,light,-16.625837,-16.72174
2783,5,3,2023-05-17 10:16:32,-31.8836,-66.8112,131.418,4.6,mb: 0,1.631,us: 5,"93 km NNW of Villa General Roca, Argentina",earthquake: 0,8.419,0.111,24.0,us,us: 5,0-10 km: 0,intermediate,light,-44.65118,-9.922146
2784,5,3,2023-05-17 16:40:06,-1.2497,-16.1937,10.0,4.8,mb: 0,6.886,us: 5,north of Ascension Island,earthquake: 0,1.874,0.115,23.0,us,us: 5,0-10 km: 0,shallow,light,-30.460943,-5.5042715
2785,5,3,2023-05-17 21:22:03,76.9907,18.2164,10.004,4.8,mb: 0,1.261,us: 5,"150 km SSE of Longyearbyen, Svalbard and Jan Mayen",earthquake: 0,3.114,0.043,167.0,us,us: 5,0-10 km: 0,shallow,light,-25.55092,31.099445
2786,5,3,2023-05-17 22:07:18,-30.243,-176.4744,10.0,4.7,mb: 0,1.593,us: 5,Kermadec Islands region,earthquake: 0,1.826,0.147,14.0,us,us: 5,0-10 km: 0,shallow,light,-60.283615,-25.146809
2787,5,3,2023-05-17 23:01:59,15.1066,-90.8052,252.0,6.4,mww: 7,1.556,us: 5,"8 km SE of Canillá, Guatemala",earthquake: 0,1.674,0.024,174.0,us,us: 5,0-10 km: 0,intermediate,strong,45.16115,-50.70196
2788,5,3,2023-05-18 00:18:59,9.5438,57.8414,10.0,4.7,mb: 0,14.318,us: 5,Carlsberg Ridge,earthquake: 0,1.839,0.061,81.0,us,us: 5,10-20 km: 1,shallow,light,-5.835012,6.88984
2789,5,3,2023-05-18 08:43:56,19.7455,-70.7991,15.26,4.8,mwr: 6,0.272,us: 5,Dominican Republic region,earthquake: 0,3.144,0.046,45.0,us,us: 5,0-10 km: 0,shallow,light,55.048836,-50.39771
2790,5,3,2023-05-18 09:45:48,55.4013,162.954,10.0,4.6,mb: 0,3.473,us: 5,"96 km SSE of Ust’-Kamchatsk Staryy, Russia",earthquake: 0,1.64,0.055,98.0,us,us: 5,0-10 km: 0,shallow,light,-5.5923805,30.334719
2791,5,3,2023-05-18 10:43:45,-6.2095,-101.8219,10.0,4.8,mb: 0,21.835,us: 5,central East Pacific Rise,earthquake: 0,1.61,0.035,252.0,us,us: 5,20-30 km: 2,shallow,light,-22.381802,48.858707
2792,5,3,2023-05-18 11:56:17,-55.7305,-27.0087,42.4,5.2,mb: 0,5.645,us: 5,South Sandwich Islands region,earthquake: 0,5.303,0.079,53.0,us,us: 5,0-10 km: 0,shallow,moderate,-26.537575,-52.43264
2793,5,3,2023-05-18 12:47:50,-55.7181,-27.1663,45.508,4.9,mb: 0,5.555,us: 5,South Sandwich Islands region,earthquake: 0,4.819,0.126,20.0,us,us: 5,0-10 km: 0,shallow,light,-31.281109,-51.42786
2794,5,3,2023-05-18 13:03:03,7.7552,126.946,64.653,4.6,mb: 0,1.517,us: 5,"44 km E of Kinablangan, Philippines",earthquake: 0,6.76,0.054,102.0,us,us: 5,0-10 km: 0,shallow,light,25.749342,38.662125
2795,5,3,2023-05-18 13:13:19,52.5682,-176.3091,194.996,4.6,mb: 0,0.482,us: 5,"80 km NNE of Adak, Alaska",earthquake: 0,3.267,0.028,370.0,us,us: 5,0-10 km: 0,intermediate,light,-16.787115,51.075375
2796,5,3,2023-05-18 18:38:45,-60.3503,-29.1811,10.0,4.6,mb: 0,7.252,us: 5,South Sandwich Islands region,earthquake: 0,1.842,0.122,20.0,us,us: 5,0-10 km: 0,shallow,light,-33.140026,-44.55274
2797,5,3,2023-05-18 18:58:51,34.9922,24.8491,10.789,5.1,mww: 7,0.297,us: 5,"6 km SSW of Moíres, Greece",earthquake: 0,3.432,0.08,15.0,us,us: 5,0-10 km: 0,shallow,moderate,19.260702,-53.25839
2798,5,3,2023-05-18 19:43:25,-20.0506,-175.4378,148.959,4.7,mb: 0,1.048,us: 5,Tonga,earthquake: 0,5.227,0.076,52.0,us,us: 5,0-10 km: 0,intermediate,light,-50.662586,-4.2472076
2799,5,3,2023-05-18 21:08:23,51.7792,-176.4757,59.559,4.6,mb: 0,0.165,us: 5,"15 km SE of Adak, Alaska",earthquake: 0,4.152,0.034,252.0,us,us: 5,0-10 km: 0,shallow,light,-18.178755,49.024086
2800,5,3,2023-05-18 21:56:27,33.2888,132.2106,62.252,4.6,mb: 0,1.46,us: 5,"27 km SW of Yawatahama, Japan",earthquake: 0,2.512,0.051,115.0,us,us: 5,0-10 km: 0,shallow,light,-7.6832724,29.460052
2801,5,3,2023-05-18 21:59:35,-30.0838,-177.7143,35.0,4.8,mb: 0,0.838,us: 5,"Kermadec Islands, New Zealand",earthquake: 0,1.966,0.21,7.0,us,us: 5,0-10 km: 0,shallow,light,-52.043617,-27.85607
2802,5,3,2023-05-19 00:57:30,-5.8023,147.4741,84.447,4.9,mb: 0,3.593,us: 5,"93 km NNW of Finschhafen, Papua New Guinea",earthquake: 0,6.68,0.042,182.0,us,us: 5,0-10 km: 0,intermediate,light,23.043764,48.457893
2803,5,3,2023-05-19 00:58:33,-29.1083,-177.1131,10.0,4.6,mb: 0,0.722,us: 5,"Kermadec Islands, New Zealand",earthquake: 0,1.949,0.314,3.0,us,us: 5,0-10 km: 0,shallow,light,-48.851807,-26.568512
2804,5,3,2023-05-19 02:57:03,-23.2063,170.7423,18.053,7.7,mww: 7,3.096,us: 5,southeast of the Loyalty Islands,earthquake: 0,2.58,0.035,79.0,us,us: 5,0-10 km: 0,shallow,major,42.089615,-40.05808
2805,5,3,2023-05-19 03:03:47,-23.2314,171.0091,34.315,5.5,mb: 0,4.372,us: 5,southeast of the Loyalty Islands,earthquake: 0,2.84,0.135,19.0,us,us: 5,0-10 km: 0,shallow,moderate,0.0023973647,-29.047777
2806,5,3,2023-05-19 03:06:24,-23.207,170.7182,33.261,5.9,mb: 0,3.074,us: 5,southeast of the Loyalty Islands,earthquake: 0,4.334,0.077,61.0,us,us: 5,0-10 km: 0,shallow,moderate,18.966812,18.704382
2807,5,3,2023-05-19 03:10:45,-23.1845,170.5515,33.846,5.5,mb: 0,2.919,us: 5,southeast of the Loyalty Islands,earthquake: 0,2.516,0.163,13.0,us,us: 5,0-10 km: 0,shallow,moderate,-0.62985253,-29.286957
2808,5,3,2023-05-19 03:13:01,-23.1768,170.6575,10.0,5.4,mb: 0,3.014,us: 5,southeast of the Loyalty Islands,earthquake: 0,1.781,0.156,14.0,us,us: 5,0-10 km: 0,shallow,moderate,-0.5574274,-29.120514
2809,5,3,2023-05-19 03:27:56,-23.2812,170.584,32.94,5.3,mb: 0,2.968,us: 5,southeast of the Loyalty Islands,earthquake: 0,4.227,0.175,11.0,us,us: 5,0-10 km: 0,shallow,moderate,-1.3938503,-29.699827
2810,5,3,2023-05-19 03:32:10,-23.3643,171.3516,10.0,4.6,mb: 0,3.675,us: 5,southeast of the Loyalty Islands,earthquake: 0,1.82,0.244,5.0,us,us: 5,0-10 km: 0,shallow,light,-14.173767,-26.20341
2811,5,3,2023-05-19 03:40:19,-23.122,170.752,10.0,4.9,mb: 0,3.09,us: 5,southeast of the Loyalty Islands,earthquake: 0,1.909,0.169,11.0,us,us: 5,0-10 km: 0,shallow,light,-5.598727,-27.963444
2812,5,3,2023-05-19 03:50:05,-23.4208,171.2488,10.0,4.9,mb: 0,3.594,us: 5,southeast of the Loyalty Islands,earthquake: 0,1.879,0.177,10.0,us,us: 5,0-10 km: 0,shallow,light,-6.484173,-28.200945
2813,5,3,2023-05-19 04:02:30,-23.3074,171.0752,36.697,5.3,mb: 0,3.415,us: 5,southeast of the Loyalty Islands,earthquake: 0,5.427,0.081,51.0,us,us: 5,0-10 km: 0,shallow,moderate,19.577427,19.086016
2814,5,3,2023-05-19 04:09:24,-23.2428,171.0634,39.41,5.2,mb: 0,3.393,us: 5,southeast of the Loyalty Islands,earthquake: 0,6.66,0.148,16.0,us,us: 5,0-10 km: 0,shallow,moderate,29.769861,15.071363
2815,5,3,2023-05-19 04:09:37,-23.2499,170.66,10.0,5.2,mb: 0,3.03,us: 5,southeast of the Loyalty Islands,earthquake: 0,1.892,0.136,18.0,us,us: 5,0-10 km: 0,shallow,moderate,0.9647173,-27.714788
2816,5,3,2023-05-19 04:22:39,-23.2021,170.6489,36.009,5.3,mb: 0,3.01,us: 5,southeast of the Loyalty Islands,earthquake: 0,3.675,0.094,42.0,us,us: 5,0-10 km: 0,shallow,moderate,19.395813,18.586054
2817,5,3,2023-05-19 04:28:57,-23.0715,170.5487,10.0,4.8,mb: 0,2.898,us: 5,southeast of the Loyalty Islands,earthquake: 0,1.907,0.227,6.0,us,us: 5,0-10 km: 0,shallow,light,-13.635889,-26.298357
2818,5,3,2023-05-19 04:50:14,-23.1185,170.7314,34.148,5.1,mb: 0,3.071,us: 5,southeast of the Loyalty Islands,earthquake: 0,1.69,0.057,102.0,us,us: 5,0-10 km: 0,shallow,moderate,13.147061,-3.210057
2819,5,3,2023-05-19 04:55:58,-23.1218,170.7009,10.0,4.9,mb: 0,3.044,us: 5,southeast of the Loyalty Islands,earthquake: 0,1.873,0.187,9.0,us,us: 5,0-10 km: 0,shallow,light,-7.6266,-28.314878
2820,5,3,2023-05-19 05:03:34,-23.4657,171.0466,10.0,4.8,mb: 0,3.423,us: 5,southeast of the Loyalty Islands,earthquake: 0,1.885,0.131,18.0,us,us: 5,0-10 km: 0,shallow,light,1.2676388,-24.961336
2821,5,3,2023-05-19 05:06:04,-23.2657,170.5753,10.0,5.2,mb: 0,2.957,us: 5,southeast of the Loyalty Islands,earthquake: 0,1.883,0.071,65.0,us,us: 5,0-10 km: 0,shallow,moderate,12.9685955,-7.2335105
2822,5,3,2023-05-19 05:08:34,-23.3936,170.9818,10.0,4.6,mb: 0,3.349,us: 5,southeast of the Loyalty Islands,earthquake: 0,1.841,0.165,11.0,us,us: 5,0-10 km: 0,shallow,light,-6.3282056,-26.17577
2823,5,3,2023-05-19 05:11:28,-22.7594,170.5315,10.0,4.8,mb: 0,2.853,us: 5,southeast of the Loyalty Islands,earthquake: 0,1.896,0.13,18.0,us,us: 5,0-10 km: 0,shallow,light,1.3710175,-24.931425
2824,5,3,2023-05-19 05:22:37,-23.3749,171.2033,10.0,4.9,mb: 0,3.544,us: 5,southeast of the Loyalty Islands,earthquake: 0,1.894,0.112,25.0,us,us: 5,0-10 km: 0,shallow,light,6.695971,-18.257149
2825,5,3,2023-05-19 05:23:07,-23.3141,171.2902,10.0,4.8,mb: 0,3.611,us: 5,southeast of the Loyalty Islands,earthquake: 0,1.876,0.125,20.0,us,us: 5,0-10 km: 0,shallow,light,1.9935718,-24.707577
2826,5,3,2023-05-19 05:25:47,-23.2365,171.2742,10.0,5.2,mb: 0,3.583,us: 5,southeast of the Loyalty Islands,earthquake: 0,1.869,0.066,75.0,us,us: 5,0-10 km: 0,shallow,moderate,12.975737,-6.4329734
2827,5,3,2023-05-19 05:28:26,-23.2105,170.6418,10.0,4.9,mb: 0,3.006,us: 5,southeast of the Loyalty Islands,earthquake: 0,1.89,0.103,30.0,us,us: 5,0-10 km: 0,shallow,light,7.3274374,-17.350225
2828,5,3,2023-05-19 05:36:48,-23.0571,170.7424,10.0,5.2,mb: 0,3.073,us: 5,southeast of the Loyalty Islands,earthquake: 0,1.871,0.073,61.0,us,us: 5,0-10 km: 0,shallow,moderate,12.948113,-7.473069
2829,5,3,2023-05-19 05:52:28,-23.192,170.9162,10.0,4.9,mb: 0,3.251,us: 5,southeast of the Loyalty Islands,earthquake: 0,1.885,0.12,22.0,us,us: 5,0-10 km: 0,shallow,light,2.7731462,-25.108637
2830,5,3,2023-05-19 05:54:13,-23.2594,170.9953,10.0,4.7,mb: 0,3.334,us: 5,southeast of the Loyalty Islands,earthquake: 0,1.892,0.097,32.0,us,us: 5,0-10 km: 0,shallow,light,8.23146,-16.071486
2831,5,3,2023-05-19 06:05:43,-23.1788,170.5661,10.0,4.7,mb: 0,2.931,us: 5,southeast of the Loyalty Islands,earthquake: 0,1.791,0.13,18.0,us,us: 5,0-10 km: 0,shallow,light,1.0488938,-23.830757
2832,5,3,2023-05-19 06:08:21,-23.2418,171.0501,10.0,4.9,mb: 0,3.381,us: 5,southeast of the Loyalty Islands,earthquake: 0,1.739,0.075,56.0,us,us: 5,0-10 km: 0,shallow,light,11.000027,-10.873482
2833,5,3,2023-05-19 06:22:59,-23.457,170.7312,10.0,4.6,mb: 0,3.14,us: 5,southeast of the Loyalty Islands,earthquake: 0,1.894,0.182,9.0,us,us: 5,0-10 km: 0,shallow,light,-9.054751,-26.996225
2834,5,3,2023-05-19 06:25:46,-23.1474,170.6608,10.0,4.6,mb: 0,3.012,us: 5,southeast of the Loyalty Islands,earthquake: 0,1.949,0.157,12.0,us,us: 5,0-10 km: 0,shallow,light,-4.9480605,-25.632378
2835,5,3,2023-05-19 06:34:10,-23.0798,170.4925,10.0,5.0,mb: 0,2.848,us: 5,southeast of the Loyalty Islands,earthquake: 0,1.86,0.061,85.0,us,us: 5,0-10 km: 0,shallow,moderate,12.527601,-4.067452
2836,5,3,2023-05-19 06:56:36,-23.1312,170.8369,10.0,4.7,mb: 0,3.169,us: 5,southeast of the Loyalty Islands,earthquake: 0,1.746,0.12,21.0,us,us: 5,0-10 km: 0,shallow,light,3.4593287,-21.664747
2837,5,3,2023-05-19 06:59:04,-23.2624,170.7122,10.0,4.8,mb: 0,3.079,us: 5,southeast of the Loyalty Islands,earthquake: 0,1.897,0.135,17.0,us,us: 5,0-10 km: 0,shallow,light,0.72466326,-25.126305
2838,5,3,2023-05-19 07:02:07,-23.2025,170.9954,10.0,5.0,mb: 0,3.324,us: 5,southeast of the Loyalty Islands,earthquake: 0,1.881,0.063,81.0,us,us: 5,0-10 km: 0,shallow,moderate,12.466619,-4.2532096
2839,5,3,2023-05-19 07:06:23,-23.1973,170.7488,10.0,4.8,mb: 0,3.1,us: 5,southeast of the Loyalty Islands,earthquake: 0,1.9,0.148,14.0,us,us: 5,0-10 km: 0,shallow,light,-2.6738646,-26.117424
2840,5,3,2023-05-19 07:13:39,-23.1656,170.787,10.0,5.4,mb: 0,3.129,us: 5,southeast of the Loyalty Islands,earthquake: 0,1.858,0.054,119.0,us,us: 5,0-10 km: 0,shallow,moderate,13.692344,-2.1451223
2841,5,3,2023-05-19 07:18:58,-23.3175,171.1683,10.0,4.6,mb: 0,3.501,us: 5,southeast of the Loyalty Islands,earthquake: 0,1.94,0.183,9.0,us,us: 5,0-10 km: 0,shallow,light,-9.240148,-27.026073
2842,5,3,2023-05-19 07:19:20,9.4636,125.4354,10.0,4.6,mb: 0,2.383,us: 5,"2 km S of Cantapoy, Philippines",earthquake: 0,1.879,0.119,21.0,us,us: 5,0-10 km: 0,shallow,light,-12.341235,-6.512826
2843,5,3,2023-05-19 07:23:47,-23.3855,171.2457,10.0,4.8,mb: 0,3.584,us: 5,southeast of the Loyalty Islands,earthquake: 0,1.884,0.128,19.0,us,us: 5,0-10 km: 0,shallow,light,1.633108,-24.842556
2844,5,3,2023-05-19 07:52:20,-23.2712,171.1156,10.0,4.6,mb: 0,3.445,us: 5,southeast of the Loyalty Islands,earthquake: 0,1.765,0.183,9.0,us,us: 5,0-10 km: 0,shallow,light,-9.220513,-27.013065
2845,5,3,2023-05-19 08:00:06,-23.0743,170.7353,10.0,4.6,mb: 0,3.068,us: 5,southeast of the Loyalty Islands,earthquake: 0,1.864,0.172,11.0,us,us: 5,0-10 km: 0,shallow,light,-7.6979547,-26.621325
2846,5,3,2023-05-19 08:10:40,-23.0974,170.7174,10.0,4.8,mb: 0,3.055,us: 5,southeast of the Loyalty Islands,earthquake: 0,1.479,0.1,31.0,us,us: 5,0-10 km: 0,shallow,light,8.0646105,-16.53462
2847,5,3,2023-05-19 08:12:57,-23.2262,170.6874,10.0,4.6,mb: 0,3.05,us: 5,southeast of the Loyalty Islands,earthquake: 0,1.898,0.158,12.0,us,us: 5,0-10 km: 0,shallow,light,-5.148166,-25.70803
2848,5,3,2023-05-19 08:19:47,-23.1428,171.0252,10.0,4.8,mb: 0,3.342,us: 5,southeast of the Loyalty Islands,earthquake: 0,1.917,0.16,12.0,us,us: 5,0-10 km: 0,shallow,light,-4.8912396,-27.157665
2849,5,3,2023-05-19 08:27:20,-22.8902,170.7149,10.0,5.3,mb: 0,3.03,us: 5,southeast of the Loyalty Islands,earthquake: 0,1.852,0.051,129.0,us,us: 5,0-10 km: 0,shallow,moderate,13.645315,-2.1081007
2850,5,3,2023-05-19 08:42:12,-23.1095,170.7541,10.0,4.8,mb: 0,3.091,us: 5,southeast of the Loyalty Islands,earthquake: 0,1.886,0.134,17.0,us,us: 5,0-10 km: 0,shallow,light,0.87200135,-25.089262
2851,5,3,2023-05-19 09:13:46,-22.8719,171.1172,10.0,4.6,mb: 0,3.398,us: 5,southeast of the Loyalty Islands,earthquake: 0,1.912,0.182,9.0,us,us: 5,0-10 km: 0,shallow,light,-9.05283,-26.907557
2852,5,3,2023-05-19 09:27:06,-22.9168,171.0451,10.0,4.7,mb: 0,3.335,us: 5,southeast of the Loyalty Islands,earthquake: 0,1.883,0.184,9.0,us,us: 5,0-10 km: 0,shallow,light,-8.941944,-27.53737
2853,5,3,2023-05-19 09:41:11,-23.0873,170.5853,9.724,4.9,mb: 0,2.934,us: 5,southeast of the Loyalty Islands,earthquake: 0,4.638,0.073,59.0,us,us: 5,0-10 km: 0,shallow,light,21.296436,20.323694
2854,5,3,2023-05-19 09:55:05,-23.1025,170.457,12.463,4.8,mb: 0,2.819,us: 5,southeast of the Loyalty Islands,earthquake: 0,4.714,0.094,36.0,us,us: 5,0-10 km: 0,shallow,light,23.063593,19.687883
2855,5,3,2023-05-19 10:13:09,-22.4561,170.738,10.0,4.6,mb: 0,3.047,us: 5,southeast of the Loyalty Islands,earthquake: 0,1.918,0.172,10.0,us,us: 5,0-10 km: 0,shallow,light,-7.727428,-26.552763
2856,5,3,2023-05-19 10:15:44,-23.2024,170.8501,25.408,4.9,mb: 0,3.193,us: 5,southeast of the Loyalty Islands,earthquake: 0,5.147,0.066,74.0,us,us: 5,0-10 km: 0,shallow,light,20.848997,20.442759
2857,5,3,2023-05-19 10:16:59,-14.9918,-173.1158,10.0,4.6,mb: 0,1.682,us: 5,"129 km NE of Hihifo, Tonga",earthquake: 0,1.773,0.181,9.0,us,us: 5,0-10 km: 0,shallow,light,-54.504337,-26.387892
2858,5,3,2023-05-19 10:22:05,-23.1533,170.8652,8.469,4.9,mb: 0,3.198,us: 5,southeast of the Loyalty Islands,earthquake: 0,3.696,0.063,79.0,us,us: 5,0-10 km: 0,shallow,light,20.239212,20.632322
2859,5,3,2023-05-19 10:44:08,-23.1549,170.7589,8.869,5.1,mb: 0,3.102,us: 5,southeast of the Loyalty Islands,earthquake: 0,4.928,0.066,75.0,us,us: 5,0-10 km: 0,shallow,moderate,20.060816,20.337957
2860,5,3,2023-05-19 10:46:30,-23.3195,171.517,12.948,5.2,mb: 0,3.817,us: 5,southeast of the Loyalty Islands,earthquake: 0,4.392,0.045,165.0,us,us: 5,0-10 km: 0,shallow,moderate,19.94382,46.95323
2861,5,3,2023-05-19 10:50:29,-23.162,170.7558,10.0,4.7,mb: 0,3.1,us: 5,southeast of the Loyalty Islands,earthquake: 0,1.901,0.133,17.0,us,us: 5,0-10 km: 0,shallow,light,0.5782956,-24.006012
2862,5,3,2023-05-19 11:02:22,-22.9921,170.6539,36.112,4.9,mb: 0,2.984,us: 5,southeast of the Loyalty Islands,earthquake: 0,6.822,0.071,62.0,us,us: 5,0-10 km: 0,shallow,light,35.217503,34.373768
2863,5,3,2023-05-19 11:23:40,-23.2863,170.8272,10.0,4.9,mb: 0,3.187,us: 5,southeast of the Loyalty Islands,earthquake: 0,1.86,0.064,76.0,us,us: 5,0-10 km: 0,shallow,light,11.851105,-4.250917
2864,5,3,2023-05-19 11:37:01,-23.365,171.5059,10.0,4.7,mb: 0,3.815,us: 5,southeast of the Loyalty Islands,earthquake: 0,1.876,0.091,37.0,us,us: 5,0-10 km: 0,shallow,light,8.54449,-15.43682
2865,5,3,2023-05-19 12:14:07,1.4595,126.4928,46.303,4.8,mb: 0,1.109,us: 5,"123 km NW of Ternate, Indonesia",earthquake: 0,6.652,0.05,122.0,us,us: 5,0-10 km: 0,shallow,light,26.221672,43.523453
2866,5,3,2023-05-19 14:50:56,-23.2686,170.7453,23.673,4.8,mb: 0,3.11,us: 5,southeast of the Loyalty Islands,earthquake: 0,5.394,0.086,42.0,us,us: 5,0-10 km: 0,shallow,light,22.676992,20.061214
2867,5,3,2023-05-19 15:15:03,12.7964,49.2049,10.0,5.8,mww: 7,6.343,us: 5,"163 km NNW of Qandala, Somalia",earthquake: 0,1.819,0.093,11.0,us,us: 5,0-10 km: 0,shallow,moderate,33.814972,-35.079666
2868,5,3,2023-05-19 15:38:54,-18.0204,167.6371,10.0,5.0,mb: 0,4.044,us: 5,"78 km WSW of Port-Vila, Vanuatu",earthquake: 0,1.89,0.059,94.0,us,us: 5,0-10 km: 0,shallow,moderate,12.440572,-3.4087458
2869,5,3,2023-05-19 15:45:04,-23.8754,171.8194,10.0,4.6,mb: 0,4.214,us: 5,southeast of the Loyalty Islands,earthquake: 0,1.938,0.129,21.0,us,us: 5,0-10 km: 0,shallow,light,1.0763798,-22.783314
2870,5,3,2023-05-19 16:26:52,-23.3613,171.0983,10.0,4.6,mb: 0,3.447,us: 5,southeast of the Loyalty Islands,earthquake: 0,1.927,0.181,11.0,us,us: 5,0-10 km: 0,shallow,light,-8.867168,-26.9438
2871,5,3,2023-05-19 16:47:33,-23.0989,170.6543,10.0,4.7,mb: 0,2.998,us: 5,southeast of the Loyalty Islands,earthquake: 0,1.679,0.108,26.0,us,us: 5,0-10 km: 0,shallow,light,5.721762,-19.596478
2872,5,3,2023-05-19 16:57:31,-23.0779,170.6322,10.0,4.7,mb: 0,2.975,us: 5,southeast of the Loyalty Islands,earthquake: 0,1.987,0.194,9.0,us,us: 5,0-10 km: 0,shallow,light,-9.93604,-27.475233
2873,5,3,2023-05-19 17:02:09,24.9574,-45.3824,10.0,4.7,mb: 0,24.727,us: 5,northern Mid-Atlantic Ridge,earthquake: 0,1.912,0.059,87.0,us,us: 5,20-30 km: 2,shallow,light,-27.14268,23.258234
2874,5,3,2023-05-19 17:10:24,-0.2525,124.5073,59.557,4.6,mb: 0,1.904,us: 5,"78 km S of Modisi, Indonesia",earthquake: 0,6.982,0.066,80.0,us,us: 5,0-10 km: 0,shallow,light,28.506073,36.400978
2875,5,3,2023-05-19 17:14:52,-23.1226,170.9454,10.0,5.0,mb: 0,3.267,us: 5,southeast of the Loyalty Islands,earthquake: 0,1.788,0.062,87.0,us,us: 5,0-10 km: 0,shallow,moderate,12.542406,-4.0398374
2876,5,3,2023-05-19 18:02:07,-33.9857,56.1717,10.0,4.6,mb: 0,17.322,us: 5,Southwest Indian Ridge,earthquake: 0,1.857,0.103,28.0,us,us: 5,10-20 km: 1,shallow,light,-19.671242,-38.724686
2877,5,3,2023-05-19 18:06:56,-33.8781,56.1246,10.0,4.9,mb: 0,11.92,us: 5,Southwest Indian Ridge,earthquake: 0,1.785,0.073,62.0,us,us: 5,10-20 km: 1,shallow,light,-22.931303,-40.162746
2878,5,3,2023-05-19 18:17:48,-22.8997,170.5608,10.0,4.6,mb: 0,2.889,us: 5,southeast of the Loyalty Islands,earthquake: 0,1.899,0.136,17.0,us,us: 5,0-10 km: 0,shallow,light,-0.18934111,-23.232328
2879,5,3,2023-05-19 18:43:00,-23.0563,171.0084,10.0,4.6,mb: 0,3.315,us: 5,southeast of the Loyalty Islands,earthquake: 0,2.005,0.194,9.0,us,us: 5,0-10 km: 0,shallow,light,-10.136481,-27.024712
2880,5,3,2023-05-19 19:38:23,-30.5972,-71.4654,64.648,4.6,mb: 0,0.165,us: 5,"25 km W of Ovalle, Chile",earthquake: 0,4.272,0.119,27.0,us,us: 5,0-10 km: 0,shallow,light,-45.346653,-12.189507
2881,5,3,2023-05-19 20:20:05,-23.3621,171.1276,10.0,4.8,mb: 0,3.473,us: 5,southeast of the Loyalty Islands,earthquake: 0,1.239,0.096,39.0,us,us: 5,0-10 km: 0,shallow,light,8.8399725,-15.808145
2882,5,3,2023-05-19 20:48:18,-23.0795,170.4868,10.0,4.9,mb: 0,2.843,us: 5,southeast of the Loyalty Islands,earthquake: 0,1.487,0.089,44.0,us,us: 5,0-10 km: 0,shallow,light,10.307242,-12.681536
2883,5,3,2023-05-19 21:25:23,-23.3257,170.6939,10.0,4.6,mb: 0,3.076,us: 5,southeast of the Loyalty Islands,earthquake: 0,1.894,0.386,2.0,us,us: 5,0-10 km: 0,shallow,light,-16.043613,-26.36885
2884,5,3,2023-05-19 21:29:52,-23.2376,170.772,35.139,4.7,mb: 0,3.128,us: 5,southeast of the Loyalty Islands,earthquake: 0,7.22,0.152,13.0,us,us: 5,0-10 km: 0,shallow,light,31.04857,13.853388
2885,5,3,2023-05-19 22:03:59,-23.1036,170.7264,10.0,5.1,mb: 0,3.064,us: 5,southeast of the Loyalty Islands,earthquake: 0,1.801,0.062,84.0,us,us: 5,0-10 km: 0,shallow,moderate,12.837691,-4.3621335
2886,5,3,2023-05-19 22:15:25,-23.3058,170.6085,10.0,4.6,mb: 0,2.995,us: 5,southeast of the Loyalty Islands,earthquake: 0,1.944,0.142,15.0,us,us: 5,0-10 km: 0,shallow,light,-1.8263732,-24.088915
2887,5,3,2023-05-20 00:40:24,12.3224,121.7867,35.0,4.8,mb: 0,6.42,us: 5,"23 km WNW of Looc, Philippines",earthquake: 0,1.881,0.067,69.0,us,us: 5,0-10 km: 0,shallow,light,0.10083476,5.239316
2888,5,3,2023-05-20 00:48:12,34.9443,24.9064,10.0,4.8,mb: 0,0.343,us: 5,"12 km SSE of Moíres, Greece",earthquake: 0,1.825,0.048,136.0,us,us: 5,0-10 km: 0,shallow,light,-17.64212,30.6969
2889,5,3,2023-05-20 01:37:29,-17.9308,167.6768,10.0,4.9,mb: 0,4.129,us: 5,"70 km WSW of Port-Vila, Vanuatu",earthquake: 0,1.755,0.08,50.0,us,us: 5,0-10 km: 0,shallow,light,10.405821,-10.600993
2890,5,3,2023-05-20 01:50:59,-23.0421,170.5603,27.309,7.1,mww: 7,2.904,us: 5,southeast of the Loyalty Islands,earthquake: 0,3.276,0.053,34.0,us,us: 5,0-10 km: 0,shallow,major,41.95024,-39.517925
2891,5,3,2023-05-20 02:03:52,-23.1347,170.4528,10.0,5.2,mb: 0,2.821,us: 5,southeast of the Loyalty Islands,earthquake: 0,1.846,0.166,12.0,us,us: 5,0-10 km: 0,shallow,moderate,-1.3332599,-29.101034
2892,5,3,2023-05-20 02:06:32,-23.0658,170.4899,10.0,5.2,mb: 0,2.843,us: 5,southeast of the Loyalty Islands,earthquake: 0,1.229,0.174,12.0,us,us: 5,0-10 km: 0,shallow,moderate,-1.5130365,-29.074253
2893,5,3,2023-05-20 02:20:19,-23.064,170.5134,21.557,5.2,mb: 0,2.865,us: 5,southeast of the Loyalty Islands,earthquake: 0,4.336,0.07,68.0,us,us: 5,0-10 km: 0,shallow,moderate,19.656166,20.110683
2894,5,3,2023-05-20 02:28:44,-23.0955,170.2964,10.0,5.0,mb: 0,2.672,us: 5,"291 km E of Vao, New Caledonia",earthquake: 0,1.868,0.127,21.0,us,us: 5,0-10 km: 0,shallow,moderate,1.6104051,-26.681463
2895,5,3,2023-05-20 02:56:23,-22.6791,170.8267,10.0,5.3,mb: 0,3.123,us: 5,southeast of the Loyalty Islands,earthquake: 0,1.849,0.084,48.0,us,us: 5,0-10 km: 0,shallow,moderate,12.945108,-8.278596
2896,5,3,2023-05-20 03:13:30,-23.1081,170.8022,10.0,4.7,mb: 0,3.134,us: 5,southeast of the Loyalty Islands,earthquake: 0,1.909,0.184,9.0,us,us: 5,0-10 km: 0,shallow,light,-8.952441,-27.547724
2897,5,3,2023-05-20 03:25:42,-23.0527,170.5006,10.0,4.7,mb: 0,2.851,us: 5,southeast of the Loyalty Islands,earthquake: 0,1.873,0.152,13.0,us,us: 5,0-10 km: 0,shallow,light,-3.7114182,-25.763073
2898,5,3,2023-05-20 03:47:52,-23.2403,170.779,33.698,4.6,mb: 0,3.135,us: 5,southeast of the Loyalty Islands,earthquake: 0,5.939,0.222,6.0,us,us: 5,0-10 km: 0,shallow,light,-13.332377,-27.783884
2899,5,3,2023-05-20 04:31:24,-22.9878,170.3852,10.0,5.1,mb: 0,2.737,us: 5,"298 km E of Vao, New Caledonia",earthquake: 0,1.243,0.127,21.0,us,us: 5,0-10 km: 0,shallow,moderate,1.4232427,-27.230778
2900,5,3,2023-05-20 04:34:13,-22.9946,170.4018,10.0,5.2,mb: 0,2.753,us: 5,southeast of the Loyalty Islands,earthquake: 0,1.082,0.078,54.0,us,us: 5,0-10 km: 0,shallow,moderate,12.942733,-8.039939
2901,5,3,2023-05-20 04:41:23,-22.9286,170.1667,34.343,4.9,mb: 0,2.53,us: 5,southeast of the Loyalty Islands,earthquake: 0,5.19,0.122,21.0,us,us: 5,0-10 km: 0,shallow,light,30.486284,16.409943
2902,5,3,2023-05-20 07:34:12,-56.6308,-69.2238,10.0,5.0,mb: 0,1.926,us: 5,"210 km SSW of Ushuaia, Argentina",earthquake: 0,1.844,0.092,38.0,us,us: 5,0-10 km: 0,shallow,moderate,-26.9309,-44.899307
2903,5,3,2023-05-20 07:55:38,-23.1785,170.0789,10.0,4.7,mb: 0,2.492,us: 5,"270 km ESE of Vao, New Caledonia",earthquake: 0,1.882,0.106,27.0,us,us: 5,0-10 km: 0,shallow,light,6.1282177,-19.191183
2904,5,3,2023-05-20 09:17:28,-56.5786,-69.2134,10.0,4.6,mb: 0,1.877,us: 5,"204 km SSW of Ushuaia, Argentina",earthquake: 0,1.921,0.101,29.0,us,us: 5,0-10 km: 0,shallow,light,-31.05984,-46.1388
2905,5,3,2023-05-20 09:41:55,-23.3363,171.6534,10.0,4.8,mb: 0,3.943,us: 5,southeast of the Loyalty Islands,earthquake: 0,1.888,0.077,82.0,us,us: 5,0-10 km: 0,shallow,light,10.987598,-4.7285233
2906,5,3,2023-05-20 09:47:16,-23.1244,170.5942,10.0,4.7,mb: 0,2.947,us: 5,southeast of the Loyalty Islands,earthquake: 0,1.866,0.115,24.0,us,us: 5,0-10 km: 0,shallow,light,4.022851,-20.866144
2907,5,3,2023-05-20 11:02:31,-22.9527,170.4765,10.0,4.7,mb: 0,2.817,us: 5,southeast of the Loyalty Islands,earthquake: 0,1.845,0.165,14.0,us,us: 5,0-10 km: 0,shallow,light,-5.909108,-26.695723
2908,5,3,2023-05-20 11:36:07,-22.9939,170.6036,10.0,5.3,mww: 7,2.938,us: 5,southeast of the Loyalty Islands,earthquake: 0,1.839,0.066,22.0,us,us: 5,0-10 km: 0,shallow,moderate,43.389336,-25.670113
2909,5,3,2023-05-20 12:36:41,-23.0153,170.658,10.0,4.7,mb: 0,2.99,us: 5,southeast of the Loyalty Islands,earthquake: 0,1.894,0.129,21.0,us,us: 5,0-10 km: 0,shallow,light,1.2474855,-23.73391
2910,5,3,2023-05-20 13:27:14,-23.0282,170.7914,10.0,5.1,mb: 0,3.114,us: 5,southeast of the Loyalty Islands,earthquake: 0,1.851,0.052,120.0,us,us: 5,0-10 km: 0,shallow,moderate,13.385592,-2.3798606
2911,5,3,2023-05-20 13:29:22,-23.0243,170.7398,10.0,5.2,mb: 0,3.066,us: 5,southeast of the Loyalty Islands,earthquake: 0,1.805,0.074,60.0,us,us: 5,0-10 km: 0,shallow,moderate,12.934748,-7.566398
2912,5,3,2023-05-20 13:50:20,-23.1892,170.6526,10.0,4.8,mb: 0,3.011,us: 5,southeast of the Loyalty Islands,earthquake: 0,1.913,0.144,15.0,us,us: 5,0-10 km: 0,shallow,light,-2.0882642,-25.905203
2913,5,3,2023-05-20 14:11:22,34.939,140.1882,81.514,4.6,mb: 0,1.67,us: 5,"19 km SE of Wada, Japan",earthquake: 0,7.824,0.098,31.0,us,us: 5,0-10 km: 0,intermediate,light,14.687576,29.742397
2914,5,3,2023-05-20 15:35:21,-33.977,56.1422,10.0,4.8,mb: 0,12.001,us: 5,Southwest Indian Ridge,earthquake: 0,1.805,0.105,28.0,us,us: 5,10-20 km: 1,shallow,light,-19.668293,-39.122963
2915,5,3,2023-05-20 16:10:56,-22.8827,171.2162,10.0,4.6,mb: 0,3.49,us: 5,southeast of the Loyalty Islands,earthquake: 0,1.892,0.222,8.0,us,us: 5,0-10 km: 0,shallow,light,-13.498416,-26.208311
2916,5,3,2023-05-20 16:13:59,-23.347,171.2114,24.156,4.8,mb: 0,3.546,us: 5,southeast of the Loyalty Islands,earthquake: 0,3.997,0.088,45.0,us,us: 5,0-10 km: 0,shallow,light,22.846062,19.785894
2917,5,3,2023-05-20 18:07:40,-22.7121,170.838,10.0,5.0,mb: 0,3.134,us: 5,southeast of the Loyalty Islands,earthquake: 0,1.834,0.08,53.0,us,us: 5,0-10 km: 0,shallow,moderate,11.165322,-10.844847
2918,5,3,2023-05-20 19:00:06,51.3954,172.8412,10.0,4.8,mb: 0,1.546,us: 5,"163 km S of Attu Station, Alaska",earthquake: 0,1.891,0.045,155.0,us,us: 5,0-10 km: 0,shallow,light,-6.3686547,33.137928
2919,5,3,2023-05-20 19:59:26,-23.3747,171.0558,33.969,4.6,mb: 0,3.411,us: 5,southeast of the Loyalty Islands,earthquake: 0,4.877,0.158,13.0,us,us: 5,0-10 km: 0,shallow,light,31.218157,14.676287
2920,5,3,2023-05-20 22:08:45,-23.4641,171.5298,13.5,5.1,mb: 0,3.856,us: 5,southeast of the Loyalty Islands,earthquake: 0,3.979,0.062,85.0,us,us: 5,0-10 km: 0,shallow,moderate,19.798752,20.589289
2921,5,3,2023-05-21 00:30:17,12.2988,-88.4931,46.63,4.6,mb: 0,1.175,us: 5,"108 km SSW of Jucuarán, El Salvador",earthquake: 0,7.04,0.037,218.0,us,us: 5,0-10 km: 0,shallow,light,-23.679417,54.06367
2922,5,3,2023-05-21 02:25:56,-23.2851,170.9927,10.0,4.6,mb: 0,3.337,us: 5,southeast of the Loyalty Islands,earthquake: 0,1.896,0.194,8.0,us,us: 5,0-10 km: 0,shallow,light,-10.121704,-27.042028
2923,5,3,2023-05-21 02:27:06,-22.5587,170.6976,42.731,4.7,mb: 0,3.005,us: 5,southeast of the Loyalty Islands,earthquake: 0,6.409,0.166,11.0,us,us: 5,0-10 km: 0,shallow,light,31.073822,14.034445
2924,5,3,2023-05-21 03:11:53,9.3074,126.2594,58.519,4.9,mb: 0,2.323,us: 5,"8 km ENE of Cortes, Philippines",earthquake: 0,5.843,0.065,75.0,us,us: 5,0-10 km: 0,shallow,light,28.52485,39.195217
2925,5,3,2023-05-21 04:07:26,-23.4573,171.6531,28.93,4.9,mb: 0,3.965,us: 5,southeast of the Loyalty Islands,earthquake: 0,3.887,0.162,12.0,us,us: 5,0-10 km: 0,shallow,light,-3.4867115,-28.96527
2926,5,3,2023-05-21 05:14:27,-56.012,-27.683,109.018,4.6,mb: 0,5.339,us: 5,South Sandwich Islands region,earthquake: 0,5.655,0.111,29.0,us,us: 5,0-10 km: 0,intermediate,light,-32.50082,-52.802025
2927,5,3,2023-05-21 05:23:11,-19.376,-173.3476,16.0,5.7,mww: 7,0.951,us: 5,"104 km SE of Neiafu, Tonga",earthquake: 0,1.855,0.065,23.0,us,us: 5,0-10 km: 0,shallow,moderate,63.90079,-33.36942
2928,5,3,2023-05-21 09:39:47,43.608,146.9539,35.0,4.8,mb: 0,3.195,us: 5,"28 km SE of Shikotan, Russia",earthquake: 0,1.885,0.033,293.0,us,us: 5,0-10 km: 0,shallow,light,-6.8058343,43.486576
2929,5,3,2023-05-21 11:26:03,-19.3793,-173.3476,10.0,5.2,mww: 7,0.954,us: 5,"104 km SE of Neiafu, Tonga",earthquake: 0,1.86,0.083,14.0,us,us: 5,0-10 km: 0,shallow,moderate,67.625206,-33.383007
2930,5,3,2023-05-21 11:50:06,13.3492,57.4312,10.0,4.6,mb: 0,11.593,us: 5,Owen Fracture Zone region,earthquake: 0,1.885,0.074,55.0,us,us: 5,10-20 km: 1,shallow,light,-7.071571,5.1964784
2931,5,3,2023-05-21 12:31:03,-23.0621,170.8421,11.968,4.6,mb: 0,3.164,us: 5,southeast of the Loyalty Islands,earthquake: 0,5.041,0.146,14.0,us,us: 5,0-10 km: 0,shallow,light,31.244833,14.973458
2932,5,3,2023-05-21 12:46:13,37.9246,36.2523,5.539,4.9,mwr: 6,0.352,us: 5,"15 km ESE of Saimbeyli, Turkey",earthquake: 0,4.523,0.053,34.0,us,us: 5,0-10 km: 0,shallow,light,10.005098,-56.360863
2933,5,3,2023-05-21 14:56:48,-43.3991,39.3035,28.0,6.8,mww: 7,9.411,us: 5,Prince Edward Islands region,earthquake: 0,1.845,0.071,19.0,us,us: 5,0-10 km: 0,shallow,strong,57.35139,-32.25123
2934,5,3,2023-05-21 15:45:13,-10.2725,161.4437,82.297,6.1,mww: 7,1.691,us: 5,"55 km WNW of Kirakira, Solomon Islands",earthquake: 0,4.38,0.075,17.0,us,us: 5,0-10 km: 0,intermediate,strong,36.571568,-21.045916
2935,5,3,2023-05-21 16:36:49,-43.2325,39.3316,10.0,4.7,mb: 0,9.459,us: 5,Prince Edward Islands region,earthquake: 0,1.855,0.138,16.0,us,us: 5,0-10 km: 0,shallow,light,-16.03721,-37.56207
2936,5,3,2023-05-21 17:31:05,-1.0883,120.3466,49.159,4.8,mb: 0,3.441,us: 5,"56 km NW of Poso, Indonesia",earthquake: 0,6.171,0.089,39.0,us,us: 5,0-10 km: 0,shallow,light,33.828186,27.07754
2937,5,3,2023-05-21 18:53:21,-6.0844,147.6383,95.921,5.0,mb: 0,3.333,us: 5,"57 km NNW of Finschhafen, Papua New Guinea",earthquake: 0,5.1,0.045,159.0,us,us: 5,0-10 km: 0,intermediate,moderate,22.559223,48.912804
2938,5,3,2023-05-21 19:56:44,28.413,104.8535,10.0,4.7,mb: 0,4.456,us: 5,"14 km ESE of Xunchang, China",earthquake: 0,1.619,0.055,102.0,us,us: 5,0-10 km: 0,shallow,light,-10.915918,24.78684
2939,5,3,2023-05-21 20:54:34,-1.0993,120.3773,36.481,4.7,mb: 0,3.472,us: 5,"53 km NW of Poso, Indonesia",earthquake: 0,6.59,0.082,45.0,us,us: 5,0-10 km: 0,shallow,light,34.25288,27.851635
2940,5,3,2023-05-21 21:11:40,-52.1547,139.5343,10.0,5.4,mww: 7,10.635,us: 5,west of Macquarie Island,earthquake: 0,1.777,0.086,13.0,us,us: 5,10-20 km: 1,shallow,moderate,49.219715,-24.157372
2941,5,3,2023-05-21 22:20:04,29.8362,129.1107,184.0,5.5,mww: 7,2.029,us: 5,"135 km WSW of Kurio, Japan",earthquake: 0,1.858,0.038,68.0,us,us: 5,0-10 km: 0,intermediate,moderate,36.895794,-41.651474
2942,5,4,2023-05-22 02:45:35,26.8674,97.023,10.0,5.0,mb: 0,5.916,us: 5,"76 km NNE of Sarupathar, India",earthquake: 0,1.741,0.05,125.0,us,us: 5,0-10 km: 0,shallow,moderate,-13.435731,30.456217
2943,5,4,2023-05-22 03:00:54,3.1142,126.819,35.0,4.6,mb: 0,2.39,us: 5,"202 km NW of Tobelo, Indonesia",earthquake: 0,1.9,0.091,36.0,us,us: 5,0-10 km: 0,shallow,light,-3.4326763,-5.449551
2944,5,4,2023-05-22 04:45:20,-6.6092,129.2493,10.0,5.2,mww: 7,2.173,us: 5,Banda Sea,earthquake: 0,1.725,0.069,20.0,us,us: 5,0-10 km: 0,shallow,moderate,38.76427,-26.949612
2945,5,4,2023-05-22 05:43:27,36.37,71.173,106.164,4.9,mww: 7,2.521,us: 5,"47 km SW of Ashkāsham, Afghanistan",earthquake: 0,6.403,0.093,11.0,us,us: 5,0-10 km: 0,intermediate,light,14.82088,-35.2366
2946,5,4,2023-05-22 06:52:44,-23.7799,171.7145,16.611,5.4,mww: 7,4.095,us: 5,southeast of the Loyalty Islands,earthquake: 0,3.577,0.098,10.0,us,us: 5,0-10 km: 0,shallow,moderate,32.950024,-21.994034
2947,5,4,2023-05-22 07:42:40,34.4462,139.3058,10.0,5.1,mww: 7,0.955,us: 5,"41 km SE of Shimoda, Japan",earthquake: 0,1.714,0.061,26.0,us,us: 5,0-10 km: 0,shallow,moderate,24.75381,-44.030296
2948,5,4,2023-05-22 07:51:12,-17.1475,-64.1362,619.384,4.7,mb: 0,1.419,us: 5,"42 km NW of Villa Yapacaní, Bolivia",earthquake: 0,7.898,0.021,671.0,us,us: 5,0-10 km: 0,deep,light,-10.800095,61.7603
2949,5,4,2023-05-22 10:21:28,-30.4585,59.9384,10.0,4.6,mb: 0,9.99,us: 5,Southwest Indian Ridge,earthquake: 0,1.839,0.158,12.0,us,us: 5,0-10 km: 0,shallow,light,-15.773215,-35.35305
2950,5,4,2023-05-22 10:46:25,34.377,139.1655,6.421,4.9,mb: 0,0.865,us: 5,"38 km SSE of Shimoda, Japan",earthquake: 0,1.572,0.046,148.0,us,us: 5,0-10 km: 0,shallow,light,-10.344164,32.460625
2951,5,4,2023-05-22 13:30:38,-15.7375,-173.5636,38.748,5.0,mb: 0,2.505,us: 5,"34 km NE of Hihifo, Tonga",earthquake: 0,5.225,0.034,284.0,us,us: 5,0-10 km: 0,shallow,moderate,-21.32773,56.22145
2952,5,4,2023-05-22 13:36:12,-7.6524,158.1943,10.0,5.2,mb: 0,2.481,us: 5,"157 km ENE of Gizo, Solomon Islands",earthquake: 0,1.756,0.037,245.0,us,us: 5,0-10 km: 0,shallow,moderate,17.575819,49.903984
2953,5,4,2023-05-22 20:25:14,11.546,141.5963,10.0,4.6,mb: 0,3.785,us: 5,"229 km NNE of Fais, Micronesia",earthquake: 0,1.576,0.09,37.0,us,us: 5,0-10 km: 0,shallow,light,-4.9792,-1.6217453
2954,5,4,2023-05-22 21:34:59,-55.5109,-123.9536,10.0,4.7,mb: 0,30.481,us: 5,southern East Pacific Rise,earthquake: 0,1.838,0.209,7.0,us,us: 5,30-40 km: 3,shallow,light,-49.38263,-30.743927
2955,5,4,2023-05-22 21:45:56,-22.9658,170.4881,10.0,5.0,mb: 0,2.829,us: 5,southeast of the Loyalty Islands,earthquake: 0,1.81,0.092,38.0,us,us: 5,0-10 km: 0,shallow,moderate,10.593502,-12.9052105
2956,5,4,2023-05-22 22:02:39,11.6249,125.6498,10.0,4.6,mb: 0,11.509,us: 5,"20 km ENE of Lalawigan, Philippines",earthquake: 0,1.874,0.069,63.0,us,us: 5,10-20 km: 1,shallow,light,-0.17065223,2.941309
2957,5,4,2023-05-22 22:54:13,-22.6736,169.8453,10.0,5.0,mww: 7,2.217,us: 5,"238 km ESE of Tadine, New Caledonia",earthquake: 0,1.669,0.086,13.0,us,us: 5,0-10 km: 0,shallow,moderate,43.14368,-23.855247
2958,5,4,2023-05-22 22:59:57,-23.3465,170.5289,10.0,4.9,mb: 0,2.933,us: 5,southeast of the Loyalty Islands,earthquake: 0,1.805,0.106,28.0,us,us: 5,0-10 km: 0,shallow,light,7.1324096,-17.653986
2959,5,4,2023-05-23 06:22:12,-23.2419,170.634,23.981,5.1,mww: 7,3.005,us: 5,southeast of the Loyalty Islands,earthquake: 0,4.665,0.093,11.0,us,us: 5,0-10 km: 0,shallow,moderate,32.257233,-21.9183
2960,5,4,2023-05-23 06:41:58,-22.9954,170.3067,10.0,6.1,mww: 7,2.667,us: 5,"290 km E of Vao, New Caledonia",earthquake: 0,1.85,0.036,73.0,us,us: 5,0-10 km: 0,shallow,strong,40.73753,-37.62783
2961,5,4,2023-05-23 09:14:10,-31.9162,-177.8512,10.0,4.8,mb: 0,2.646,us: 5,Kermadec Islands region,earthquake: 0,1.899,0.114,24.0,us,us: 5,0-10 km: 0,shallow,light,-65.91617,-17.166355
2962,5,4,2023-05-23 09:26:38,-22.7825,170.7932,10.0,5.0,mb: 0,3.095,us: 5,southeast of the Loyalty Islands,earthquake: 0,1.907,0.088,42.0,us,us: 5,0-10 km: 0,shallow,moderate,10.712261,-12.378473
2963,5,4,2023-05-23 10:20:33,-23.0726,170.5184,22.832,4.6,mb: 0,2.87,us: 5,southeast of the Loyalty Islands,earthquake: 0,7.199,0.117,22.0,us,us: 5,0-10 km: 0,shallow,light,39.624706,22.127316
2964,5,4,2023-05-23 11:49:54,-23.1861,170.8247,13.162,4.9,mb: 0,3.167,us: 5,southeast of the Loyalty Islands,earthquake: 0,4.184,0.108,30.0,us,us: 5,0-10 km: 0,shallow,light,23.594172,19.10052
2965,5,4,2023-05-23 13:00:37,-3.8159,151.4158,10.0,5.0,mb: 0,0.834,us: 5,"93 km WNW of Rabaul, Papua New Guinea",earthquake: 0,1.864,0.072,62.0,us,us: 5,0-10 km: 0,shallow,moderate,6.079378,-1.8250141
2966,5,4,2023-05-23 13:06:42,-22.8319,170.3219,10.0,4.8,mb: 0,2.664,us: 5,"289 km ESE of Tadine, New Caledonia",earthquake: 0,1.815,0.114,24.0,us,us: 5,0-10 km: 0,shallow,light,5.1205993,-20.07819
2967,5,4,2023-05-23 14:42:55,41.7694,82.3866,10.0,4.7,mb: 0,2.448,us: 5,"45 km W of Kuqa, China",earthquake: 0,1.86,0.06,84.0,us,us: 5,0-10 km: 0,shallow,light,-17.432688,26.29256
2968,5,4,2023-05-23 15:04:55,3.0781,126.7467,48.463,5.1,mb: 0,2.373,us: 5,"204 km NW of Tobelo, Indonesia",earthquake: 0,5.697,0.051,126.0,us,us: 5,0-10 km: 0,shallow,moderate,23.136211,45.47085
2969,5,4,2023-05-23 16:18:40,-60.3231,-25.6999,10.0,4.6,mb: 0,8.404,us: 5,South Sandwich Islands region,earthquake: 0,1.863,0.117,22.0,us,us: 5,0-10 km: 0,shallow,light,-32.619133,-44.832745
2970,5,4,2023-05-23 17:04:01,5.7587,124.5398,71.423,4.9,mb: 0,1.662,us: 5,"26 km SSW of Tambilil, Philippines",earthquake: 0,5.746,0.047,154.0,us,us: 5,0-10 km: 0,intermediate,light,23.286201,47.14204
2971,5,4,2023-05-23 17:48:02,-23.1868,171.0165,10.0,4.6,mb: 0,3.341,us: 5,southeast of the Loyalty Islands,earthquake: 0,1.796,0.315,4.0,us,us: 5,0-10 km: 0,shallow,light,-15.699002,-26.25546
2972,5,4,2023-05-23 18:23:04,5.7164,124.5005,62.174,4.7,mb: 0,1.719,us: 5,"33 km SW of Tambilil, Philippines",earthquake: 0,6.943,0.061,87.0,us,us: 5,0-10 km: 0,shallow,light,28.273888,37.520393
2973,5,4,2023-05-23 23:48:16,-24.3797,-179.5539,456.024,4.8,mb: 0,5.077,us: 5,south of the Fiji Islands,earthquake: 0,5.686,0.051,119.0,us,us: 5,0-10 km: 0,deep,light,-7.9073024,69.08924
2974,5,4,2023-05-24 00:44:07,5.6719,124.2704,17.872,5.2,mww: 7,1.903,us: 5,"47 km SSW of Maitum, Philippines",earthquake: 0,3.896,0.093,11.0,us,us: 5,0-10 km: 0,shallow,moderate,28.58089,-24.975563
2975,5,4,2023-05-24 10:33:19,-56.7484,-140.8124,10.0,5.5,mww: 7,27.527,us: 5,Pacific-Antarctic Ridge,earthquake: 0,1.88,0.089,12.0,us,us: 5,20-30 km: 2,shallow,moderate,62.337425,-26.984741
2976,5,4,2023-05-24 13:15:07,-4.7194,153.1603,62.947,5.0,mww: 7,1.124,us: 5,"107 km ESE of Kokopo, Papua New Guinea",earthquake: 0,5.702,0.093,11.0,us,us: 5,0-10 km: 0,shallow,moderate,28.76246,-18.839115
2977,5,4,2023-05-24 15:17:49,-31.8581,-66.6227,136.761,4.6,mb: 0,1.399,us: 5,"78 km WNW of Candelaria, Argentina",earthquake: 0,5.763,0.103,28.0,us,us: 5,0-10 km: 0,intermediate,light,-44.790955,-11.062193
2978,5,4,2023-05-24 15:49:34,-6.9484,129.5293,158.0,6.2,mww: 7,2.439,us: 5,Banda Sea,earthquake: 0,1.818,0.042,54.0,us,us: 5,0-10 km: 0,intermediate,strong,43.999557,-36.1218
2979,5,4,2023-05-24 19:57:24,-9.2785,114.9566,80.202,4.6,mb: 0,1.13,us: 5,"58 km SSW of Jimbaran, Indonesia",earthquake: 0,5.169,0.092,35.0,us,us: 5,0-10 km: 0,intermediate,light,36.57975,29.008816
2980,5,4,2023-05-24 22:23:22,-23.3852,171.0566,10.0,4.9,mb: 0,3.414,us: 5,southeast of the Loyalty Islands,earthquake: 0,1.462,0.09,39.0,us,us: 5,0-10 km: 0,shallow,light,10.190298,-13.086711
2981,5,4,2023-05-25 00:08:27,1.1724,126.3169,10.0,4.6,mb: 0,1.123,us: 5,"126 km WNW of Ternate, Indonesia",earthquake: 0,1.766,0.083,43.0,us,us: 5,0-10 km: 0,shallow,light,-0.6011845,-6.018137
2982,5,4,2023-05-25 00:15:31,42.1166,142.517,66.774,4.6,mb: 0,0.487,us: 5,"22 km W of Urakawa, Japan",earthquake: 0,6.776,0.058,89.0,us,us: 5,0-10 km: 0,shallow,light,7.837474,39.228855
2983,5,4,2023-05-25 01:39:37,-35.3897,-105.5202,10.0,4.6,mb: 0,27.924,us: 5,southern East Pacific Rise,earthquake: 0,1.883,0.146,14.0,us,us: 5,20-30 km: 2,shallow,light,-42.25576,-38.934376
2984,5,4,2023-05-25 03:05:32,8.9223,-77.0904,13.0,6.5,mww: 7,2.12,us: 5,"45 km NE of Puerto Obaldía, Panama",earthquake: 0,1.815,0.044,49.0,us,us: 5,0-10 km: 0,shallow,strong,45.224102,-48.10696
2985,5,4,2023-05-25 03:14:56,8.8411,-77.0924,10.0,5.0,mb: 0,2.16,us: 5,"40 km ENE of Puerto Obaldía, Panama",earthquake: 0,1.678,0.085,44.0,us,us: 5,0-10 km: 0,shallow,moderate,-33.976624,1.1356721
2986,5,4,2023-05-25 06:48:30,8.9051,-77.1082,10.0,4.6,mb: 0,2.143,us: 5,"43 km NE of Puerto Obaldía, Panama",earthquake: 0,1.96,0.181,9.0,us,us: 5,0-10 km: 0,shallow,light,-29.936152,-11.986341
2987,5,4,2023-05-25 10:39:37,-23.2483,170.774,10.0,5.5,mww: 7,3.132,us: 5,southeast of the Loyalty Islands,earthquake: 0,1.761,0.058,29.0,us,us: 5,0-10 km: 0,shallow,moderate,41.641132,-29.53248
2988,5,4,2023-05-25 12:21:06,-7.9128,123.1573,10.0,4.7,mww: 7,1.159,us: 5,"130 km NE of Maumere, Indonesia",earthquake: 0,0.528,0.098,10.0,us,us: 5,0-10 km: 0,shallow,light,41.144848,-21.78022
2989,5,4,2023-05-25 12:59:14,-22.6873,171.1337,10.0,4.7,mb: 0,3.407,us: 5,southeast of the Loyalty Islands,earthquake: 0,1.855,0.147,14.0,us,us: 5,0-10 km: 0,shallow,light,-2.8337636,-25.329296
2990,5,4,2023-05-25 13:48:28,21.1001,122.0167,10.0,5.1,mww: 7,1.918,us: 5,"72 km N of Basco, Philippines",earthquake: 0,1.871,0.08,15.0,us,us: 5,0-10 km: 0,shallow,moderate,22.566807,-45.5428
2991,5,4,2023-05-25 15:26:23,12.1835,123.8377,10.0,4.7,mb: 0,5.364,us: 5,"2 km SSW of Balucawi, Philippines",earthquake: 0,1.81,0.055,108.0,us,us: 5,0-10 km: 0,shallow,light,4.660105,6.875514
2992,5,4,2023-05-25 16:34:04,-59.5954,-26.3697,111.864,5.0,mb: 0,7.674,us: 5,South Sandwich Islands region,earthquake: 0,4.767,0.068,74.0,us,us: 5,0-10 km: 0,intermediate,moderate,-24.975002,-53.306156
2993,5,4,2023-05-25 22:37:56,1.2905,97.0344,25.721,4.7,mb: 0,0.541,us: 5,"64 km W of Gunungsitoli, Indonesia",earthquake: 0,4.055,0.082,45.0,us,us: 5,0-10 km: 0,shallow,light,26.910126,24.009296
2994,5,4,2023-05-25 23:55:21,-49.2025,120.4282,10.0,4.6,mb: 0,16.434,us: 5,western Indian-Antarctic Ridge,earthquake: 0,1.917,0.116,22.0,us,us: 5,10-20 km: 1,shallow,light,-11.49327,-39.09433
2995,5,4,2023-05-26 02:08:02,-6.1715,149.9685,68.482,5.2,mww: 7,2.757,us: 5,"46 km E of Kandrian, Papua New Guinea",earthquake: 0,5.268,0.098,10.0,us,us: 5,0-10 km: 0,shallow,moderate,29.517904,-19.557785
2996,5,4,2023-05-26 10:03:24,35.5294,140.5281,42.0,6.1,mww: 7,2.102,us: 5,"12 km SE of Narutō, Japan",earthquake: 0,1.932,0.038,66.0,us,us: 5,0-10 km: 0,shallow,strong,34.313118,-44.902843
2997,5,4,2023-05-26 11:42:15,-23.1274,170.7024,10.0,4.7,mb: 0,3.046,us: 5,southeast of the Loyalty Islands,earthquake: 0,1.913,0.117,23.0,us,us: 5,0-10 km: 0,shallow,light,3.789926,-21.097334
2998,5,4,2023-05-26 12:01:50,35.5823,140.7136,30.409,4.6,mb: 0,2.244,us: 5,"15 km SSE of Asahi, Japan",earthquake: 0,5.378,0.084,44.0,us,us: 5,0-10 km: 0,shallow,light,10.479631,29.521868
2999,5,4,2023-05-26 13:42:32,-18.7307,-66.9167,256.602,4.9,mb: 0,2.346,us: 5,"Oruro-Potosi border region, Bolivia",earthquake: 0,6.775,0.025,500.0,us,us: 5,0-10 km: 0,intermediate,light,-15.172993,56.55056
3000,5,4,2023-05-26 21:33:47,-43.1776,39.1764,10.0,5.0,mb: 0,9.585,us: 5,Prince Edward Islands region,earthquake: 0,1.824,0.068,69.0,us,us: 5,0-10 km: 0,shallow,moderate,-23.206251,-40.579514
3001,5,4,2023-05-26 22:18:25,-39.0059,-91.372,10.0,6.0,mww: 7,11.441,us: 5,West Chile Rise,earthquake: 0,1.796,0.052,36.0,us,us: 5,10-20 km: 1,shallow,strong,60.193913,-34.044918
3002,5,4,2023-05-27 00:11:00,-18.4836,-175.1849,222.0,6.0,mww: 7,1.136,us: 5,Tonga,earthquake: 0,1.878,0.049,40.0,us,us: 5,0-10 km: 0,intermediate,strong,57.12137,-37.278885
3003,5,4,2023-05-27 02:34:53,-23.2824,170.6377,10.0,4.8,mb: 0,3.016,us: 5,southeast of the Loyalty Islands,earthquake: 0,1.847,0.124,21.0,us,us: 5,0-10 km: 0,shallow,light,2.1314137,-24.638515
3004,5,4,2023-05-27 03:27:51,-0.7027,-60.2934,10.0,4.6,mb: 0,9.577,us: 5,"230 km NNW of Rio Preto da Eva, Brazil",earthquake: 0,1.898,0.084,42.0,us,us: 5,0-10 km: 0,shallow,light,-33.56056,-1.7079805
3005,5,4,2023-05-27 13:52:12,30.0021,129.912,10.0,4.8,mb: 0,1.573,us: 5,"57 km WSW of Kurio, Japan",earthquake: 0,1.881,0.055,101.0,us,us: 5,0-10 km: 0,shallow,light,-10.344329,26.262123
3006,5,4,2023-05-27 15:21:47,-57.9373,-25.6017,46.245,5.5,mww: 7,7.102,us: 5,South Sandwich Islands region,earthquake: 0,4.472,0.093,11.0,us,us: 5,0-10 km: 0,shallow,moderate,59.802666,-23.592636
3007,5,4,2023-05-27 16:46:16,78.479,7.4581,10.0,4.9,mb: 0,0.987,us: 5,Svalbard region,earthquake: 0,1.852,0.047,139.0,us,us: 5,0-10 km: 0,shallow,light,-25.773472,30.574183
3008,5,4,2023-05-27 19:36:36,-6.1218,130.444,156.111,4.9,mww: 7,1.677,us: 5,Banda Sea,earthquake: 0,5.657,0.089,12.0,us,us: 5,0-10 km: 0,intermediate,light,30.088055,-15.818855
3009,5,4,2023-05-28 03:29:54,-10.1728,161.2187,98.028,5.6,mww: 7,1.45,us: 5,"82 km WNW of Kirakira, Solomon Islands",earthquake: 0,4.066,0.058,29.0,us,us: 5,0-10 km: 0,intermediate,moderate,34.968075,-19.824339
3010,5,4,2023-05-28 05:49:56,36.6064,71.0508,230.416,5.3,mww: 7,2.613,us: 5,"34 km SE of Jurm, Afghanistan",earthquake: 0,5.628,0.057,30.0,us,us: 5,0-10 km: 0,intermediate,moderate,15.784368,-32.805588
3011,5,4,2023-05-28 12:52:39,-5.5104,149.7567,136.578,5.1,mww: 7,2.733,us: 5,"42 km W of Kimbe, Papua New Guinea",earthquake: 0,5.779,0.071,19.0,us,us: 5,0-10 km: 0,intermediate,moderate,31.428185,-16.868528
3012,5,4,2023-05-28 12:56:53,34.4416,70.4644,55.324,4.7,mb: 0,1.178,us: 5,"2 km NE of Jalālābād, Afghanistan",earthquake: 0,7.821,0.076,53.0,us,us: 5,0-10 km: 0,shallow,light,10.011399,33.201176
3013,5,4,2023-05-28 15:45:57,6.6964,-73.0303,163.809,5.2,mww: 7,0.8,us: 5,"1 km W of Aratoca, Colombia",earthquake: 0,4.44,0.049,40.0,us,us: 5,0-10 km: 0,intermediate,moderate,57.548695,-44.85531
3014,5,4,2023-05-28 16:13:56,-10.5114,164.8268,56.972,4.9,mb: 0,4.923,us: 5,"108 km WNW of Lata, Solomon Islands",earthquake: 0,7.124,0.065,74.0,us,us: 5,0-10 km: 0,shallow,light,33.945335,35.33054
3015,5,4,2023-05-28 18:05:09,-58.3678,-139.9059,10.0,5.1,mb: 0,26.204,us: 5,Pacific-Antarctic Ridge,earthquake: 0,1.778,0.114,25.0,us,us: 5,20-30 km: 2,shallow,moderate,-37.72158,-35.192825
3016,5,4,2023-05-28 19:08:21,-15.8145,-72.0539,10.0,4.9,mb: 0,3.024,us: 5,"10 km SSE of Huambo, Peru",earthquake: 0,1.807,0.061,84.0,us,us: 5,0-10 km: 0,shallow,light,-38.567204,0.5127269
3017,5,4,2023-05-29 02:18:17,13.407,94.1485,10.0,4.6,mb: 0,4.928,us: 5,"244 km NE of Bamboo Flat, India",earthquake: 0,1.733,0.075,52.0,us,us: 5,0-10 km: 0,shallow,light,-3.3138163,2.2297916
3018,5,4,2023-05-29 02:33:31,26.7587,92.4485,10.0,4.9,mb: 0,3.157,us: 5,"6 km NNW of Dhekiajuli, India",earthquake: 0,1.808,0.051,122.0,us,us: 5,0-10 km: 0,shallow,light,-13.890047,30.015873
3019,5,4,2023-05-29 04:57:33,-7.9935,-74.5543,154.032,5.1,mww: 7,1.851,us: 5,"42 km N of Pucallpa, Peru",earthquake: 0,4.574,0.089,12.0,us,us: 5,0-10 km: 0,intermediate,moderate,59.291996,-44.601433
3020,5,4,2023-05-29 08:41:13,-23.4135,-177.1087,147.378,4.6,mb: 0,2.846,us: 5,south of the Fiji Islands,earthquake: 0,5.632,0.082,46.0,us,us: 5,0-10 km: 0,intermediate,light,-50.52682,-4.6603847
3021,5,4,2023-05-29 10:04:57,-14.9553,166.9806,35.0,5.2,mww: 7,6.128,us: 5,"13 km NW of Port-Olry, Vanuatu",earthquake: 0,1.803,0.098,10.0,us,us: 5,0-10 km: 0,shallow,moderate,41.46927,-24.49262
3022,5,4,2023-05-29 13:52:52,-7.6392,128.669,85.381,4.6,mb: 0,3.331,us: 5,"208 km ENE of Lospalos, Timor Leste",earthquake: 0,6.865,0.094,34.0,us,us: 5,0-10 km: 0,intermediate,light,39.26155,27.74079
3023,5,4,2023-05-29 15:02:30,-31.6907,-66.8113,126.78,4.9,mb: 0,1.604,us: 5,"101 km WNW of Candelaria, Argentina",earthquake: 0,4.599,0.076,54.0,us,us: 5,0-10 km: 0,intermediate,light,-46.16455,-1.4696213
3024,5,4,2023-05-29 17:08:16,9.8069,125.1974,9.164,4.6,mb: 0,2.746,us: 5,"26 km W of Ipil, Philippines",earthquake: 0,4.018,0.062,82.0,us,us: 5,0-10 km: 0,shallow,light,24.080164,33.474968
3025,5,4,2023-05-29 19:09:55,-14.1631,170.4983,627.666,4.8,mb: 0,8.091,us: 5,Vanuatu region,earthquake: 0,6.297,0.044,156.0,us,us: 5,0-10 km: 0,deep,light,2.6792243,61.197025
3026,5,4,2023-05-29 21:52:05,-52.8793,10.4622,10.0,5.5,mww: 7,19.753,us: 5,southwest of Africa,earthquake: 0,1.705,0.078,16.0,us,us: 5,10-20 km: 1,shallow,moderate,58.575012,-25.517443
3027,5,4,2023-05-30 00:52:06,24.0473,142.9966,10.0,5.8,mww: 7,9.147,us: 5,"Volcano Islands, Japan region",earthquake: 0,1.726,0.046,46.0,us,us: 5,0-10 km: 0,shallow,moderate,32.055534,-45.0298
3028,5,4,2023-05-30 01:04:31,13.3566,120.8256,84.832,4.7,mb: 0,9.892,us: 5,"13 km S of Odala, Philippines",earthquake: 0,5.577,0.059,88.0,us,us: 5,0-10 km: 0,intermediate,light,25.829529,39.285927
3029,5,4,2023-05-30 04:01:33,-17.2373,-172.4464,10.0,4.7,mb: 0,2.039,us: 5,"202 km SE of Hihifo, Tonga",earthquake: 0,1.753,0.114,23.0,us,us: 5,0-10 km: 0,shallow,light,-62.83228,-15.995911
3030,5,4,2023-05-30 04:59:39,5.3284,-82.5993,10.0,4.6,mb: 0,3.444,us: 5,"296 km SW of Arenas, Panama",earthquake: 0,1.945,0.094,34.0,us,us: 5,0-10 km: 0,shallow,light,-33.94371,-2.8607085
3031,5,4,2023-05-30 08:49:17,37.5033,137.4734,10.0,4.6,mb: 0,1.12,us: 5,"58 km ENE of Anamizu, Japan",earthquake: 0,1.846,0.073,56.0,us,us: 5,0-10 km: 0,shallow,light,-12.596389,17.054575
3032,5,4,2023-05-30 11:49:36,-5.505,-11.5653,10.0,4.7,mb: 0,3.677,us: 5,Ascension Island region,earthquake: 0,1.893,0.159,13.0,us,us: 5,0-10 km: 0,shallow,light,-29.046114,-10.715548
3033,5,4,2023-05-30 15:22:34,14.9361,121.7177,10.0,4.6,mb: 0,8.384,us: 5,"10 km W of Panukulan, Philippines",earthquake: 0,1.921,0.065,71.0,us,us: 5,0-10 km: 0,shallow,light,0.17371055,3.5748944
3034,5,4,2023-05-30 16:51:35,-20.7038,-70.6344,24.602,5.5,mww: 7,0.639,us: 5,"70 km SW of La Tirana, Chile",earthquake: 0,1.982,0.078,16.0,us,us: 5,0-10 km: 0,shallow,moderate,62.282825,-30.520964
3035,5,4,2023-05-30 17:51:54,-23.8976,-179.8056,508.337,4.6,mb: 0,5.047,us: 5,south of the Fiji Islands,earthquake: 0,10.283,0.111,24.0,us,us: 5,0-10 km: 0,deep,light,-8.134786,76.04724
3036,5,4,2023-05-31 01:58:05,-23.255,170.8066,10.0,4.6,mb: 0,3.163,us: 5,southeast of the Loyalty Islands,earthquake: 0,1.815,0.117,22.0,us,us: 5,0-10 km: 0,shallow,light,3.0223677,-21.45804
3037,5,4,2023-05-31 02:21:23,-49.6093,163.8553,14.778,6.3,mww: 7,3.934,us: 5,"Auckland Islands, New Zealand region",earthquake: 0,3.019,0.066,22.0,us,us: 5,0-10 km: 0,shallow,strong,52.329647,-24.844404
3038,5,4,2023-05-31 04:04:53,39.6636,54.9322,40.021,5.0,mb: 0,3.032,us: 5,"51 km ENE of Balkanabat, Turkmenistan",earthquake: 0,5.694,0.039,208.0,us,us: 5,0-10 km: 0,shallow,moderate,-2.625791,40.96844
3039,5,4,2023-05-31 08:11:14,-56.5885,-25.9088,39.347,4.9,mb: 0,6.448,us: 5,South Sandwich Islands region,earthquake: 0,4.653,0.109,44.0,us,us: 5,0-10 km: 0,shallow,light,-30.367653,-51.466843
3040,5,4,2023-05-31 10:37:00,-23.464,171.7801,10.0,4.7,mb: 0,4.081,us: 5,southeast of the Loyalty Islands,earthquake: 0,1.918,0.102,30.0,us,us: 5,0-10 km: 0,shallow,light,7.9973845,-16.83884
3041,5,4,2023-05-31 10:55:17,1.4577,-90.6898,10.0,5.3,mwb: 4,10.078,us: 5,"246 km N of Puerto Ayora, Ecuador",earthquake: 0,1.905,0.052,35.0,us,us: 5,10-20 km: 1,shallow,moderate,51.11198,-52.890785
3042,5,4,2023-05-31 11:20:14,25.1051,96.2315,10.0,5.9,mww: 7,4.379,us: 5,"121 km WSW of Myitkyina, Myanmar",earthquake: 0,1.321,0.075,17.0,us,us: 5,0-10 km: 0,shallow,moderate,32.585316,-46.75466
3043,5,4,2023-05-31 12:29:33,-10.9554,166.3657,130.521,4.6,mb: 0,6.495,us: 5,"67 km ESE of Lata, Solomon Islands",earthquake: 0,7.795,0.089,38.0,us,us: 5,0-10 km: 0,intermediate,light,43.614487,31.094099
3044,5,4,2023-05-31 14:01:45,55.3206,163.0997,10.0,5.5,mww: 7,3.484,us: 5,"108 km SSE of Ust’-Kamchatsk Staryy, Russia",earthquake: 0,1.817,0.061,26.0,us,us: 5,0-10 km: 0,shallow,moderate,28.3871,-41.49733
3045,5,4,2023-05-31 14:19:00,-60.9671,-25.7669,10.0,4.8,mb: 0,8.821,us: 5,South Sandwich Islands region,earthquake: 0,1.905,0.103,29.0,us,us: 5,0-10 km: 0,shallow,light,-29.408453,-44.7825
3046,5,4,2023-05-31 16:46:52,-1.169,-15.7841,10.0,4.7,mb: 0,13.401,us: 5,north of Ascension Island,earthquake: 0,1.91,0.166,11.0,us,us: 5,10-20 km: 1,shallow,light,-29.330536,-11.106443
3047,5,4,2023-05-31 17:54:18,-25.17,-176.3844,24.537,4.6,mb: 0,4.127,us: 5,south of the Fiji Islands,earthquake: 0,6.45,0.133,17.0,us,us: 5,0-10 km: 0,shallow,light,-52.314884,-13.238145
3048,5,4,2023-05-31 21:56:38,-3.6262,128.2527,117.6,5.2,mww: 7,1.873,us: 5,"10 km NE of Ambon, Indonesia",earthquake: 0,4.002,0.066,22.0,us,us: 5,0-10 km: 0,intermediate,moderate,32.66356,-17.672234
3049,6,1,2023-06-01 00:05:17,-5.7635,151.9878,35.0,5.1,mb: 0,1.572,us: 5,"160 km S of Kokopo, Papua New Guinea",earthquake: 0,1.832,0.057,99.0,us,us: 5,0-10 km: 0,shallow,moderate,9.771711,2.1137366
3050,6,1,2023-06-01 03:51:08,-5.6947,151.9319,10.0,4.9,mb: 0,1.511,us: 5,"154 km SSW of Kokopo, Papua New Guinea",earthquake: 0,1.813,0.056,101.0,us,us: 5,0-10 km: 0,shallow,light,10.207611,0.99763554
3051,6,1,2023-06-01 08:40:42,-5.8377,152.1526,10.0,4.6,mb: 0,1.636,us: 5,"165 km S of Kokopo, Papua New Guinea",earthquake: 0,1.902,0.069,70.0,us,us: 5,0-10 km: 0,shallow,light,5.939327,-5.6972146
3052,6,1,2023-06-01 08:49:06,-5.6476,151.842,10.0,4.8,mb: 0,1.482,us: 5,"151 km SSW of Kokopo, Papua New Guinea",earthquake: 0,1.794,0.066,112.0,us,us: 5,0-10 km: 0,shallow,light,10.659147,0.8459783
3053,6,1,2023-06-01 09:42:15,-5.7253,151.9958,10.0,4.6,mb: 0,1.533,us: 5,"155 km S of Kokopo, Papua New Guinea",earthquake: 0,1.932,0.074,55.0,us,us: 5,0-10 km: 0,shallow,light,5.394267,-6.1816607
3054,6,1,2023-06-01 10:00:06,-5.6959,151.9258,10.0,4.9,mb: 0,1.513,us: 5,"154 km SSW of Kokopo, Papua New Guinea",earthquake: 0,1.801,0.06,128.0,us,us: 5,0-10 km: 0,shallow,light,11.077547,1.6550584
3055,6,1,2023-06-01 10:02:08,14.6587,-90.6804,211.792,4.6,mb: 0,1.152,us: 5,Guatemala,earthquake: 0,6.371,0.045,148.0,us,us: 5,0-10 km: 0,intermediate,light,-48.904564,3.9150305
3056,6,1,2023-06-01 11:00:59,-5.8096,152.0634,10.0,4.8,mb: 0,1.611,us: 5,"163 km S of Kokopo, Papua New Guinea",earthquake: 0,1.564,0.063,79.0,us,us: 5,0-10 km: 0,shallow,light,8.650943,-1.3251724
3057,6,1,2023-06-01 19:43:42,-5.3034,142.3807,9.915,4.6,mb: 0,3.237,us: 5,"86 km NW of Tari, Papua New Guinea",earthquake: 0,3.999,0.08,47.0,us,us: 5,0-10 km: 0,shallow,light,26.204031,25.526943
3058,6,1,2023-06-01 20:55:25,-5.7125,151.8582,10.0,4.6,mb: 0,1.542,us: 5,"158 km SSW of Kokopo, Papua New Guinea",earthquake: 0,1.882,0.073,56.0,us,us: 5,0-10 km: 0,shallow,light,5.459261,-6.1221747
3059,6,1,2023-06-01 22:51:26,18.1832,146.6852,64.989,4.6,mb: 0,3.049,us: 5,"Pagan region, Northern Mariana Islands",earthquake: 0,6.048,0.055,100.0,us,us: 5,0-10 km: 0,shallow,light,11.5926285,36.175644
3060,6,1,2023-06-01 22:52:43,-11.693,166.357,70.892,5.4,mww: 7,6.688,us: 5,"123 km SSE of Lata, Solomon Islands",earthquake: 0,5.646,0.069,20.0,us,us: 5,0-10 km: 0,intermediate,moderate,33.274147,-20.176136
3061,6,1,2023-06-02 10:26:55,-5.9536,152.2496,10.0,4.8,mb: 0,1.661,us: 5,"178 km S of Kokopo, Papua New Guinea",earthquake: 0,1.882,0.061,84.0,us,us: 5,0-10 km: 0,shallow,light,8.948743,-0.97357327
3062,6,1,2023-06-02 11:46:33,-23.4547,171.3006,28.382,4.9,mb: 0,3.648,us: 5,southeast of the Loyalty Islands,earthquake: 0,5.499,0.081,48.0,us,us: 5,0-10 km: 0,shallow,light,22.31334,20.171959
3063,6,1,2023-06-02 13:53:31,-18.3848,168.0706,31.116,4.9,mb: 0,4.17,us: 5,Vanuatu,earthquake: 0,4.967,0.086,42.0,us,us: 5,0-10 km: 0,shallow,light,22.633003,20.088825
3064,6,1,2023-06-02 14:06:40,-16.1509,-75.5507,10.0,4.6,mb: 0,4.324,us: 5,"96 km SSW of San Juan, Peru",earthquake: 0,1.904,0.105,27.0,us,us: 5,0-10 km: 0,shallow,light,-35.67781,-5.231409
3065,6,1,2023-06-02 14:16:31,1.8388,99.4829,157.081,4.9,mb: 0,1.979,us: 5,"37 km SW of Bandar, Indonesia",earthquake: 0,5.577,0.045,158.0,us,us: 5,0-10 km: 0,intermediate,light,25.08246,50.482998
3066,6,1,2023-06-02 17:40:04,6.1356,120.9311,10.0,4.6,mb: 0,4.71,us: 5,"11 km N of Bato Bato, Philippines",earthquake: 0,1.813,0.062,80.0,us,us: 5,0-10 km: 0,shallow,light,1.7414345,4.2465796
3067,6,1,2023-06-02 18:58:51,-23.4288,-66.8171,204.184,4.6,mb: 0,1.34,us: 5,"Jujuy, Argentina",earthquake: 0,7.275,0.151,15.0,us,us: 5,0-10 km: 0,intermediate,light,-42.44727,-13.091665
3068,6,1,2023-06-02 21:40:14,4.809,125.4626,10.0,4.6,mb: 0,2.249,us: 5,"65 km S of Sarangani, Philippines",earthquake: 0,1.901,0.071,59.0,us,us: 5,0-10 km: 0,shallow,light,-0.013921259,1.1580445
3069,6,1,2023-06-03 00:11:44,-27.4475,-66.5322,10.0,5.0,mb: 0,2.393,us: 5,"Catamarca, Argentina",earthquake: 0,1.795,0.057,98.0,us,us: 5,0-10 km: 0,shallow,moderate,-39.397697,0.45294112
3070,6,1,2023-06-03 01:44:28,-18.4392,168.1268,35.0,5.0,mb: 0,3.944,us: 5,Vanuatu,earthquake: 0,1.857,0.081,49.0,us,us: 5,0-10 km: 0,shallow,moderate,11.283281,-9.950307
3071,6,1,2023-06-03 01:49:15,-15.6647,-71.5943,10.0,5.4,mww: 7,2.946,us: 5,"3 km SSE of Chivay, Peru",earthquake: 0,1.719,0.045,47.0,us,us: 5,0-10 km: 0,shallow,moderate,61.513042,-38.86534
3072,6,1,2023-06-03 02:27:39,-15.8595,-71.7954,10.0,5.1,mww: 7,2.858,us: 5,"Arequipa, Peru",earthquake: 0,1.773,0.068,21.0,us,us: 5,0-10 km: 0,shallow,moderate,64.36655,-41.321533
3073,6,1,2023-06-03 02:48:12,-15.8418,-71.9907,10.0,5.0,mb: 0,2.968,us: 5,"17 km SE of Huambo, Peru",earthquake: 0,1.88,0.068,69.0,us,us: 5,0-10 km: 0,shallow,moderate,-38.31389,0.28788418
3074,6,1,2023-06-03 03:47:17,-5.1364,-11.593,10.0,4.6,mb: 0,3.908,us: 5,Ascension Island region,earthquake: 0,1.903,0.101,29.0,us,us: 5,0-10 km: 0,shallow,light,-29.936916,-4.3656025
3075,6,1,2023-06-03 06:23:27,12.4599,48.2599,10.0,5.2,mww: 7,5.376,us: 5,"144 km N of Las Khorey, Somalia",earthquake: 0,1.884,0.098,10.0,us,us: 5,0-10 km: 0,shallow,moderate,28.29217,-31.53307
3076,6,1,2023-06-03 06:29:06,12.4315,48.3762,10.0,4.9,mb: 0,5.484,us: 5,"142 km N of Las Khorey, Somalia",earthquake: 0,1.71,0.078,51.0,us,us: 5,0-10 km: 0,shallow,light,-6.2311344,4.05269
3077,6,1,2023-06-03 06:30:10,12.4693,48.188,10.0,4.9,mb: 0,5.309,us: 5,Gulf of Aden,earthquake: 0,1.939,0.088,40.0,us,us: 5,0-10 km: 0,shallow,light,-6.828103,3.3272023
3078,6,1,2023-06-03 06:37:53,12.5434,48.2403,10.0,4.9,mb: 0,5.372,us: 5,Gulf of Aden,earthquake: 0,1.862,0.066,73.0,us,us: 5,0-10 km: 0,shallow,light,-4.951103,6.043167
3079,6,1,2023-06-03 06:49:03,12.1785,48.1589,10.0,4.6,mb: 0,5.24,us: 5,"112 km N of Las Khorey, Somalia",earthquake: 0,1.718,0.07,61.0,us,us: 5,0-10 km: 0,shallow,light,-6.8608117,5.7123823
3080,6,1,2023-06-03 07:04:25,12.3849,48.1537,10.0,4.8,mb: 0,5.262,us: 5,"135 km N of Las Khorey, Somalia",earthquake: 0,1.858,0.064,75.0,us,us: 5,0-10 km: 0,shallow,light,-5.3552723,6.319938
3081,6,1,2023-06-03 07:17:43,-15.9097,-72.0234,10.0,4.7,mb: 0,2.928,us: 5,"11 km N of Lluta, Peru",earthquake: 0,1.917,0.081,46.0,us,us: 5,0-10 km: 0,shallow,light,-37.00752,-1.0631963
3082,6,1,2023-06-03 07:17:46,12.6434,48.1757,10.0,5.8,mww: 7,5.328,us: 5,"164 km N of Las Khorey, Somalia",earthquake: 0,1.848,0.042,54.0,us,us: 5,0-10 km: 0,shallow,moderate,36.647743,-37.30394
3083,6,1,2023-06-03 08:39:51,6.421,124.7491,10.533,4.6,mb: 0,1.046,us: 5,"3 km W of Bañga, Philippines",earthquake: 0,4.749,0.091,36.0,us,us: 5,0-10 km: 0,shallow,light,28.62193,22.300152
3084,6,1,2023-06-03 09:43:35,12.7078,47.9368,10.0,4.6,mb: 0,5.114,us: 5,"173 km N of Las Khorey, Somalia",earthquake: 0,1.92,0.069,62.0,us,us: 5,0-10 km: 0,shallow,light,-6.8140182,5.802618
3085,6,1,2023-06-03 10:08:33,-20.6949,-68.7311,100.084,5.0,mww: 7,0.788,us: 5,"76 km NW of Ollagüe, Chile",earthquake: 0,5.286,0.073,18.0,us,us: 5,0-10 km: 0,intermediate,moderate,61.291195,-43.361465
3086,6,1,2023-06-03 10:15:55,12.4621,47.9835,10.0,5.6,mww: 7,5.111,us: 5,"145 km N of Las Khorey, Somalia",earthquake: 0,1.875,0.086,13.0,us,us: 5,0-10 km: 0,shallow,moderate,33.843426,-34.83653
3087,6,1,2023-06-03 10:32:06,12.5875,48.0291,10.0,4.9,mb: 0,5.177,us: 5,"159 km N of Las Khorey, Somalia",earthquake: 0,1.895,0.071,72.0,us,us: 5,0-10 km: 0,shallow,light,-4.9719334,5.868222
3088,6,1,2023-06-03 10:35:34,12.6289,48.1236,10.0,4.6,mb: 0,5.276,us: 5,"162 km N of Las Khorey, Somalia",earthquake: 0,1.903,0.089,38.0,us,us: 5,0-10 km: 0,shallow,light,-8.351931,3.171332
3089,6,1,2023-06-03 10:35:40,41.978,142.5738,61.61,5.0,mww: 7,0.436,us: 5,"26 km SW of Urakawa, Japan",earthquake: 0,5.733,0.086,13.0,us,us: 5,0-10 km: 0,shallow,moderate,16.937294,-36.757496
3090,6,1,2023-06-03 10:57:34,18.3588,145.6768,108.575,4.6,mb: 0,3.102,us: 5,"Pagan region, Northern Mariana Islands",earthquake: 0,7.67,0.04,192.0,us,us: 5,0-10 km: 0,intermediate,light,2.062541,46.67019
3091,6,1,2023-06-03 14:10:35,12.4312,48.2633,10.0,4.8,mb: 0,5.375,us: 5,"140 km N of Las Khorey, Somalia",earthquake: 0,1.782,0.052,117.0,us,us: 5,0-10 km: 0,shallow,light,2.4755862,10.845841
3092,6,1,2023-06-03 15:24:57,53.6328,-163.3091,20.963,4.6,mww: 7,1.12,us: 5,"136 km S of False Pass, Alaska",earthquake: 0,4.961,0.089,12.0,us,us: 5,0-10 km: 0,shallow,light,26.440607,-68.74017
3093,6,1,2023-06-03 17:06:26,-6.3651,130.3349,133.431,4.7,mb: 0,1.88,us: 5,"279 km WSW of Tual, Indonesia",earthquake: 0,5.503,0.067,73.0,us,us: 5,0-10 km: 0,intermediate,light,36.890903,41.37176
3094,6,1,2023-06-03 19:22:07,-14.9758,166.8602,35.0,4.7,mb: 0,6.062,us: 5,"23 km WNW of Port-Olry, Vanuatu",earthquake: 0,1.882,0.071,59.0,us,us: 5,0-10 km: 0,shallow,light,9.244515,-4.9467545
3095,6,1,2023-06-03 22:39:43,15.894,144.9009,10.0,4.9,mb: 0,1.074,us: 5,"Saipan region, Northern Mariana Islands",earthquake: 0,1.823,0.062,83.0,us,us: 5,0-10 km: 0,shallow,light,1.3696486,6.3273635
3096,6,1,2023-06-03 22:49:23,53.5034,-163.2913,10.0,4.6,mwr: 6,1.249,us: 5,"150 km S of False Pass, Alaska",earthquake: 0,1.456,0.068,21.0,us,us: 5,0-10 km: 0,shallow,light,25.038776,-68.66975
3097,6,1,2023-06-03 23:01:48,-18.3273,168.0768,35.0,4.8,mb: 0,4.206,us: 5,"70 km SSW of Port-Vila, Vanuatu",earthquake: 0,1.841,0.091,37.0,us,us: 5,0-10 km: 0,shallow,light,7.6388597,-13.765732
3098,6,1,2023-06-04 00:25:10,-6.8207,130.3819,114.92,5.2,mww: 7,2.332,us: 5,"293 km WSW of Tual, Indonesia",earthquake: 0,5.094,0.093,11.0,us,us: 5,0-10 km: 0,intermediate,moderate,30.239414,-17.546349
3099,6,1,2023-06-04 00:54:50,53.5582,-163.4572,13.538,4.6,mwr: 6,1.179,us: 5,"144 km S of False Pass, Alaska",earthquake: 0,3.944,0.052,35.0,us,us: 5,0-10 km: 0,shallow,light,25.552996,-67.902275
3100,6,1,2023-06-04 01:46:32,23.0467,143.0093,79.027,4.6,mb: 0,10.419,us: 5,"Volcano Islands, Japan region",earthquake: 0,6.772,0.074,56.0,us,us: 5,10-20 km: 1,intermediate,light,12.772321,32.909725
3101,6,1,2023-06-04 01:58:33,35.7132,140.0502,73.864,4.8,mwr: 6,1.704,us: 5,"5 km ENE of Honchō, Japan",earthquake: 0,5.783,0.071,19.0,us,us: 5,0-10 km: 0,intermediate,light,15.397158,-39.205677
3102,6,1,2023-06-04 03:16:57,-15.2113,-173.1804,35.0,5.3,mb: 0,1.873,us: 5,"105 km NE of Hihifo, Tonga",earthquake: 0,1.851,0.027,457.0,us,us: 5,0-10 km: 0,shallow,moderate,-15.452923,53.765125
3103,6,1,2023-06-04 04:14:47,14.5343,39.8828,10.0,4.7,mb: 0,4.154,us: 5,"53 km ENE of Ādīgrat, Ethiopia",earthquake: 0,1.872,0.062,79.0,us,us: 5,0-10 km: 0,shallow,light,-5.9067135,6.6371884
3104,6,1,2023-06-04 05:52:04,-3.0827,137.3178,52.249,5.1,mb: 0,3.428,us: 5,"Papua, Indonesia",earthquake: 0,6.585,0.043,174.0,us,us: 5,0-10 km: 0,shallow,moderate,22.197767,47.892937
3105,6,1,2023-06-04 07:13:18,12.5989,48.0296,10.0,4.6,mb: 0,5.18,us: 5,"160 km N of Las Khorey, Somalia",earthquake: 0,1.936,0.092,35.0,us,us: 5,0-10 km: 0,shallow,light,-8.436591,3.000105
3106,6,1,2023-06-04 14:55:27,1.6786,125.6479,104.227,4.9,mb: 0,1.94,us: 5,Molucca Sea,earthquake: 0,5.095,0.063,79.0,us,us: 5,0-10 km: 0,intermediate,light,34.616745,40.10143
3107,6,1,2023-06-04 22:10:32,25.1816,128.2919,10.0,5.0,mww: 7,1.648,us: 5,"121 km SSE of Itoman, Japan",earthquake: 0,1.83,0.055,32.0,us,us: 5,0-10 km: 0,shallow,moderate,24.749556,-42.93001
3108,6,1,2023-06-05 00:37:53,-56.6991,147.6358,10.0,5.3,mww: 7,13.806,us: 5,west of Macquarie Island,earthquake: 0,1.739,0.093,11.0,us,us: 5,10-20 km: 1,shallow,moderate,49.13605,-24.155956
3109,6,1,2023-06-05 00:53:05,-56.7448,147.3689,10.0,4.6,mb: 0,6.929,us: 5,west of Macquarie Island,earthquake: 0,1.862,0.119,21.0,us,us: 5,0-10 km: 0,shallow,light,-10.798011,-38.700546
3110,6,1,2023-06-05 01:12:27,13.6457,144.8566,139.576,4.6,mb: 0,1.825,us: 5,"12 km NNW of Yigo Village, Guam",earthquake: 0,6.496,0.063,75.0,us,us: 5,0-10 km: 0,intermediate,light,31.251057,42.389423
3111,6,1,2023-06-05 01:43:55,12.6288,47.9576,10.0,4.6,mb: 0,5.117,us: 5,"164 km N of Las Khorey, Somalia",earthquake: 0,1.873,0.057,91.0,us,us: 5,0-10 km: 0,shallow,light,-6.1851754,7.2347646
3112,6,1,2023-06-05 01:50:16,-40.2515,-16.8345,10.0,4.6,mb: 0,32.274,us: 5,southern Mid-Atlantic Ridge,earthquake: 0,1.717,0.136,16.0,us,us: 5,30-40 km: 3,shallow,light,-35.825016,-41.50233
3113,6,1,2023-06-05 02:09:45,12.8765,95.4751,10.0,4.6,mb: 0,3.853,us: 5,"Andaman Islands, India region",earthquake: 0,1.888,0.096,32.0,us,us: 5,0-10 km: 0,shallow,light,-7.6404934,-2.4882941
3114,6,1,2023-06-05 02:17:29,-40.0867,-16.7374,10.0,4.8,mb: 0,29.954,us: 5,southern Mid-Atlantic Ridge,earthquake: 0,1.869,0.116,23.0,us,us: 5,20-30 km: 2,shallow,light,-26.668846,-41.70013
3115,6,1,2023-06-05 02:45:59,-62.2765,155.4298,10.0,5.8,mww: 7,17.924,us: 5,Balleny Islands region,earthquake: 0,1.743,0.093,11.0,us,us: 5,10-20 km: 1,shallow,moderate,50.498585,-24.453188
3116,6,1,2023-06-05 03:14:13,-62.0422,156.5427,10.0,4.6,mb: 0,17.469,us: 5,Balleny Islands region,earthquake: 0,1.862,0.129,18.0,us,us: 5,10-20 km: 1,shallow,light,-10.658739,-38.017105
3117,6,1,2023-06-05 05:19:22,-23.0091,170.2339,10.0,4.6,mb: 0,2.602,us: 5,"283 km E of Vao, New Caledonia",earthquake: 0,1.826,0.126,19.0,us,us: 5,0-10 km: 0,shallow,light,1.4861251,-22.488712
3118,6,1,2023-06-05 07:59:57,-19.0793,23.503,10.164,4.6,mb: 0,1.304,us: 5,"100 km N of Maun, Botswana",earthquake: 0,3.883,0.099,31.0,us,us: 5,0-10 km: 0,shallow,light,-21.322414,-36.13651
3119,6,1,2023-06-05 09:41:34,-15.1019,-173.5114,10.0,4.7,mb: 0,2.052,us: 5,"99 km NNE of Hihifo, Tonga",earthquake: 0,1.803,0.054,102.0,us,us: 5,0-10 km: 0,shallow,light,-62.33689,-3.882942
3120,6,1,2023-06-05 11:55:30,-15.8993,-72.0405,10.0,5.0,mb: 0,2.946,us: 5,southern Peru,earthquake: 0,1.863,0.048,138.0,us,us: 5,0-10 km: 0,shallow,moderate,-39.796665,1.1789684
3121,6,1,2023-06-05 12:43:38,-15.8336,-72.0772,10.24,4.8,mb: 0,3.02,us: 5,"11 km SSE of Huambo, Peru",earthquake: 0,4.704,0.075,55.0,us,us: 5,0-10 km: 0,shallow,light,-43.429585,-0.3444567
3122,6,1,2023-06-05 13:08:49,-10.0963,118.7098,37.76,4.7,mb: 0,1.561,us: 5,"93 km SW of Tambolaka, Indonesia",earthquake: 0,6.182,0.096,33.0,us,us: 5,0-10 km: 0,shallow,light,35.215706,25.337084
3123,6,1,2023-06-05 15:41:40,-5.7319,151.9904,10.0,5.2,mww: 7,1.54,us: 5,"156 km SSW of Kokopo, Papua New Guinea",earthquake: 0,1.771,0.069,20.0,us,us: 5,0-10 km: 0,shallow,moderate,39.23472,-26.89218
3124,6,1,2023-06-05 15:49:08,-5.743,151.9962,10.0,4.8,mb: 0,1.551,us: 5,"New Britain region, Papua New Guinea",earthquake: 0,1.881,0.065,74.0,us,us: 5,0-10 km: 0,shallow,light,8.345197,-1.5539243
3125,6,1,2023-06-05 18:01:04,23.0196,-100.1513,10.0,4.6,mb: 0,0.906,us: 5,"11 km WNW of Lázaro Cárdenas, Mexico",earthquake: 0,1.846,0.032,294.0,us,us: 5,0-10 km: 0,shallow,light,-20.421652,50.262875
3126,6,1,2023-06-06 07:23:06,-7.651,107.0857,55.528,4.8,mb: 0,0.59,us: 5,"63 km SW of Banjar, Indonesia",earthquake: 0,4.579,0.079,49.0,us,us: 5,0-10 km: 0,shallow,light,29.258347,29.945538
3127,6,1,2023-06-06 08:42:30,14.5303,147.0205,10.0,4.7,mb: 0,1.384,us: 5,"155 km ESE of Saipan, Northern Mariana Islands",earthquake: 0,1.895,0.12,21.0,us,us: 5,0-10 km: 0,shallow,light,-12.790341,-5.573548
3128,6,1,2023-06-06 09:11:23,18.699,-74.2301,10.0,4.9,mww: 7,1.469,us: 5,Haiti region,earthquake: 0,1.846,0.06,27.0,us,us: 5,0-10 km: 0,shallow,light,54.094776,-51.55133
3129,6,1,2023-06-06 13:16:22,-17.9904,-174.493,123.476,4.6,mb: 0,1.83,us: 5,"90 km NW of Neiafu, Tonga",earthquake: 0,6.941,0.109,25.0,us,us: 5,0-10 km: 0,intermediate,light,-49.387802,-9.287929
3130,6,1,2023-06-06 14:17:39,0.7602,126.3698,34.244,4.7,mb: 0,0.997,us: 5,"112 km W of Ternate, Indonesia",earthquake: 0,2.58,0.067,68.0,us,us: 5,0-10 km: 0,shallow,light,2.171599,0.8437005
3131,6,1,2023-06-06 16:06:50,53.5032,-163.1656,17.032,4.7,mb: 0,1.266,us: 5,"151 km S of False Pass, Alaska",earthquake: 0,1.737,0.041,180.0,us,us: 5,0-10 km: 0,shallow,light,-26.12716,34.167034
3132,6,1,2023-06-06 21:43:48,-23.0942,170.0901,10.0,4.9,mb: 0,2.485,us: 5,"270 km E of Vao, New Caledonia",earthquake: 0,1.839,0.094,36.0,us,us: 5,0-10 km: 0,shallow,light,9.981644,-13.593883
3133,6,1,2023-06-06 21:48:02,-23.0558,170.2262,10.0,5.1,mww: 7,2.602,us: 5,"283 km E of Vao, New Caledonia",earthquake: 0,1.814,0.08,15.0,us,us: 5,0-10 km: 0,shallow,moderate,43.2751,-24.338404
3134,6,1,2023-06-06 21:53:53,-23.1251,170.1138,10.0,4.6,mb: 0,2.512,us: 5,"273 km E of Vao, New Caledonia",earthquake: 0,1.858,0.129,18.0,us,us: 5,0-10 km: 0,shallow,light,0.9651204,-22.75561
3135,6,1,2023-06-06 23:38:10,-23.053,170.4734,17.452,5.2,mww: 7,2.827,us: 5,southeast of the Loyalty Islands,earthquake: 0,1.642,0.078,16.0,us,us: 5,0-10 km: 0,shallow,moderate,43.209496,-24.826336
3136,6,1,2023-06-07 00:00:25,-60.3542,-26.9678,35.0,5.1,mb: 0,17.461,us: 5,South Sandwich Islands region,earthquake: 0,1.817,0.077,55.0,us,us: 5,10-20 km: 1,shallow,moderate,-25.77599,-46.736717
3137,6,1,2023-06-07 00:00:52,-60.3214,-26.6702,17.163,4.9,mb: 0,14.795,us: 5,South Sandwich Islands region,earthquake: 0,1.66,0.101,31.0,us,us: 5,10-20 km: 1,shallow,light,-28.433964,-44.593727
3138,6,1,2023-06-07 09:53:50,16.8861,95.5462,10.0,4.8,mb: 0,2.931,us: 5,"20 km SSW of Nyaungdon, Myanmar",earthquake: 0,1.838,0.075,54.0,us,us: 5,0-10 km: 0,shallow,light,-3.4177227,3.3607874
3139,6,1,2023-06-07 12:26:38,42.0428,24.8423,10.0,4.6,mb: 0,1.037,us: 5,Bulgaria,earthquake: 0,1.872,0.082,45.0,us,us: 5,0-10 km: 0,shallow,light,-23.381237,19.426092
3140,6,1,2023-06-07 15:51:24,-55.9036,-27.171,35.0,4.9,mb: 0,5.591,us: 5,South Sandwich Islands region,earthquake: 0,1.894,0.115,25.0,us,us: 5,0-10 km: 0,shallow,light,-30.311106,-43.33152
3141,6,1,2023-06-07 16:31:34,-5.5204,132.4481,28.685,4.6,mb: 0,2.592,us: 5,"35 km WNW of Tual, Indonesia",earthquake: 0,5.978,0.114,23.0,us,us: 5,0-10 km: 0,shallow,light,34.1281,19.396044
3142,6,1,2023-06-07 17:04:55,-8.8517,110.7921,18.0,5.6,mww: 7,3.344,us: 5,"146 km S of Wonosari, Indonesia",earthquake: 0,1.68,0.089,12.0,us,us: 5,0-10 km: 0,shallow,moderate,43.019382,-27.888664
3143,6,1,2023-06-07 17:39:23,6.0189,-77.8504,10.0,5.1,mww: 7,3.702,us: 5,"54 km WSW of Bahía Solano, Colombia",earthquake: 0,1.783,0.062,25.0,us,us: 5,0-10 km: 0,shallow,moderate,53.063618,-52.066525
3144,6,1,2023-06-07 19:46:33,-28.717,-175.703,10.0,4.6,mb: 0,2.017,us: 5,Kermadec Islands region,earthquake: 0,1.909,0.136,21.0,us,us: 5,0-10 km: 0,shallow,light,-61.831238,-22.822182
3145,6,1,2023-06-07 20:02:32,-22.8824,170.4931,10.0,4.7,mb: 0,2.825,us: 5,southeast of the Loyalty Islands,earthquake: 0,1.804,0.071,60.0,us,us: 5,0-10 km: 0,shallow,light,9.996705,-5.28754
3146,6,1,2023-06-07 22:52:06,-16.2807,-74.1425,35.0,4.9,mb: 0,4.183,us: 5,"55 km SSW of Achanizo, Peru",earthquake: 0,1.838,0.053,111.0,us,us: 5,0-10 km: 0,shallow,light,-39.416252,1.058516
3147,6,1,2023-06-07 23:08:20,-16.3575,-74.242,26.147,4.6,mb: 0,4.228,us: 5,"63 km SSE of Atiquipa, Peru",earthquake: 0,4.875,0.083,43.0,us,us: 5,0-10 km: 0,shallow,light,-43.508602,-0.24891786
3148,6,1,2023-06-07 23:18:37,-8.0929,120.6452,10.365,4.7,mb: 0,1.665,us: 5,"60 km NNE of Ruteng, Indonesia",earthquake: 0,4.416,0.138,16.0,us,us: 5,0-10 km: 0,shallow,light,32.591972,17.059559
3149,6,2,2023-06-08 04:02:32,-55.4402,-1.7995,10.0,5.2,mww: 7,16.301,us: 5,Bouvet Island region,earthquake: 0,1.808,0.098,10.0,us,us: 5,10-20 km: 1,shallow,moderate,60.195316,-25.020153
3150,6,2,2023-06-08 06:23:05,-53.7701,140.4478,10.0,4.7,mb: 0,16.572,us: 5,west of Macquarie Island,earthquake: 0,1.879,0.12,25.0,us,us: 5,10-20 km: 1,shallow,light,-11.016164,-38.961674
3151,6,2,2023-06-08 07:32:51,-5.6982,151.9814,10.0,5.0,mww: 7,1.508,us: 5,"153 km SSW of Kokopo, Papua New Guinea",earthquake: 0,1.848,0.098,10.0,us,us: 5,0-10 km: 0,shallow,moderate,40.894615,-23.018358
3152,6,2,2023-06-08 09:19:27,-22.3497,170.28,11.0,5.7,mww: 7,2.634,us: 5,"263 km ESE of Tadine, New Caledonia",earthquake: 0,1.816,0.063,24.0,us,us: 5,0-10 km: 0,shallow,moderate,41.745796,-30.10438
3153,6,2,2023-06-08 09:30:22,-5.7761,152.1021,10.0,4.6,mb: 0,1.576,us: 5,"159 km S of Kokopo, Papua New Guinea",earthquake: 0,1.922,0.111,24.0,us,us: 5,0-10 km: 0,shallow,light,-1.3129905,-13.3753605
3154,6,2,2023-06-08 10:18:22,-22.3688,170.3715,10.0,4.6,mb: 0,2.716,us: 5,"272 km ESE of Tadine, New Caledonia",earthquake: 0,1.816,0.136,16.0,us,us: 5,0-10 km: 0,shallow,light,-0.2552621,-23.211386
3155,6,2,2023-06-08 12:00:25,-40.5423,176.9972,10.0,4.7,mb: 0,1.087,us: 5,"76 km ENE of Castlepoint, New Zealand",earthquake: 0,1.859,0.12,22.0,us,us: 5,0-10 km: 0,shallow,light,-8.524791,-37.64885
3156,6,2,2023-06-08 12:33:53,38.6013,22.9574,10.0,4.8,mb: 0,1.543,us: 5,"6 km SSW of Atalánti, Greece",earthquake: 0,1.783,0.043,167.0,us,us: 5,0-10 km: 0,shallow,light,-16.459654,32.921318
3157,6,2,2023-06-08 14:32:01,13.355,145.577,65.844,4.9,mb: 0,1.886,us: 5,"77 km ESE of Yigo Village, Guam",earthquake: 0,5.793,0.034,273.0,us,us: 5,0-10 km: 0,shallow,light,-2.452598,45.77739
3158,6,2,2023-06-08 16:46:59,-19.4602,-173.0183,10.384,4.6,mb: 0,2.664,us: 5,"135 km SE of Neiafu, Tonga",earthquake: 0,3.48,0.158,16.0,us,us: 5,0-10 km: 0,shallow,light,-56.224033,-24.423649
3159,6,2,2023-06-08 18:34:41,33.039,84.756,12.384,4.6,mb: 0,9.267,us: 5,western Xizang,earthquake: 0,4.048,0.063,75.0,us,us: 5,0-10 km: 0,shallow,light,4.005075,28.31441
3160,6,2,2023-06-08 19:13:05,-23.4539,170.9949,10.0,4.6,mb: 0,3.374,us: 5,southeast of the Loyalty Islands,earthquake: 0,1.819,0.151,13.0,us,us: 5,0-10 km: 0,shallow,light,-3.9614382,-25.156437
3161,6,2,2023-06-08 20:31:45,52.1605,177.7846,7.234,5.7,mww: 7,0.497,us: 5,"Rat Islands, Aleutian Islands, Alaska",earthquake: 0,2.877,0.034,82.0,us,us: 5,0-10 km: 0,shallow,moderate,32.68442,-41.71754
3162,6,2,2023-06-08 20:34:53,51.7299,177.7629,9.527,4.6,mb: 0,0.513,us: 5,"Rat Islands, Aleutian Islands, Alaska",earthquake: 0,4.521,0.104,28.0,us,us: 5,0-10 km: 0,shallow,light,11.052945,28.335855
3163,6,2,2023-06-08 21:18:21,55.3229,163.0302,10.0,4.8,mb: 0,3.455,us: 5,"106 km SSE of Ust’-Kamchatsk Staryy, Russia",earthquake: 0,1.864,0.034,272.0,us,us: 5,0-10 km: 0,shallow,light,-7.187834,43.492
3164,6,2,2023-06-08 21:20:55,31.2018,130.2253,189.852,4.9,mb: 0,0.363,us: 5,"11 km SW of Makurazaki, Japan",earthquake: 0,4.855,0.037,232.0,us,us: 5,0-10 km: 0,intermediate,light,0.69058377,45.77817
3165,6,2,2023-06-09 00:30:42,7.4716,126.0338,89.105,4.6,mb: 0,6.787,us: 5,"4 km SE of San Mariano, Philippines",earthquake: 0,8.689,0.101,29.0,us,us: 5,0-10 km: 0,intermediate,light,48.594078,19.546118
3166,6,2,2023-06-09 02:24:15,-1.9529,125.687,10.0,4.7,mb: 0,3.052,us: 5,"Pulau-Pulau Sula, Indonesia",earthquake: 0,1.519,0.102,30.0,us,us: 5,0-10 km: 0,shallow,light,-1.5239631,-9.460887
3167,6,2,2023-06-09 06:09:07,-13.2274,66.2284,10.0,4.9,mb: 0,26.475,us: 5,Mid-Indian Ridge,earthquake: 0,1.843,0.078,52.0,us,us: 5,20-30 km: 2,shallow,light,-27.026642,0.5512645
3168,6,2,2023-06-09 09:24:39,44.2807,149.2866,56.078,4.6,mb: 0,4.816,us: 5,"153 km SE of Kuril’sk, Russia",earthquake: 0,3.16,0.04,189.0,us,us: 5,0-10 km: 0,shallow,light,-5.6613393,36.26614
3169,6,2,2023-06-09 09:44:25,-12.2417,65.6629,10.0,4.6,mb: 0,7.789,us: 5,Mid-Indian Ridge,earthquake: 0,1.854,0.119,22.0,us,us: 5,0-10 km: 0,shallow,light,-27.128899,-6.7194443
3170,6,2,2023-06-09 10:34:04,-2.8026,129.2057,10.0,4.9,mb: 0,1.845,us: 5,"60 km NNE of Masohi, Indonesia",earthquake: 0,1.866,0.064,77.0,us,us: 5,0-10 km: 0,shallow,light,7.6498375,0.07752549
3171,6,2,2023-06-09 11:33:35,7.1882,-34.015,10.0,5.3,mww: 7,12.805,us: 5,central Mid-Atlantic Ridge,earthquake: 0,1.862,0.052,36.0,us,us: 5,10-20 km: 1,shallow,moderate,51.644035,-52.016388
3172,6,2,2023-06-09 17:17:29,-1.2003,98.2138,10.0,4.6,mb: 0,2.568,us: 5,"178 km WNW of Tuapejat, Indonesia",earthquake: 0,1.837,0.072,64.0,us,us: 5,0-10 km: 0,shallow,light,0.16610232,0.069178954
3173,6,2,2023-06-09 18:28:45,-23.652,-177.1714,10.538,4.7,mb: 0,3.069,us: 5,south of the Fiji Islands,earthquake: 0,4.129,0.12,21.0,us,us: 5,0-10 km: 0,shallow,light,-55.284782,-13.426174
3174,6,2,2023-06-09 20:43:28,-47.3188,-12.6236,10.0,5.7,mww: 7,16.566,us: 5,southern Mid-Atlantic Ridge,earthquake: 0,1.697,0.066,22.0,us,us: 5,10-20 km: 1,shallow,moderate,57.736637,-25.86822
3175,6,2,2023-06-09 21:21:42,-60.5065,160.2974,10.0,5.9,mww: 7,6.069,us: 5,Macquarie Island region,earthquake: 0,1.778,0.056,31.0,us,us: 5,0-10 km: 0,shallow,moderate,51.581985,-24.45421
3176,6,2,2023-06-09 21:33:05,-16.8578,-173.9434,102.593,4.8,mb: 0,3.597,us: 5,Tonga,earthquake: 0,6.656,0.038,214.0,us,us: 5,0-10 km: 0,intermediate,light,-57.375877,1.195275
3177,6,2,2023-06-09 22:25:00,-2.8089,129.2529,10.0,4.6,mb: 0,1.822,us: 5,"62 km NNE of Masohi, Indonesia",earthquake: 0,1.819,0.091,36.0,us,us: 5,0-10 km: 0,shallow,light,-0.32552388,-8.122624
3178,6,2,2023-06-09 23:32:02,-23.6738,-177.1376,9.812,4.6,mb: 0,3.068,us: 5,south of the Fiji Islands,earthquake: 0,3.94,0.085,41.0,us,us: 5,0-10 km: 0,shallow,light,-57.53956,-11.591995
3179,6,2,2023-06-10 04:04:45,-20.0935,-174.9132,105.321,4.6,mb: 0,1.105,us: 5,"66 km WSW of Pangai, Tonga",earthquake: 0,4.576,0.207,7.0,us,us: 5,0-10 km: 0,intermediate,light,-47.544178,-19.591768
3180,6,2,2023-06-10 05:31:54,22.8409,120.6558,26.564,4.9,mwr: 6,0.392,us: 5,"37 km SSE of Yujing, Taiwan",earthquake: 0,5.144,0.061,26.0,us,us: 5,0-10 km: 0,shallow,light,16.231943,-40.23758
3181,6,2,2023-06-10 09:12:50,-15.954,-179.0523,10.0,5.7,mww: 7,1.868,us: 5,"177 km ENE of Labasa, Fiji",earthquake: 0,1.752,0.046,45.0,us,us: 5,0-10 km: 0,shallow,moderate,62.98471,-33.772415
3182,6,2,2023-06-10 14:50:38,11.8124,125.9285,33.922,4.9,mb: 0,4.725,us: 5,"51 km E of Sulat, Philippines",earthquake: 0,4.997,0.054,113.0,us,us: 5,0-10 km: 0,shallow,light,21.272715,39.480045
3183,6,2,2023-06-10 15:07:45,-5.5068,104.2986,78.3,4.6,mb: 0,1.757,us: 5,"99 km SW of Kotabumi, Indonesia",earthquake: 0,7.589,0.102,32.0,us,us: 5,0-10 km: 0,intermediate,light,44.81919,23.04226
3184,6,2,2023-06-10 19:55:33,-55.912,-27.8955,101.418,4.6,mb: 0,5.197,us: 5,South Sandwich Islands region,earthquake: 0,3.866,0.126,19.0,us,us: 5,0-10 km: 0,intermediate,light,-33.078,-52.036808
3185,6,2,2023-06-10 22:17:07,-60.6035,159.5042,10.0,4.7,mb: 0,15.829,us: 5,Macquarie Island region,earthquake: 0,1.865,0.142,15.0,us,us: 5,10-20 km: 1,shallow,light,-10.757079,-37.295734
3186,6,2,2023-06-10 23:18:41,-5.8975,151.8312,10.0,4.6,mb: 0,1.727,us: 5,"178 km SSW of Kokopo, Papua New Guinea",earthquake: 0,1.71,0.088,38.0,us,us: 5,0-10 km: 0,shallow,light,2.3737662,-8.705348
3187,6,2,2023-06-10 23:23:23,10.5161,126.3657,35.0,4.6,mb: 0,3.512,us: 5,"65 km NNE of Santa Monica, Philippines",earthquake: 0,1.917,0.109,25.0,us,us: 5,0-10 km: 0,shallow,light,-9.871453,-6.006548
3188,6,2,2023-06-11 00:38:51,-26.3274,28.1581,5.0,4.9,mb: 0,2.655,us: 5,"Gauteng, South Africa",earthquake: 0,1.787,0.065,75.0,us,us: 5,0-10 km: 0,shallow,light,-23.83395,-39.71519
3189,6,2,2023-06-11 01:42:28,-0.0302,123.0761,153.835,4.8,mb: 0,1.05,us: 5,"62 km S of Gorontalo, Indonesia",earthquake: 0,4.985,0.06,87.0,us,us: 5,0-10 km: 0,intermediate,light,37.03498,42.183178
3190,6,2,2023-06-11 02:58:01,46.1872,153.1618,10.0,5.2,mww: 7,7.212,us: 5,Kuril Islands,earthquake: 0,1.85,0.068,21.0,us,us: 5,0-10 km: 0,shallow,moderate,23.095572,-43.4567
3191,6,2,2023-06-11 03:56:59,-5.7258,152.048,10.0,4.8,mb: 0,1.529,us: 5,"154 km S of Kokopo, Papua New Guinea",earthquake: 0,1.853,0.066,73.0,us,us: 5,0-10 km: 0,shallow,light,8.259556,-1.6191287
3192,6,2,2023-06-11 06:36:19,-5.6791,102.9252,33.357,4.8,mb: 0,1.31,us: 5,"186 km S of Pagar Alam, Indonesia",earthquake: 0,5.273,0.082,51.0,us,us: 5,0-10 km: 0,shallow,light,29.218979,29.66527
3193,6,2,2023-06-11 06:51:47,-2.9534,136.6526,42.782,5.2,mb: 0,4.069,us: 5,"135 km ENE of Nabire, Indonesia",earthquake: 0,5.885,0.047,148.0,us,us: 5,0-10 km: 0,shallow,moderate,21.826908,46.822784
3194,6,2,2023-06-11 09:54:44,42.5268,141.9005,121.0,6.2,mww: 7,1.064,us: 5,"20 km WSW of Biratori, Japan",earthquake: 0,1.905,0.032,94.0,us,us: 5,0-10 km: 0,intermediate,strong,35.796776,-42.856533
3195,6,2,2023-06-11 10:23:22,-18.4786,-135.8387,10.0,4.8,mb: 0,10.441,us: 5,"Tuamotu Archipelago, French Polynesia region",earthquake: 0,1.848,0.041,186.0,us,us: 5,10-20 km: 1,shallow,light,-60.963272,0.37089714
3196,6,2,2023-06-11 11:34:53,-6.2358,150.6449,10.0,5.2,mb: 0,2.532,us: 5,"94 km SE of Kimbe, Papua New Guinea",earthquake: 0,1.86,0.042,188.0,us,us: 5,0-10 km: 0,shallow,moderate,17.570156,49.3278
3197,6,2,2023-06-11 11:36:59,42.2535,104.7159,10.0,4.6,mb: 0,5.706,us: 5,"148 km S of Dalandzadgad, Mongolia",earthquake: 0,1.879,0.073,56.0,us,us: 5,0-10 km: 0,shallow,light,-17.478785,19.640886
3198,6,2,2023-06-11 12:25:38,24.201,122.4809,52.449,4.7,mwr: 6,0.552,us: 5,"60 km WSW of Yonakuni, Japan",earthquake: 0,5.596,0.065,23.0,us,us: 5,0-10 km: 0,shallow,light,15.4661,-40.21289
3199,6,2,2023-06-11 12:52:27,-29.6836,-177.0665,10.0,4.7,mb: 0,0.855,us: 5,"Kermadec Islands, New Zealand",earthquake: 0,1.795,0.13,18.0,us,us: 5,0-10 km: 0,shallow,light,-64.17701,-20.320152
3200,6,2,2023-06-11 13:08:47,-56.9169,147.6805,10.0,5.8,mww: 7,6.809,us: 5,west of Macquarie Island,earthquake: 0,1.81,0.05,38.0,us,us: 5,0-10 km: 0,shallow,moderate,51.64872,-24.216114
3201,6,2,2023-06-11 20:35:23,-22.0191,-68.7801,105.622,4.6,mwr: 6,0.483,us: 5,"50 km NNE of Calama, Chile",earthquake: 0,1.115,0.065,23.0,us,us: 5,0-10 km: 0,intermediate,light,63.280907,-43.934612
3202,6,2,2023-06-12 01:23:43,24.1082,143.0146,10.0,5.0,mww: 7,12.347,us: 5,"Volcano Islands, Japan region",earthquake: 0,1.809,0.075,17.0,us,us: 5,10-20 km: 1,shallow,moderate,22.174063,-45.50831
3203,6,2,2023-06-12 06:11:47,-8.5207,157.2361,10.0,4.9,mb: 0,2.83,us: 5,"63 km SE of Gizo, Solomon Islands",earthquake: 0,1.801,0.099,32.0,us,us: 5,0-10 km: 0,shallow,light,3.987507,-13.249103
3204,6,2,2023-06-12 09:08:40,-5.5934,104.1733,80.011,4.9,mb: 0,1.724,us: 5,"115 km SW of Kotabumi, Indonesia",earthquake: 0,2.548,0.066,73.0,us,us: 5,0-10 km: 0,intermediate,light,15.5423975,15.250953
3205,6,2,2023-06-12 12:37:19,-18.9474,-67.8824,10.0,4.8,mb: 0,1.432,us: 5,"87 km ENE of Colchane, Chile",earthquake: 0,1.855,0.066,70.0,us,us: 5,0-10 km: 0,shallow,light,-38.356964,0.36135623
3206,6,2,2023-06-12 17:38:24,-16.1512,178.2607,10.0,4.8,mb: 0,1.597,us: 5,"122 km WNW of Labasa, Fiji",earthquake: 0,1.812,0.062,79.0,us,us: 5,0-10 km: 0,shallow,light,10.485084,-3.43868
3207,6,2,2023-06-12 23:46:56,-59.9732,-24.4773,10.0,4.7,mb: 0,14.572,us: 5,South Sandwich Islands region,earthquake: 0,1.891,0.106,27.0,us,us: 5,10-20 km: 1,shallow,light,-30.827362,-44.964832
3208,6,2,2023-06-13 04:40:23,24.5605,-46.3334,10.0,4.6,mb: 0,33.84,us: 5,northern Mid-Atlantic Ridge,earthquake: 0,1.896,0.068,65.0,us,us: 5,30-40 km: 3,shallow,light,-27.074505,22.890196
3209,6,2,2023-06-13 05:50:21,4.4702,-118.1921,10.0,4.6,mb: 0,22.385,us: 5,east central Pacific Ocean,earthquake: 0,1.9,0.067,65.0,us,us: 5,20-30 km: 2,shallow,light,-35.895256,2.5845933
3210,6,2,2023-06-13 07:45:56,24.1056,142.869,21.137,4.6,mb: 0,12.297,us: 5,"Volcano Islands, Japan region",earthquake: 0,4.912,0.071,60.0,us,us: 5,10-20 km: 1,shallow,light,8.402506,28.688519
3211,6,2,2023-06-13 08:03:40,33.1191,75.9074,10.0,5.2,mww: 7,2.271,us: 5,"23 km NE of Bhadarwāh, India",earthquake: 0,1.72,0.069,20.0,us,us: 5,0-10 km: 0,shallow,moderate,21.82863,-51.32285
3212,6,2,2023-06-13 09:31:53,12.886,-90.9752,38.077,4.6,mb: 0,1.541,us: 5,"116 km S of Puerto San José, Guatemala",earthquake: 0,8.233,0.033,265.0,us,us: 5,0-10 km: 0,shallow,light,-22.824575,54.598145
3213,6,2,2023-06-13 12:30:14,-3.172,147.506,10.0,5.1,mb: 0,4.757,us: 5,"128 km SSE of Lorengau, Papua New Guinea",earthquake: 0,1.572,0.059,94.0,us,us: 5,0-10 km: 0,shallow,moderate,9.492448,2.0236938
3214,6,2,2023-06-13 12:47:43,-6.2598,142.5893,10.0,4.6,mb: 0,4.169,us: 5,"60 km SW of Tari, Papua New Guinea",earthquake: 0,1.869,0.193,8.0,us,us: 5,0-10 km: 0,shallow,light,-10.5445795,-24.590181
3215,6,2,2023-06-13 16:16:02,51.5094,-178.5094,19.214,5.3,mww: 7,0.195,us: 5,"135 km WSW of Adak, Alaska",earthquake: 0,3.135,0.038,68.0,us,us: 5,0-10 km: 0,shallow,moderate,25.971548,-65.689095
3216,6,2,2023-06-13 17:00:22,-29.2435,-177.0723,50.032,5.2,mb: 0,0.741,us: 5,"Kermadec Islands, New Zealand",earthquake: 0,4.725,0.052,121.0,us,us: 5,0-10 km: 0,shallow,moderate,-57.87293,-2.0245807
3217,6,2,2023-06-13 17:01:39,-29.3404,-176.9828,43.863,5.4,mww: 7,0.823,us: 5,Kermadec Islands region,earthquake: 0,4.793,0.068,21.0,us,us: 5,0-10 km: 0,shallow,moderate,67.3902,-36.325844
3218,6,2,2023-06-13 17:03:21,-29.199,-177.2744,62.415,5.2,mb: 0,0.568,us: 5,"Kermadec Islands, New Zealand",earthquake: 0,4.426,0.056,109.0,us,us: 5,0-10 km: 0,shallow,moderate,-57.703304,-2.2771893
3219,6,2,2023-06-13 17:38:18,-29.346,-177.1333,45.095,5.2,mww: 7,0.692,us: 5,"Kermadec Islands, New Zealand",earthquake: 0,3.257,0.068,21.0,us,us: 5,0-10 km: 0,shallow,moderate,66.90113,-35.369545
3220,6,2,2023-06-13 17:51:42,-10.2371,161.0975,82.312,4.6,mb: 0,1.383,us: 5,"93 km WNW of Kirakira, Solomon Islands",earthquake: 0,6.467,0.096,36.0,us,us: 5,0-10 km: 0,intermediate,light,38.89572,27.454918
3221,6,2,2023-06-13 19:01:11,-29.1166,-177.0415,35.0,4.9,mb: 0,0.782,us: 5,"Kermadec Islands, New Zealand",earthquake: 0,1.61,0.062,86.0,us,us: 5,0-10 km: 0,shallow,light,-63.74798,-4.2500863
3222,6,2,2023-06-13 19:22:06,-29.3534,-176.9094,35.0,4.8,mb: 0,0.888,us: 5,Kermadec Islands region,earthquake: 0,1.587,0.056,98.0,us,us: 5,0-10 km: 0,shallow,light,-63.188572,-3.6440587
3223,6,2,2023-06-13 20:17:56,41.6983,80.8615,10.0,4.7,mb: 0,1.333,us: 5,"southern Xinjiang, China",earthquake: 0,1.827,0.05,126.0,us,us: 5,0-10 km: 0,shallow,light,-16.735783,28.961048
3224,6,2,2023-06-13 20:50:56,33.0446,75.948,14.274,4.6,mb: 0,2.323,us: 5,"22 km ENE of Bhadarwāh, India",earthquake: 0,3.773,0.048,138.0,us,us: 5,0-10 km: 0,shallow,light,0.5667397,32.055717
3225,6,2,2023-06-13 21:34:31,-12.1146,167.082,260.797,4.6,mb: 0,8.807,us: 5,"201 km NNW of Sola, Vanuatu",earthquake: 0,6.875,0.084,42.0,us,us: 5,0-10 km: 0,intermediate,light,45.522198,35.28407
3226,6,2,2023-06-13 21:43:53,-23.2125,-179.86,535.114,4.7,mb: 0,4.77,us: 5,south of the Fiji Islands,earthquake: 0,6.311,0.037,224.0,us,us: 5,0-10 km: 0,deep,light,-9.741854,66.932076
3227,6,2,2023-06-13 23:16:00,-23.0784,179.1947,559.577,4.8,mb: 0,5.413,us: 5,south of the Fiji Islands,earthquake: 0,6.966,0.091,37.0,us,us: 5,0-10 km: 0,deep,light,4.826872,62.73806
3228,6,2,2023-06-13 23:39:11,-30.0505,-177.767,47.068,4.9,mb: 0,0.797,us: 5,"Kermadec Islands, New Zealand",earthquake: 0,5.501,0.114,24.0,us,us: 5,0-10 km: 0,shallow,light,-53.517727,-11.498589
3229,6,2,2023-06-14 04:09:42,-29.2571,-176.7942,10.0,4.6,mb: 0,0.984,us: 5,Kermadec Islands region,earthquake: 0,1.886,0.272,5.0,us,us: 5,0-10 km: 0,shallow,light,-49.353897,-26.78107
3230,6,2,2023-06-14 05:10:37,-3.109,142.0729,33.049,4.7,mb: 0,1.49,us: 5,"30 km W of Aitape, Papua New Guinea",earthquake: 0,4.24,0.072,70.0,us,us: 5,0-10 km: 0,shallow,light,23.496698,32.13973
3231,6,2,2023-06-14 14:25:25,29.1261,130.4176,27.835,4.6,mb: 0,2.376,us: 5,"109 km NE of Tatsugō, Japan",earthquake: 0,5.128,0.069,64.0,us,us: 5,0-10 km: 0,shallow,light,8.429506,29.676256
3232,6,2,2023-06-14 19:56:02,-29.4731,-176.8014,10.0,4.6,mb: 0,0.999,us: 5,Kermadec Islands region,earthquake: 0,1.845,0.146,14.0,us,us: 5,0-10 km: 0,shallow,light,-60.3896,-24.952509
3233,6,2,2023-06-14 21:40:14,12.0199,-86.8188,90.04,4.8,mb: 0,0.573,us: 5,"34 km W of Villa El Carmen, Nicaragua",earthquake: 0,5.209,0.037,223.0,us,us: 5,0-10 km: 0,intermediate,light,-23.472795,53.340664
3234,6,3,2023-06-15 00:01:58,-29.2585,-177.145,48.209,5.2,mww: 7,0.678,us: 5,"Kermadec Islands, New Zealand",earthquake: 0,4.835,0.078,16.0,us,us: 5,0-10 km: 0,shallow,moderate,67.80716,-36.438995
3235,6,3,2023-06-15 01:09:55,-9.1792,123.9135,35.0,4.6,mb: 0,8.008,us: 5,"48 km NNE of Naisano Dua, Indonesia",earthquake: 0,1.847,0.094,34.0,us,us: 5,0-10 km: 0,shallow,light,1.306863,-9.633732
3236,6,3,2023-06-15 01:46:28,-29.3252,-176.9084,10.0,5.3,mww: 7,0.886,us: 5,Kermadec Islands region,earthquake: 0,1.778,0.083,14.0,us,us: 5,0-10 km: 0,shallow,moderate,66.952415,-33.321243
3237,6,3,2023-06-15 02:19:23,13.7629,120.7203,112.0,6.2,mww: 7,8.189,us: 5,"Mindoro, Philippines",earthquake: 0,1.81,0.034,84.0,us,us: 5,0-10 km: 0,intermediate,strong,42.89795,-37.01182
3238,6,3,2023-06-15 04:30:47,11.6476,142.1874,10.0,4.9,mb: 0,5.003,us: 5,"276 km NE of Fais, Micronesia",earthquake: 0,1.602,0.054,107.0,us,us: 5,0-10 km: 0,shallow,light,5.615232,6.9602036
3239,6,3,2023-06-15 05:46:57,-23.1157,170.3896,10.0,4.8,mb: 0,2.76,us: 5,southeast of the Loyalty Islands,earthquake: 0,1.874,0.109,31.0,us,us: 5,0-10 km: 0,shallow,light,6.625821,-18.454103
3240,6,3,2023-06-15 09:04:04,-1.0046,29.254,10.0,4.6,mb: 0,1.537,us: 5,"46 km WSW of Ntungamo, Uganda",earthquake: 0,1.88,0.116,22.0,us,us: 5,0-10 km: 0,shallow,light,-28.502495,-5.406985
3241,6,3,2023-06-15 15:40:13,12.8066,47.9474,10.0,4.9,mb: 0,5.146,us: 5,"184 km N of Las Khorey, Somalia",earthquake: 0,1.769,0.051,127.0,us,us: 5,0-10 km: 0,shallow,light,2.531883,10.859831
3242,6,3,2023-06-15 18:06:28,-22.9936,-177.1067,179.0,7.2,mww: 7,2.532,us: 5,"274 km SW of Houma, Tonga",earthquake: 0,1.854,0.054,33.0,us,us: 5,0-10 km: 0,intermediate,major,56.99976,-35.418858
3243,6,3,2023-06-16 00:55:13,-23.7401,-175.5835,10.0,4.8,mb: 0,2.582,us: 5,"273 km SSW of ‘Ohonua, Tonga",earthquake: 0,1.8,0.094,35.0,us,us: 5,0-10 km: 0,shallow,light,-65.067024,-12.407526
3244,6,3,2023-06-16 02:03:39,15.6953,-96.5222,12.649,4.8,mb: 0,0.405,us: 5,"4 km NW of Puerto Ángel, Mexico",earthquake: 0,4.459,0.029,370.0,us,us: 5,0-10 km: 0,shallow,light,-18.487717,53.04919
3245,6,3,2023-06-16 04:46:11,24.7339,92.0224,10.0,5.0,mb: 0,5.014,us: 5,India-Bangladesh border region,earthquake: 0,1.839,0.061,86.0,us,us: 5,0-10 km: 0,shallow,moderate,-12.996696,26.44948
3246,6,3,2023-06-16 08:11:34,-23.5201,-175.9259,20.0,6.0,mww: 7,2.433,us: 5,"261 km SSW of ‘Ohonua, Tonga",earthquake: 0,1.745,0.063,24.0,us,us: 5,0-10 km: 0,shallow,strong,62.459652,-33.534405
3247,6,3,2023-06-16 08:41:34,-23.4104,-175.9564,17.595,5.1,mb: 0,2.336,us: 5,"251 km SSW of ‘Ohonua, Tonga",earthquake: 0,4.627,0.079,52.0,us,us: 5,0-10 km: 0,shallow,moderate,-55.873405,-7.432215
3248,6,3,2023-06-16 08:51:03,-23.5509,-175.8147,8.709,4.9,mb: 0,2.436,us: 5,"260 km SSW of ‘Ohonua, Tonga",earthquake: 0,4.846,0.106,28.0,us,us: 5,0-10 km: 0,shallow,light,-55.041794,-11.292315
3249,6,3,2023-06-16 09:25:20,-23.6744,-175.3652,10.0,4.9,mb: 0,2.497,us: 5,"261 km S of ‘Ohonua, Tonga",earthquake: 0,1.674,0.114,24.0,us,us: 5,0-10 km: 0,shallow,light,-66.78349,-15.939936
3250,6,3,2023-06-16 10:45:25,-23.5603,-175.602,20.0,5.8,mww: 7,2.408,us: 5,"254 km SSW of ‘Ohonua, Tonga",earthquake: 0,1.119,0.068,21.0,us,us: 5,0-10 km: 0,shallow,moderate,63.625652,-33.279522
3251,6,3,2023-06-16 10:48:36,-23.6541,-175.7926,27.504,4.7,mb: 0,2.532,us: 5,"270 km SSW of ‘Ohonua, Tonga",earthquake: 0,3.842,0.123,20.0,us,us: 5,0-10 km: 0,shallow,light,-55.3148,-13.811308
3252,6,3,2023-06-16 11:54:28,-23.652,-175.6909,10.0,4.7,mb: 0,2.511,us: 5,"266 km SSW of ‘Ohonua, Tonga",earthquake: 0,1.882,0.117,22.0,us,us: 5,0-10 km: 0,shallow,light,-63.613983,-16.830688
3253,6,3,2023-06-16 12:24:09,35.6288,140.7607,44.782,4.9,mwr: 6,2.259,us: 5,"13 km SSW of Hasaki, Japan",earthquake: 0,5.948,0.068,21.0,us,us: 5,0-10 km: 0,shallow,light,15.71505,-39.188885
3254,6,3,2023-06-16 16:38:28,46.2145,-0.7295,5.0,4.8,mww: 7,3.884,us: 5,"5 km WNW of Mauzé-sur-le-Mignon, France",earthquake: 0,1.854,0.051,37.0,us,us: 5,0-10 km: 0,shallow,light,17.8595,-58.780624
3255,6,3,2023-06-16 17:04:33,-23.4576,-175.8382,10.0,5.0,mb: 0,2.352,us: 5,"251 km SSW of ‘Ohonua, Tonga",earthquake: 0,1.736,0.049,142.0,us,us: 5,0-10 km: 0,shallow,moderate,-62.063374,-1.9056975
3256,6,3,2023-06-16 17:32:54,-20.8357,-178.6366,554.243,4.7,mb: 0,3.225,us: 5,Fiji region,earthquake: 0,5.612,0.032,307.0,us,us: 5,0-10 km: 0,deep,light,-9.977284,65.70909
3257,6,3,2023-06-16 17:43:32,-6.5498,154.8638,35.0,4.8,mb: 0,5.795,us: 5,"73 km WSW of Panguna, Papua New Guinea",earthquake: 0,1.873,0.083,50.0,us,us: 5,0-10 km: 0,shallow,light,4.415794,-6.865115
3258,6,3,2023-06-16 18:11:52,-24.1279,-176.636,10.0,4.8,mb: 0,3.228,us: 5,south of the Fiji Islands,earthquake: 0,1.797,0.101,32.0,us,us: 5,0-10 km: 0,shallow,light,-65.10343,-13.642947
3259,6,3,2023-06-16 18:19:36,-23.4698,-175.8593,10.0,4.7,mb: 0,2.368,us: 5,"253 km SSW of ‘Ohonua, Tonga",earthquake: 0,1.781,0.1,33.0,us,us: 5,0-10 km: 0,shallow,light,-64.40007,-13.699689
3260,6,3,2023-06-16 18:56:40,20.0353,121.32,10.0,4.9,mb: 0,2.778,us: 5,"81 km SW of Basco, Philippines",earthquake: 0,1.838,0.045,158.0,us,us: 5,0-10 km: 0,shallow,light,-11.6218405,33.92943
3261,6,3,2023-06-16 19:10:51,-23.5577,-175.6208,16.0,6.2,mww: 7,2.408,us: 5,"254 km SSW of ‘Ohonua, Tonga",earthquake: 0,1.704,0.041,56.0,us,us: 5,0-10 km: 0,shallow,strong,61.370262,-33.8285
3262,6,3,2023-06-16 20:55:47,-23.5514,-175.6836,4.179,4.7,mb: 0,2.412,us: 5,Tonga region,earthquake: 0,5.128,0.209,7.0,us,us: 5,0-10 km: 0,shallow,light,-48.886497,-19.825937
3263,6,3,2023-06-16 23:53:22,46.1831,152.7344,10.0,4.8,mb: 0,6.92,us: 5,Kuril Islands,earthquake: 0,1.829,0.047,141.0,us,us: 5,0-10 km: 0,shallow,light,-6.622574,32.71825
3264,6,3,2023-06-17 00:26:15,41.1421,142.7329,34.0,5.6,mww: 7,0.928,us: 5,"110 km S of Honchō, Japan",earthquake: 0,1.791,0.086,13.0,us,us: 5,0-10 km: 0,shallow,moderate,29.359983,-47.408478
3265,6,3,2023-06-17 01:55:26,12.5438,48.224,10.0,4.7,mb: 0,5.356,us: 5,"153 km N of Las Khorey, Somalia",earthquake: 0,1.91,0.094,34.0,us,us: 5,0-10 km: 0,shallow,light,-7.921088,2.911786
3266,6,3,2023-06-17 04:57:42,40.257,143.7456,10.0,4.8,mb: 0,1.812,us: 5,"165 km E of Noda, Japan",earthquake: 0,1.875,0.093,36.0,us,us: 5,0-10 km: 0,shallow,light,-14.038121,14.053618
3267,6,3,2023-06-17 04:58:16,7.6011,-82.3225,16.833,5.3,mww: 7,1.239,us: 5,"69 km S of Boca Chica, Panama",earthquake: 0,3.465,0.038,66.0,us,us: 5,0-10 km: 0,shallow,moderate,52.24087,-49.233776
3268,6,3,2023-06-17 06:27:45,-25.9848,70.7644,10.0,4.6,mb: 0,14.582,us: 5,Mid-Indian Ridge,earthquake: 0,1.851,0.133,17.0,us,us: 5,10-20 km: 1,shallow,light,-17.299074,-36.467285
3269,6,3,2023-06-17 10:15:20,19.1623,121.2038,36.349,5.5,mww: 7,3.639,us: 5,"61 km N of Namuac, Philippines",earthquake: 0,7.081,0.041,57.0,us,us: 5,0-10 km: 0,shallow,moderate,24.268652,-37.10802
3270,6,3,2023-06-17 11:26:20,-23.4652,-175.472,22.0,6.1,mww: 7,2.298,us: 5,"241 km SSW of ‘Ohonua, Tonga",earthquake: 0,1.9,0.049,40.0,us,us: 5,0-10 km: 0,shallow,strong,61.73356,-33.773533
3271,6,3,2023-06-17 11:29:37,-23.5647,-175.8688,10.0,4.6,mb: 0,2.462,us: 5,"263 km SSW of ‘Ohonua, Tonga",earthquake: 0,1.954,0.151,18.0,us,us: 5,0-10 km: 0,shallow,light,-58.702908,-24.736925
3272,6,3,2023-06-17 11:30:21,-23.2651,-175.8247,10.0,5.0,mb: 0,6.261,us: 5,"231 km SSW of ‘Ohonua, Tonga",earthquake: 0,1.892,0.081,54.0,us,us: 5,0-10 km: 0,shallow,moderate,-65.30686,-7.939312
3273,6,3,2023-06-17 11:36:00,47.9724,147.3699,417.083,5.6,mww: 7,3.287,us: 5,northwest of the Kuril Islands,earthquake: 0,5.017,0.056,31.0,us,us: 5,0-10 km: 0,deep,moderate,70.05464,0.17048354
3274,6,3,2023-06-17 11:42:40,41.3973,142.6033,53.22,5.0,mb: 0,0.744,us: 5,"85 km SSW of Honchō, Japan",earthquake: 0,6.581,0.031,333.0,us,us: 5,0-10 km: 0,shallow,moderate,-5.2770176,44.83607
3275,6,3,2023-06-17 12:09:39,-23.5294,-175.7246,22.942,4.6,mb: 0,2.397,us: 5,"254 km SSW of ‘Ohonua, Tonga",earthquake: 0,5.194,0.1,33.0,us,us: 5,0-10 km: 0,shallow,light,-55.299225,-11.825477
3276,6,3,2023-06-17 13:20:04,-23.9141,-175.5442,10.0,4.7,mb: 0,2.749,us: 5,"291 km SSW of ‘Ohonua, Tonga",earthquake: 0,1.869,0.11,25.0,us,us: 5,0-10 km: 0,shallow,light,-63.954903,-15.631087
3277,6,3,2023-06-17 13:27:46,-23.8279,-175.9791,10.0,4.8,mb: 0,2.741,us: 5,"294 km SSW of ‘Ohonua, Tonga",earthquake: 0,1.867,0.103,29.0,us,us: 5,0-10 km: 0,shallow,light,-65.09308,-13.979033
3278,6,3,2023-06-17 13:37:47,-23.4687,-175.5378,10.0,4.6,mb: 0,2.309,us: 5,"243 km SSW of ‘Ohonua, Tonga",earthquake: 0,1.501,0.164,13.0,us,us: 5,0-10 km: 0,shallow,light,-57.416386,-26.114418
3279,6,3,2023-06-17 13:58:26,-55.894,-27.1303,87.422,4.6,mb: 0,5.611,us: 5,South Sandwich Islands region,earthquake: 0,11.764,0.141,19.0,us,us: 5,0-10 km: 0,intermediate,light,-31.067421,-55.424843
3280,6,3,2023-06-17 15:35:34,-15.309,168.1988,10.0,4.6,mb: 0,6.406,us: 5,"113 km ENE of Luganville, Vanuatu",earthquake: 0,1.885,0.224,8.0,us,us: 5,0-10 km: 0,shallow,light,-13.552641,-25.930946
3281,6,3,2023-06-17 16:14:26,35.6797,79.7754,10.0,4.6,mb: 0,5.53,us: 5,"70 km S of Kashitashi, China",earthquake: 0,1.88,0.074,55.0,us,us: 5,0-10 km: 0,shallow,light,-18.132986,19.7501
3282,6,3,2023-06-17 16:17:48,-4.369,-81.9976,10.0,4.7,mb: 0,9.056,us: 5,"83 km WNW of Talara, Peru",earthquake: 0,1.84,0.072,58.0,us,us: 5,0-10 km: 0,shallow,light,-36.193382,0.9469966
3283,6,3,2023-06-17 17:20:20,-23.6705,-175.8633,10.0,4.8,mb: 0,2.563,us: 5,"274 km SSW of ‘Ohonua, Tonga",earthquake: 0,1.764,0.042,182.0,us,us: 5,0-10 km: 0,shallow,light,-60.973206,-0.011655082
3284,6,3,2023-06-17 18:44:57,-14.9328,-173.2694,8.0,5.7,mww: 7,1.764,us: 5,"126 km NNE of Hihifo, Tonga",earthquake: 0,1.734,0.093,11.0,us,us: 5,0-10 km: 0,shallow,moderate,66.17286,-31.821045
3285,6,3,2023-06-17 21:15:17,-49.1748,124.807,10.0,4.7,mb: 0,16.808,us: 5,western Indian-Antarctic Ridge,earthquake: 0,1.883,0.104,28.0,us,us: 5,10-20 km: 1,shallow,light,-11.061558,-39.930103
3286,6,3,2023-06-17 22:31:37,-34.8682,-70.9831,105.16,4.8,mwr: 6,0.483,us: 5,"16 km E of Teno, Chile",earthquake: 0,3.912,0.045,48.0,us,us: 5,0-10 km: 0,intermediate,light,63.58644,-44.83244
3287,6,3,2023-06-17 23:11:28,2.6182,126.1509,55.789,4.6,mb: 0,2.2,us: 5,"172 km NE of Bitung, Indonesia",earthquake: 0,2.52,0.071,60.0,us,us: 5,0-10 km: 0,shallow,light,2.4334745,1.1020857
3288,6,3,2023-06-17 23:14:02,-23.7875,-175.473,10.0,5.1,mb: 0,2.617,us: 5,"276 km S of ‘Ohonua, Tonga",earthquake: 0,1.717,0.119,23.0,us,us: 5,0-10 km: 0,shallow,moderate,-68.13254,-16.618319
3289,6,3,2023-06-17 23:16:21,-23.8866,-175.6426,10.047,5.4,mww: 7,2.734,us: 5,"290 km SSW of ‘Ohonua, Tonga",earthquake: 0,3.521,0.071,19.0,us,us: 5,0-10 km: 0,shallow,moderate,66.69116,-34.96606
3290,6,3,2023-06-17 23:21:33,-24.0263,-176.0265,10.0,4.6,mb: 0,2.943,us: 5,south of the Fiji Islands,earthquake: 0,1.574,0.207,7.0,us,us: 5,0-10 km: 0,shallow,light,-52.31167,-27.298119
3291,6,3,2023-06-18 06:56:16,-33.0507,-179.2808,61.01,4.8,mb: 0,3.952,us: 5,south of the Kermadec Islands,earthquake: 0,6.0,0.103,30.0,us,us: 5,0-10 km: 0,shallow,light,-52.936256,-10.491496
3292,6,3,2023-06-18 09:10:28,-0.6767,-77.5799,26.6,5.1,mww: 7,6.378,us: 5,"36 km NE of Archidona, Ecuador",earthquake: 0,4.951,0.086,13.0,us,us: 5,0-10 km: 0,shallow,moderate,59.336334,-48.577103
3293,6,3,2023-06-18 09:59:28,-15.3895,167.5081,118.51,5.3,mww: 7,5.979,us: 5,"40 km ENE of Luganville, Vanuatu",earthquake: 0,4.935,0.061,26.0,us,us: 5,0-10 km: 0,intermediate,moderate,33.385563,-18.32465
3294,6,3,2023-06-18 13:22:19,-23.8466,-175.5957,10.0,4.9,mb: 0,2.689,us: 5,"285 km SSW of ‘Ohonua, Tonga",earthquake: 0,1.829,0.049,130.0,us,us: 5,0-10 km: 0,shallow,light,-62.330338,-2.33817
3295,6,3,2023-06-18 14:25:39,-23.8469,-175.9568,10.0,5.1,mb: 0,2.754,us: 5,"295 km SSW of ‘Ohonua, Tonga",earthquake: 0,1.694,0.054,111.0,us,us: 5,0-10 km: 0,shallow,moderate,-63.48288,-2.8235743
3296,6,3,2023-06-18 14:28:45,-23.9165,-175.977,10.0,5.1,mb: 0,2.826,us: 5,Tonga region,earthquake: 0,1.828,0.041,192.0,us,us: 5,0-10 km: 0,shallow,moderate,-60.859276,-0.011430469
3297,6,3,2023-06-18 14:29:36,-23.9629,-175.8514,10.0,5.7,mww: 7,2.844,us: 5,Tonga region,earthquake: 0,1.822,0.05,38.0,us,us: 5,0-10 km: 0,shallow,moderate,63.15172,-33.670815
3298,6,3,2023-06-18 14:33:58,-23.8696,-176.0418,10.0,4.7,mb: 0,2.797,us: 5,south of the Fiji Islands,earthquake: 0,1.88,0.153,13.0,us,us: 5,0-10 km: 0,shallow,light,-58.094326,-24.968048
3299,6,3,2023-06-18 15:04:50,-23.8159,-175.9282,10.0,5.9,mww: 7,2.718,us: 5,"291 km SSW of ‘Ohonua, Tonga",earthquake: 0,1.747,0.05,39.0,us,us: 5,0-10 km: 0,shallow,moderate,62.4326,-33.705166
3300,6,3,2023-06-18 15:10:16,-23.7473,-175.92,10.0,5.0,mb: 0,2.649,us: 5,"284 km SSW of ‘Ohonua, Tonga",earthquake: 0,1.856,0.07,64.0,us,us: 5,0-10 km: 0,shallow,moderate,-64.76391,-6.27241
3301,6,3,2023-06-18 15:35:02,-23.8663,-175.8529,10.0,4.8,mb: 0,2.75,us: 5,"294 km SSW of ‘Ohonua, Tonga",earthquake: 0,1.853,0.161,13.0,us,us: 5,0-10 km: 0,shallow,light,-57.201675,-25.282707
3302,6,3,2023-06-18 15:53:56,-23.7375,-175.7243,10.0,4.6,mb: 0,2.601,us: 5,"276 km SSW of ‘Ohonua, Tonga",earthquake: 0,1.75,0.103,28.0,us,us: 5,0-10 km: 0,shallow,light,-63.696938,-14.255803
3303,6,3,2023-06-18 15:57:29,14.842,144.1918,10.0,4.6,mb: 0,1.593,us: 5,"154 km W of San Jose Village, Northern Mariana Islands",earthquake: 0,1.906,0.132,17.0,us,us: 5,0-10 km: 0,shallow,light,-14.699746,-7.7207603
3304,6,3,2023-06-18 16:34:26,14.7568,144.2585,10.0,4.9,mb: 0,1.555,us: 5,"148 km W of San Jose Village, Northern Mariana Islands",earthquake: 0,1.885,0.077,54.0,us,us: 5,0-10 km: 0,shallow,light,-1.7392884,4.329985
3305,6,3,2023-06-18 16:58:44,31.1917,131.559,35.0,4.8,mb: 0,0.998,us: 5,"44 km SE of Kushima, Japan",earthquake: 0,1.91,0.073,58.0,us,us: 5,0-10 km: 0,shallow,light,-9.441271,17.682379
3306,6,3,2023-06-18 17:02:50,-23.8003,-175.8614,10.0,4.6,mb: 0,2.688,us: 5,"287 km SSW of ‘Ohonua, Tonga",earthquake: 0,1.857,0.137,17.0,us,us: 5,0-10 km: 0,shallow,light,-61.42955,-21.708889
3307,6,3,2023-06-18 17:16:28,-23.8042,-175.8024,10.0,5.2,mww: 7,2.68,us: 5,"286 km SSW of ‘Ohonua, Tonga",earthquake: 0,1.773,0.098,10.0,us,us: 5,0-10 km: 0,shallow,moderate,68.15279,-32.99532
3308,6,3,2023-06-18 17:34:00,10.2332,126.2476,41.736,5.1,mww: 7,3.212,us: 5,"32 km NE of Santa Monica, Philippines",earthquake: 0,4.753,0.083,14.0,us,us: 5,0-10 km: 0,shallow,moderate,27.531542,-24.480698
3309,6,3,2023-06-18 20:30:21,23.1671,-108.6922,4.0,6.4,mww: 7,1.261,us: 5,Gulf of California,earthquake: 0,1.597,0.033,88.0,us,us: 5,0-10 km: 0,shallow,strong,45.25926,-48.641415
3310,6,3,2023-06-18 21:59:17,-48.6733,31.1318,8.0,6.0,mww: 7,18.039,us: 5,south of Africa,earthquake: 0,1.762,0.089,12.0,us,us: 5,10-20 km: 1,shallow,strong,56.512524,-25.605257
3311,6,3,2023-06-19 01:40:24,15.2546,96.2895,13.518,5.6,mww: 7,2.869,us: 5,"131 km SSE of Pyapon, Myanmar",earthquake: 0,3.447,0.078,16.0,us,us: 5,0-10 km: 0,shallow,moderate,31.258337,-35.003525
3312,6,3,2023-06-19 01:49:57,-0.1794,125.208,54.48,4.8,mb: 0,2.356,us: 5,"110 km SE of Modisi, Indonesia",earthquake: 0,7.093,0.065,74.0,us,us: 5,0-10 km: 0,shallow,light,30.013731,37.44969
3313,6,3,2023-06-19 02:23:08,-22.6306,-68.7492,112.469,4.8,mwr: 6,0.616,us: 5,"26 km SE of Calama, Chile",earthquake: 0,3.709,0.058,29.0,us,us: 5,0-10 km: 0,intermediate,light,62.552998,-44.409924
3314,6,3,2023-06-19 03:21:04,-44.3182,-81.7822,10.0,4.6,mb: 0,7.064,us: 5,West Chile Rise,earthquake: 0,1.888,0.105,27.0,us,us: 5,0-10 km: 0,shallow,light,-33.714367,-33.484962
3315,6,3,2023-06-19 04:13:49,15.235,96.2152,10.0,4.6,mb: 0,2.932,us: 5,"129 km SSE of Pyapon, Myanmar",earthquake: 0,1.885,0.151,13.0,us,us: 5,0-10 km: 0,shallow,light,-18.854233,-9.93781
3316,6,3,2023-06-19 04:15:44,-15.6835,-74.5364,42.436,4.8,mb: 0,4.303,us: 5,"22 km NW of Atiquipa, Peru",earthquake: 0,5.34,0.047,143.0,us,us: 5,0-10 km: 0,shallow,light,-51.172325,3.5253167
3317,6,3,2023-06-19 04:37:39,9.5029,138.1877,10.0,4.6,mb: 0,12.199,us: 5,"State of Yap, Federated States of Micronesia",earthquake: 0,1.872,0.125,19.0,us,us: 5,10-20 km: 1,shallow,light,-13.215149,-6.9667425
3318,6,3,2023-06-19 04:50:45,42.5016,142.8235,72.622,5.0,mww: 7,0.546,us: 5,"Hokkaido, Japan region",earthquake: 0,4.554,0.078,16.0,us,us: 5,0-10 km: 0,intermediate,moderate,17.07307,-36.452496
3319,6,3,2023-06-19 05:14:08,-27.8174,172.1769,10.0,5.2,mww: 7,3.927,us: 5,"Norfolk Island, Australia region",earthquake: 0,1.896,0.06,27.0,us,us: 5,0-10 km: 0,shallow,moderate,43.86084,-25.329752
3320,6,3,2023-06-19 05:19:11,5.9842,-82.3534,10.0,5.3,mww: 7,2.595,us: 5,"222 km SSW of Río Grande, Panama",earthquake: 0,1.867,0.066,22.0,us,us: 5,0-10 km: 0,shallow,moderate,52.739563,-52.627655
3321,6,3,2023-06-19 08:03:18,-0.171,125.0959,60.603,4.6,mb: 0,2.456,us: 5,Molucca Sea,earthquake: 0,8.196,0.089,38.0,us,us: 5,0-10 km: 0,shallow,light,48.814877,22.231228
3322,6,3,2023-06-19 08:55:08,23.1118,-108.5169,10.0,5.2,mww: 7,1.43,us: 5,"118 km E of La Playa, Mexico",earthquake: 0,1.846,0.045,48.0,us,us: 5,0-10 km: 0,shallow,moderate,51.60141,-50.67011
3323,6,3,2023-06-19 11:18:11,-4.4729,144.8345,23.844,6.2,mww: 7,4.56,us: 5,"96 km ESE of Angoram, Papua New Guinea",earthquake: 0,3.418,0.049,40.0,us,us: 5,0-10 km: 0,shallow,strong,40.445053,-36.812817
3324,6,3,2023-06-19 13:34:18,-23.8528,-175.8118,16.664,4.7,mb: 0,2.729,us: 5,"291 km SSW of ‘Ohonua, Tonga",earthquake: 0,4.848,0.137,16.0,us,us: 5,0-10 km: 0,shallow,light,-53.716953,-14.105195
3325,6,3,2023-06-19 13:42:12,-23.2554,170.8916,10.0,4.6,mb: 0,3.24,us: 5,southeast of the Loyalty Islands,earthquake: 0,1.878,0.245,7.0,us,us: 5,0-10 km: 0,shallow,light,-14.202605,-26.201439
3326,6,3,2023-06-19 14:18:09,46.2022,153.1355,10.0,4.8,mb: 0,7.191,us: 5,Kuril Islands,earthquake: 0,1.829,0.04,196.0,us,us: 5,0-10 km: 0,shallow,light,-6.9638376,36.653893
3327,6,3,2023-06-19 14:43:46,-4.4697,144.7088,13.142,4.9,mb: 0,4.445,us: 5,"84 km ESE of Angoram, Papua New Guinea",earthquake: 0,4.2,0.054,111.0,us,us: 5,0-10 km: 0,shallow,light,21.348923,36.46042
3328,6,3,2023-06-19 16:14:11,-4.4773,144.8507,11.036,4.7,mb: 0,4.576,us: 5,"98 km ESE of Angoram, Papua New Guinea",earthquake: 0,4.166,0.063,82.0,us,us: 5,0-10 km: 0,shallow,light,22.914276,32.731888
3329,6,3,2023-06-19 16:17:50,5.4391,126.9515,11.668,4.6,mb: 0,2.118,us: 5,"133 km SE of Pondaguitan, Philippines",earthquake: 0,4.192,0.093,37.0,us,us: 5,0-10 km: 0,shallow,light,28.857347,22.37864
3330,6,3,2023-06-19 17:45:43,46.2079,153.1051,10.0,4.7,mb: 0,7.169,us: 5,Kuril Islands,earthquake: 0,1.849,0.037,224.0,us,us: 5,0-10 km: 0,shallow,light,-6.878789,37.401585
3331,6,3,2023-06-19 21:16:29,2.071,128.3152,92.57,4.8,mww: 7,1.601,us: 5,"50 km NE of Tobelo, Indonesia",earthquake: 0,4.56,0.098,10.0,us,us: 5,0-10 km: 0,intermediate,light,28.793344,-16.575365
3332,6,3,2023-06-19 22:32:12,-20.4409,-177.6266,480.873,4.6,mb: 0,2.38,us: 5,"255 km WNW of Houma, Tonga",earthquake: 0,6.738,0.096,32.0,us,us: 5,0-10 km: 0,deep,light,-7.789721,73.54619
3333,6,3,2023-06-19 22:40:09,-4.4717,144.8664,10.0,5.1,mb: 0,4.588,us: 5,"99 km ESE of Angoram, Papua New Guinea",earthquake: 0,1.819,0.053,114.0,us,us: 5,0-10 km: 0,shallow,moderate,10.331345,2.3113956
3334,6,3,2023-06-20 03:45:38,-23.809,-175.6816,10.0,5.1,mww: 7,2.664,us: 5,"283 km SSW of ‘Ohonua, Tonga",earthquake: 0,1.564,0.098,10.0,us,us: 5,0-10 km: 0,shallow,moderate,68.49442,-33.06124
3335,6,3,2023-06-20 07:44:51,-0.9601,98.4763,18.664,4.6,mb: 0,2.423,us: 5,"171 km NW of Tuapejat, Indonesia",earthquake: 0,4.171,0.102,29.0,us,us: 5,0-10 km: 0,shallow,light,30.52437,21.093096
3336,6,3,2023-06-20 08:39:17,-0.9713,98.6027,19.993,5.5,mww: 7,2.482,us: 5,"160 km NW of Tuapejat, Indonesia",earthquake: 0,3.356,0.093,11.0,us,us: 5,0-10 km: 0,shallow,moderate,31.223398,-25.600224
3337,6,3,2023-06-20 08:56:39,-5.6173,131.0552,90.612,4.6,mb: 0,1.58,us: 5,Banda Sea,earthquake: 0,6.864,0.128,18.0,us,us: 5,0-10 km: 0,intermediate,light,41.789383,20.354855
3338,6,3,2023-06-20 09:04:30,-22.3167,-67.7945,179.433,4.6,mb: 0,0.725,us: 5,"77 km NNE of San Pedro de Atacama, Chile",earthquake: 0,5.44,0.112,24.0,us,us: 5,0-10 km: 0,intermediate,light,-44.143604,-11.000112
3339,6,3,2023-06-20 09:38:24,-23.8198,-175.673,10.0,4.7,mb: 0,2.673,us: 5,Tonga region,earthquake: 0,1.758,0.166,11.0,us,us: 5,0-10 km: 0,shallow,light,-57.060516,-26.010612
3340,6,3,2023-06-20 09:42:02,-23.6924,-175.7628,10.0,4.6,mb: 0,2.563,us: 5,"273 km SSW of ‘Ohonua, Tonga",earthquake: 0,1.832,0.183,9.0,us,us: 5,0-10 km: 0,shallow,light,-54.203434,-26.982231
3341,6,3,2023-06-20 10:21:02,-24.3099,-175.8812,10.0,4.7,mb: 0,3.187,us: 5,south of Tonga,earthquake: 0,1.81,0.138,16.0,us,us: 5,0-10 km: 0,shallow,light,-62.03466,-21.169937
3342,6,3,2023-06-20 15:41:46,-23.8496,-175.64,22.055,5.2,mww: 7,2.698,us: 5,"286 km SSW of ‘Ohonua, Tonga",earthquake: 0,3.467,0.089,12.0,us,us: 5,0-10 km: 0,shallow,moderate,68.230606,-34.980236
3343,6,3,2023-06-20 17:02:51,0.9148,-28.3025,10.0,5.3,mww: 7,14.716,us: 5,central Mid-Atlantic Ridge,earthquake: 0,1.683,0.073,18.0,us,us: 5,10-20 km: 1,shallow,moderate,52.27851,-53.13127
3344,6,3,2023-06-20 17:07:57,-23.7361,-175.8594,10.0,5.0,mb: 0,2.625,us: 5,Tonga region,earthquake: 0,1.716,0.074,63.0,us,us: 5,0-10 km: 0,shallow,moderate,-64.961174,-6.615244
3345,6,3,2023-06-20 19:59:16,-17.4349,-178.8012,553.432,5.7,mww: 7,3.178,us: 5,"211 km ENE of Levuka, Fiji",earthquake: 0,3.165,0.083,14.0,us,us: 5,0-10 km: 0,deep,moderate,74.09678,4.423911
3346,6,3,2023-06-20 20:50:46,-37.1099,-96.094,10.0,4.6,mb: 0,19.053,us: 5,southeast of Easter Island,earthquake: 0,1.736,0.057,94.0,us,us: 5,10-20 km: 1,shallow,light,-31.3129,-30.260778
3347,6,3,2023-06-20 23:02:01,-23.2966,170.7936,10.0,4.9,mb: 0,3.159,us: 5,southeast of the Loyalty Islands,earthquake: 0,1.826,0.104,29.0,us,us: 5,0-10 km: 0,shallow,light,7.262257,-17.455694
3348,6,3,2023-06-20 23:33:47,33.7277,136.0713,410.377,5.0,mww: 7,1.801,us: 5,"8 km E of Shingū, Japan",earthquake: 0,6.203,0.093,11.0,us,us: 5,0-10 km: 0,deep,moderate,69.85506,0.8245166
3349,6,3,2023-06-21 02:20:39,-6.081,151.1438,10.0,4.9,mb: 0,2.135,us: 5,"125 km ESE of Kimbe, Papua New Guinea",earthquake: 0,1.856,0.074,58.0,us,us: 5,0-10 km: 0,shallow,light,5.7809997,-2.3428142
3350,6,3,2023-06-21 03:34:52,-12.8448,-14.6734,10.0,4.6,mb: 0,4.891,us: 5,southern Mid-Atlantic Ridge,earthquake: 0,1.902,0.146,14.0,us,us: 5,0-10 km: 0,shallow,light,-28.376617,-10.332883
3351,6,3,2023-06-21 03:38:31,-24.1926,-175.4003,10.0,4.7,mb: 0,3.014,us: 5,south of Tonga,earthquake: 0,1.874,0.127,19.0,us,us: 5,0-10 km: 0,shallow,light,-62.758327,-19.477093
3352,6,3,2023-06-21 03:58:22,-12.8068,-14.6775,10.0,4.6,mb: 0,32.419,us: 5,southern Mid-Atlantic Ridge,earthquake: 0,1.893,0.107,26.0,us,us: 5,30-40 km: 3,shallow,light,-29.555393,-4.489801
3353,6,3,2023-06-21 04:02:53,-12.8249,-14.9883,10.0,4.6,mb: 0,4.901,us: 5,southern Mid-Atlantic Ridge,earthquake: 0,1.879,0.102,30.0,us,us: 5,0-10 km: 0,shallow,light,-29.583202,-4.3177433
3354,6,3,2023-06-21 04:10:53,-12.7671,-14.7485,10.0,5.5,mww: 7,4.819,us: 5,southern Mid-Atlantic Ridge,earthquake: 0,1.773,0.059,28.0,us,us: 5,0-10 km: 0,shallow,moderate,50.109154,-47.711075
3355,6,3,2023-06-21 05:12:22,28.0017,56.0478,10.0,4.9,mww: 7,3.047,us: 5,"36 km SSE of Ḩājjīābād, Iran",earthquake: 0,1.721,0.089,12.0,us,us: 5,0-10 km: 0,shallow,light,19.558422,-49.728703
3356,6,3,2023-06-21 10:08:03,-28.6843,-176.0106,10.0,4.8,mb: 0,1.77,us: 5,Kermadec Islands region,earthquake: 0,1.896,0.131,18.0,us,us: 5,0-10 km: 0,shallow,light,-64.308846,-20.11087
3357,6,3,2023-06-21 12:34:27,-6.4355,143.5496,11.095,4.6,mb: 0,4.636,us: 5,"33 km SSW of Mendi, Papua New Guinea",earthquake: 0,4.441,0.105,27.0,us,us: 5,0-10 km: 0,shallow,light,31.679192,20.479929
3358,6,3,2023-06-21 13:54:37,-11.6513,166.3832,60.11,4.7,mb: 0,6.699,us: 5,"120 km SSE of Lata, Solomon Islands",earthquake: 0,6.534,0.055,102.0,us,us: 5,0-10 km: 0,shallow,light,28.056614,44.34101
3359,6,3,2023-06-21 15:24:43,-60.4494,-27.0376,10.0,5.2,mb: 0,17.686,us: 5,South Sandwich Islands region,earthquake: 0,1.775,0.071,65.0,us,us: 5,10-20 km: 1,shallow,moderate,-25.300745,-47.107635
3360,6,3,2023-06-21 18:02:19,-23.9835,-175.7336,10.0,4.6,mb: 0,2.843,us: 5,Tonga region,earthquake: 0,1.839,0.08,46.0,us,us: 5,0-10 km: 0,shallow,light,-63.46753,-9.957518
3361,6,4,2023-06-22 00:12:56,15.4378,96.2622,13.561,4.9,mb: 0,3.949,us: 5,"112 km SSE of Pyapon, Myanmar",earthquake: 0,4.372,0.063,80.0,us,us: 5,0-10 km: 0,shallow,light,19.684084,31.26743
3362,6,4,2023-06-22 00:26:16,-10.0688,160.8802,48.446,4.9,mb: 0,1.112,us: 5,"121 km WNW of Kirakira, Solomon Islands",earthquake: 0,6.895,0.07,63.0,us,us: 5,0-10 km: 0,shallow,light,34.03167,34.77931
3363,6,4,2023-06-22 01:24:16,26.3496,127.8415,37.098,5.0,mww: 7,0.619,us: 5,"2 km WSW of Gushikawa, Japan",earthquake: 0,6.265,0.08,15.0,us,us: 5,0-10 km: 0,shallow,moderate,17.159376,-38.81154
3364,6,4,2023-06-22 02:13:28,-23.6369,-175.7688,35.0,4.8,mww: 7,2.51,us: 5,"267 km SSW of ‘Ohonua, Tonga",earthquake: 0,1.891,0.098,10.0,us,us: 5,0-10 km: 0,shallow,light,69.26699,-33.388973
3365,6,4,2023-06-22 02:42:27,44.0179,33.4058,23.472,4.7,mww: 7,2.103,us: 5,"51 km SW of Foros, Ukraine",earthquake: 0,4.378,0.06,27.0,us,us: 5,0-10 km: 0,shallow,light,9.966839,-55.42202
3366,6,4,2023-06-22 05:49:04,-24.1261,-175.9739,10.0,4.9,mb: 0,3.027,us: 5,south of Tonga,earthquake: 0,1.806,0.051,122.0,us,us: 5,0-10 km: 0,shallow,light,-62.510178,-2.593778
3367,6,4,2023-06-22 07:36:53,-24.5361,-175.7791,10.0,5.2,mb: 0,3.392,us: 5,south of Tonga,earthquake: 0,1.861,0.031,337.0,us,us: 5,0-10 km: 0,shallow,moderate,-20.276054,52.293602
3368,6,4,2023-06-22 08:35:40,-59.7447,-24.6883,10.0,4.6,mb: 0,14.824,us: 5,South Sandwich Islands region,earthquake: 0,1.936,0.098,35.0,us,us: 5,10-20 km: 1,shallow,light,-30.170206,-45.8306
3369,6,4,2023-06-22 09:53:09,-6.336,131.1564,60.901,4.6,mb: 0,2.191,us: 5,"193 km WSW of Tual, Indonesia",earthquake: 0,7.135,0.112,24.0,us,us: 5,0-10 km: 0,shallow,light,42.452023,21.776968
3370,6,4,2023-06-22 10:30:38,43.1273,141.8538,159.916,4.6,mb: 0,1.127,us: 5,"Hokkaido, Japan region",earthquake: 0,5.533,0.033,275.0,us,us: 5,0-10 km: 0,intermediate,light,-0.18467315,45.083145
3371,6,4,2023-06-22 14:51:14,-24.4662,-175.9166,10.0,4.9,mb: 0,3.346,us: 5,south of Tonga,earthquake: 0,1.776,0.068,67.0,us,us: 5,0-10 km: 0,shallow,light,-64.29993,-6.2851014
3372,6,4,2023-06-22 16:12:30,-54.7429,-28.8836,10.0,4.7,mb: 0,4.456,us: 5,South Sandwich Islands region,earthquake: 0,1.829,0.106,30.0,us,us: 5,0-10 km: 0,shallow,light,-30.895695,-45.012096
3373,6,4,2023-06-22 16:37:40,-15.6237,167.6405,126.125,4.6,mb: 0,5.847,us: 5,"52 km ESE of Luganville, Vanuatu",earthquake: 0,4.572,0.076,58.0,us,us: 5,0-10 km: 0,intermediate,light,39.495773,37.663963
3374,6,4,2023-06-22 17:33:46,34.3441,141.4584,21.292,4.6,mb: 0,1.839,us: 5,"137 km SE of Katsuura, Japan",earthquake: 0,4.625,0.051,115.0,us,us: 5,0-10 km: 0,shallow,light,4.814427,37.271255
3375,6,4,2023-06-22 17:43:57,-31.5395,-177.9009,33.435,4.6,mb: 0,2.27,us: 5,Kermadec Islands region,earthquake: 0,2.219,0.152,13.0,us,us: 5,0-10 km: 0,shallow,light,-59.887875,-26.476044
3376,6,4,2023-06-22 19:27:57,12.3267,-88.151,35.0,4.8,mb: 0,1.577,us: 5,"89 km WSW of Jiquilillo, Nicaragua",earthquake: 0,1.881,0.034,267.0,us,us: 5,0-10 km: 0,shallow,light,-21.458721,50.187916
3377,6,4,2023-06-22 19:33:44,-28.6819,-176.4541,10.0,5.1,mb: 0,1.409,us: 5,Kermadec Islands region,earthquake: 0,1.796,0.091,39.0,us,us: 5,0-10 km: 0,shallow,moderate,-66.77042,-8.791414
3378,6,4,2023-06-22 20:10:28,-22.7597,172.6548,10.0,4.6,mb: 0,4.812,us: 5,southeast of the Loyalty Islands,earthquake: 0,1.837,0.089,39.0,us,us: 5,0-10 km: 0,shallow,light,8.579569,-15.212537
3379,6,4,2023-06-23 06:42:56,2.6571,95.878,28.14,4.8,mb: 0,2.164,us: 5,"59 km WNW of Sinabang, Indonesia",earthquake: 0,5.535,0.098,32.0,us,us: 5,0-10 km: 0,shallow,light,32.64202,22.744085
3380,6,4,2023-06-23 07:26:28,-27.0949,-176.6428,22.953,5.1,mww: 7,2.424,us: 5,Kermadec Islands region,earthquake: 0,5.43,0.089,12.0,us,us: 5,0-10 km: 0,shallow,moderate,68.26526,-36.500957
3381,6,4,2023-06-23 11:30:55,-9.0684,112.6486,120.514,4.6,mb: 0,1.601,us: 5,"95 km S of Dampit, Indonesia",earthquake: 0,7.816,0.085,41.0,us,us: 5,0-10 km: 0,intermediate,light,43.94174,31.254793
3382,6,4,2023-06-23 13:27:53,44.8921,-28.0466,10.0,5.2,mww: 7,7.37,us: 5,northern Mid-Atlantic Ridge,earthquake: 0,1.348,0.053,34.0,us,us: 5,0-10 km: 0,shallow,moderate,21.628138,-59.974464
3383,6,4,2023-06-23 15:12:06,44.8034,-28.1394,10.0,4.6,mb: 0,7.303,us: 5,northern Mid-Atlantic Ridge,earthquake: 0,1.852,0.078,49.0,us,us: 5,0-10 km: 0,shallow,light,-25.585428,20.906761
3384,6,4,2023-06-23 15:13:08,44.8104,-27.9149,10.0,5.3,mww: 7,7.266,us: 5,northern Mid-Atlantic Ridge,earthquake: 0,1.87,0.041,57.0,us,us: 5,0-10 km: 0,shallow,moderate,22.558273,-59.887264
3385,6,4,2023-06-23 16:06:52,-33.4292,77.8077,10.0,4.6,mb: 0,38.872,us: 5,Mid-Indian Ridge,earthquake: 0,1.9,0.141,15.0,us,us: 5,30-40 km: 3,shallow,light,-16.376085,-36.493694
3386,6,4,2023-06-23 17:39:13,45.8109,143.1203,314.0,5.6,mww: 7,1.175,us: 5,"94 km NE of Hamatonbetsu, Japan",earthquake: 0,1.829,0.038,65.0,us,us: 5,0-10 km: 0,deep,moderate,70.047676,-0.7991868
3387,6,4,2023-06-23 19:06:16,-15.1566,-172.9883,35.0,5.4,mww: 7,2.514,us: 5,"123 km NE of Hihifo, Tonga",earthquake: 0,1.811,0.098,10.0,us,us: 5,0-10 km: 0,shallow,moderate,67.38745,-32.04396
3388,6,4,2023-06-23 19:07:38,20.8887,108.9702,13.775,4.6,mb: 0,2.025,us: 5,southeastern China,earthquake: 0,2.98,0.07,67.0,us,us: 5,0-10 km: 0,shallow,light,-0.8135492,12.700673
3389,6,4,2023-06-23 19:08:49,44.9723,-27.9893,10.0,5.4,mww: 7,7.436,us: 5,northern Mid-Atlantic Ridge,earthquake: 0,1.772,0.039,63.0,us,us: 5,0-10 km: 0,shallow,moderate,22.86957,-59.863583
3390,6,4,2023-06-23 19:11:19,44.9921,-27.9487,10.0,4.8,mb: 0,7.448,us: 5,northern Mid-Atlantic Ridge,earthquake: 0,1.802,0.055,102.0,us,us: 5,0-10 km: 0,shallow,light,-23.13049,29.356655
3391,6,4,2023-06-23 21:48:25,44.9547,-28.0502,10.0,5.6,mww: 7,7.431,us: 5,northern Mid-Atlantic Ridge,earthquake: 0,1.781,0.03,105.0,us,us: 5,0-10 km: 0,shallow,moderate,23.93307,-59.42033
3392,6,4,2023-06-23 21:50:55,45.0134,-27.9769,10.0,4.8,mb: 0,7.474,us: 5,northern Mid-Atlantic Ridge,earthquake: 0,1.823,0.084,43.0,us,us: 5,0-10 km: 0,shallow,light,-25.503145,20.722326
3393,6,4,2023-06-23 23:05:52,-15.3499,-177.3496,10.0,5.6,mww: 7,1.277,us: 5,"141 km SE of Alo, Wallis and Futuna",earthquake: 0,1.785,0.098,10.0,us,us: 5,0-10 km: 0,shallow,moderate,66.579056,-31.810637
3394,6,4,2023-06-24 00:58:30,37.2583,142.0024,39.803,4.7,mwr: 6,3.124,us: 5,"87 km E of Tomioka, Japan",earthquake: 0,5.168,0.061,26.0,us,us: 5,0-10 km: 0,shallow,light,15.328325,-39.93998
3395,6,4,2023-06-24 01:35:10,44.956,-28.0455,10.0,4.9,mb: 0,7.431,us: 5,northern Mid-Atlantic Ridge,earthquake: 0,1.814,0.03,342.0,us,us: 5,0-10 km: 0,shallow,light,-16.55502,48.684303
3396,6,4,2023-06-24 03:31:32,-8.0469,-74.4956,157.92,4.9,mb: 0,1.802,us: 5,"37 km N of Pucallpa, Peru",earthquake: 0,5.504,0.026,452.0,us,us: 5,0-10 km: 0,intermediate,light,-15.8853655,55.712875
3397,6,4,2023-06-24 04:31:10,14.8953,147.4039,10.0,4.6,mb: 0,1.597,us: 5,"180 km ESE of Saipan, Northern Mariana Islands",earthquake: 0,1.927,0.173,11.0,us,us: 5,0-10 km: 0,shallow,light,-16.624968,-16.260206
3398,6,4,2023-06-24 10:05:58,-6.3554,130.1497,164.01,4.6,mb: 0,1.837,us: 5,"299 km WSW of Tual, Indonesia",earthquake: 0,7.389,0.067,68.0,us,us: 5,0-10 km: 0,intermediate,light,44.127014,33.18857
3399,6,4,2023-06-24 14:55:40,-12.65,66.0925,10.0,4.8,mb: 0,7.533,us: 5,Mid-Indian Ridge,earthquake: 0,1.855,0.079,50.0,us,us: 5,0-10 km: 0,shallow,light,-27.251104,0.26510933
3400,6,4,2023-06-24 15:17:52,32.4905,142.4815,10.0,4.7,mb: 0,2.331,us: 5,"Izu Islands, Japan region",earthquake: 0,1.875,0.037,216.0,us,us: 5,0-10 km: 0,shallow,light,-7.639667,38.218254
3401,6,4,2023-06-24 21:35:51,-29.2661,60.8846,10.0,4.6,mb: 0,9.307,us: 5,Southwest Indian Ridge,earthquake: 0,1.904,0.164,11.0,us,us: 5,0-10 km: 0,shallow,light,-15.50222,-34.985905
3402,6,4,2023-06-25 00:58:35,-24.2319,-175.4991,10.0,5.4,mww: 7,3.06,us: 5,south of Tonga,earthquake: 0,1.664,0.086,13.0,us,us: 5,0-10 km: 0,shallow,moderate,66.81682,-32.84797
3403,6,4,2023-06-25 01:12:51,29.8978,139.8845,10.0,4.7,mww: 7,3.208,us: 5,"Izu Islands, Japan region",earthquake: 0,1.866,0.098,10.0,us,us: 5,0-10 km: 0,shallow,light,19.584793,-46.225956
3404,6,4,2023-06-25 01:17:22,29.9143,139.937,12.482,5.2,mww: 7,3.193,us: 5,"Izu Islands, Japan region",earthquake: 0,3.657,0.055,32.0,us,us: 5,0-10 km: 0,shallow,moderate,22.342419,-39.046616
3405,6,4,2023-06-25 03:06:26,-24.1652,-175.7184,10.0,4.9,mb: 0,3.019,us: 5,south of Tonga,earthquake: 0,1.232,0.053,110.0,us,us: 5,0-10 km: 0,shallow,light,-62.819046,-3.0312173
3406,6,4,2023-06-25 03:33:01,-24.1066,-175.8341,10.0,4.8,mb: 0,2.98,us: 5,south of Tonga,earthquake: 0,1.87,0.07,65.0,us,us: 5,0-10 km: 0,shallow,light,-63.906155,-6.794472
3407,6,4,2023-06-25 03:43:26,-17.5011,-173.3231,36.179,4.7,mb: 0,1.311,us: 5,Tonga,earthquake: 0,8.449,0.183,9.0,us,us: 5,0-10 km: 0,shallow,light,-49.038425,-16.881672
3408,6,4,2023-06-25 04:01:05,-24.0643,-175.9429,10.0,4.7,mb: 0,2.961,us: 5,south of Tonga,earthquake: 0,1.866,0.072,58.0,us,us: 5,0-10 km: 0,shallow,light,-63.55583,-7.6622143
3409,6,4,2023-06-25 07:16:58,-24.0818,-175.576,9.0,6.2,mww: 7,2.919,us: 5,south of Tonga,earthquake: 0,1.84,0.041,56.0,us,us: 5,0-10 km: 0,shallow,strong,61.37243,-33.81923
3410,6,4,2023-06-25 07:20:34,-24.2749,-175.8006,10.0,4.6,mb: 0,3.139,us: 5,south of Tonga,earthquake: 0,1.881,0.136,24.0,us,us: 5,0-10 km: 0,shallow,light,-61.618248,-21.704853
3411,6,4,2023-06-25 08:26:32,-24.0746,-175.7088,10.0,5.4,mww: 7,2.929,us: 5,south of Tonga,earthquake: 0,1.846,0.098,10.0,us,us: 5,0-10 km: 0,shallow,moderate,67.34213,-32.423836
3412,6,4,2023-06-25 09:19:12,-24.1022,-175.7879,10.0,4.7,mb: 0,2.968,us: 5,south of Tonga,earthquake: 0,1.872,0.062,78.0,us,us: 5,0-10 km: 0,shallow,light,-63.19963,-5.736969
3413,6,4,2023-06-25 10:46:53,85.0816,93.9178,10.0,4.8,mb: 0,11.545,us: 5,north of Severnaya Zemlya,earthquake: 0,1.883,0.053,108.0,us,us: 5,10-20 km: 1,shallow,light,-26.66616,29.82717
3414,6,4,2023-06-25 15:30:03,-11.5358,166.3443,49.035,5.0,mww: 7,6.627,us: 5,"107 km SSE of Lata, Solomon Islands",earthquake: 0,6.666,0.089,12.0,us,us: 5,0-10 km: 0,shallow,moderate,28.281778,-18.427109
3415,6,4,2023-06-26 00:36:42,-28.7291,-176.7005,10.0,4.9,mb: 0,1.193,us: 5,Kermadec Islands region,earthquake: 0,1.76,0.071,62.0,us,us: 5,0-10 km: 0,shallow,light,-64.83406,-6.784905
3416,6,4,2023-06-26 03:36:02,-23.7703,-175.8236,10.0,4.9,mb: 0,2.651,us: 5,"283 km SSW of ‘Ohonua, Tonga",earthquake: 0,1.819,0.082,47.0,us,us: 5,0-10 km: 0,shallow,light,-65.05514,-8.6034775
3417,6,4,2023-06-26 07:34:07,-24.0194,-175.8788,35.0,4.7,mb: 0,2.904,us: 5,south of Tonga,earthquake: 0,1.802,0.13,18.0,us,us: 5,0-10 km: 0,shallow,light,-61.857212,-19.392101
3418,6,4,2023-06-26 08:39:20,0.5158,126.3366,46.588,4.9,mb: 0,3.886,us: 5,"120 km WSW of Ternate, Indonesia",earthquake: 0,7.124,0.068,67.0,us,us: 5,0-10 km: 0,shallow,light,30.173464,37.183666
3419,6,4,2023-06-26 10:12:36,2.1413,98.479,91.467,5.2,mb: 0,0.707,us: 5,"55 km NW of Sibolga, Indonesia",earthquake: 0,4.438,0.043,178.0,us,us: 5,0-10 km: 0,intermediate,moderate,21.79547,49.675945
3420,6,4,2023-06-26 12:36:07,-23.8874,-175.9695,35.0,5.2,mww: 7,2.796,us: 5,Tonga region,earthquake: 0,1.891,0.073,18.0,us,us: 5,0-10 km: 0,shallow,moderate,66.902214,-33.90805
3421,6,4,2023-06-26 12:52:59,13.7408,92.7235,10.0,4.7,mb: 0,7.597,us: 5,"225 km N of Bamboo Flat, India",earthquake: 0,1.863,0.073,56.0,us,us: 5,0-10 km: 0,shallow,light,-3.3553474,2.7817597
3422,6,4,2023-06-26 13:32:03,9.2868,93.5555,10.0,4.9,mb: 0,5.251,us: 5,"277 km SSE of Port Blair, India",earthquake: 0,1.802,0.072,61.0,us,us: 5,0-10 km: 0,shallow,light,-1.6500759,5.7776833
3423,6,4,2023-06-26 16:04:03,-20.1039,-66.8171,244.425,4.7,mb: 0,2.196,us: 5,"24 km NNE of Colchani, Bolivia",earthquake: 0,5.708,0.034,266.0,us,us: 5,0-10 km: 0,intermediate,light,-53.018906,1.4897617
3424,6,4,2023-06-26 17:54:31,-15.1508,-174.2865,171.421,4.8,mb: 0,2.721,us: 5,"103 km NNW of Hihifo, Tonga",earthquake: 0,4.782,0.029,353.0,us,us: 5,0-10 km: 0,intermediate,light,-18.588242,55.795162
3425,6,4,2023-06-26 18:05:37,9.3365,93.7769,10.0,4.6,mb: 0,5.152,us: 5,"281 km SSE of Port Blair, India",earthquake: 0,1.882,0.101,29.0,us,us: 5,0-10 km: 0,shallow,light,-7.739838,-2.9845896
3426,6,4,2023-06-26 19:15:55,-33.5492,-179.8674,88.348,4.7,mb: 0,4.272,us: 5,south of the Kermadec Islands,earthquake: 0,6.717,0.13,18.0,us,us: 5,0-10 km: 0,intermediate,light,-50.505272,-11.933758
3427,6,4,2023-06-26 23:44:30,-23.8225,-175.4815,10.0,4.7,mb: 0,2.653,us: 5,"280 km S of ‘Ohonua, Tonga",earthquake: 0,1.906,0.133,17.0,us,us: 5,0-10 km: 0,shallow,light,-62.245674,-20.480585
3428,6,4,2023-06-27 11:22:40,-3.9071,152.5904,10.0,4.7,mb: 0,0.511,us: 5,"57 km NE of Rabaul, Papua New Guinea",earthquake: 0,1.774,0.126,20.0,us,us: 5,0-10 km: 0,shallow,light,-2.7384162,-15.970121
3429,6,4,2023-06-27 14:07:27,0.5974,-79.9871,35.0,5.0,mww: 7,0.959,us: 5,"3 km ESE of Muisne, Ecuador",earthquake: 0,1.84,0.08,15.0,us,us: 5,0-10 km: 0,shallow,moderate,55.794315,-52.933018
3430,6,4,2023-06-27 15:18:14,-4.3447,144.0735,135.076,4.8,mb: 0,3.823,us: 5,"31 km S of Angoram, Papua New Guinea",earthquake: 0,6.855,0.088,40.0,us,us: 5,0-10 km: 0,intermediate,light,43.66389,31.900202
3431,6,4,2023-06-27 16:55:19,-7.0553,129.9077,133.046,4.9,mb: 0,2.516,us: 5,"Kepulauan Babar, Indonesia",earthquake: 0,3.663,0.051,124.0,us,us: 5,0-10 km: 0,intermediate,light,33.960495,47.5222
3432,6,4,2023-06-27 18:58:16,-11.3915,116.2307,10.0,4.8,mb: 0,2.968,us: 5,"295 km S of Lembar, Indonesia",earthquake: 0,1.843,0.081,58.0,us,us: 5,0-10 km: 0,shallow,light,4.3951693,-3.9997876
3433,6,4,2023-06-27 21:43:48,-23.4508,170.9981,10.0,4.6,mb: 0,3.376,us: 5,southeast of the Loyalty Islands,earthquake: 0,1.925,0.164,11.0,us,us: 5,0-10 km: 0,shallow,light,-6.0988526,-26.083895
3434,6,4,2023-06-27 23:38:21,42.0836,133.9943,442.0,5.8,mww: 7,2.575,us: 5,"Primor'ye, Russia",earthquake: 0,1.819,0.044,49.0,us,us: 5,0-10 km: 0,deep,moderate,70.37699,-0.2296618
3435,6,4,2023-06-28 01:25:23,-23.7819,-175.7806,10.0,4.6,mb: 0,2.654,us: 5,Tonga region,earthquake: 0,1.832,0.123,20.0,us,us: 5,0-10 km: 0,shallow,light,-62.89804,-18.754868
3436,6,4,2023-06-28 03:08:11,35.728,141.4123,35.0,4.6,mb: 0,2.717,us: 5,"near the east coast of Honshu, Japan",earthquake: 0,1.783,0.075,53.0,us,us: 5,0-10 km: 0,shallow,light,-12.762363,16.696547
3437,6,4,2023-06-28 03:49:55,-12.3784,167.5853,10.0,4.6,mb: 0,8.049,us: 5,Santa Cruz Islands,earthquake: 0,1.917,0.136,19.0,us,us: 5,0-10 km: 0,shallow,light,-1.1130587,-20.53562
3438,6,4,2023-06-28 03:54:04,13.0597,144.5925,54.377,4.9,mb: 0,2.459,us: 5,Guam region,earthquake: 0,5.866,0.035,256.0,us,us: 5,0-10 km: 0,shallow,light,-2.4308698,45.72129
3439,6,4,2023-06-28 04:21:28,-16.2722,178.5024,10.0,5.5,mww: 7,1.526,us: 5,"93 km W of Labasa, Fiji",earthquake: 0,1.773,0.065,23.0,us,us: 5,0-10 km: 0,shallow,moderate,41.197525,-29.15834
3440,6,4,2023-06-28 07:15:30,-23.8242,179.5591,548.099,4.6,mb: 0,5.516,us: 5,south of the Fiji Islands,earthquake: 0,6.953,0.117,22.0,us,us: 5,0-10 km: 0,deep,light,5.1757784,63.203358
3441,6,4,2023-06-28 10:34:03,-24.0764,-175.9448,22.952,4.6,mb: 0,2.973,us: 5,south of Tonga,earthquake: 0,5.874,0.123,20.0,us,us: 5,0-10 km: 0,shallow,light,-52.958664,-13.025037
3442,6,4,2023-06-28 10:54:13,-19.2514,-174.969,117.667,5.4,mww: 7,1.921,us: 5,"87 km NW of Fangale’ounga, Tonga",earthquake: 0,6.467,0.08,15.0,us,us: 5,0-10 km: 0,intermediate,moderate,67.26748,-38.510124
3443,6,4,2023-06-28 11:40:13,-49.8404,163.4828,10.0,4.6,mb: 0,4.257,us: 5,"Auckland Islands, New Zealand region",earthquake: 0,1.958,0.192,8.0,us,us: 5,0-10 km: 0,shallow,light,-11.599915,-34.28681
3444,6,4,2023-06-28 15:20:09,-23.7905,-175.2886,10.0,4.7,mb: 0,2.61,us: 5,Tonga region,earthquake: 0,1.849,0.084,43.0,us,us: 5,0-10 km: 0,shallow,light,-63.76968,-9.858399
3445,6,4,2023-06-28 19:08:37,32.5094,47.3286,13.948,4.6,mb: 0,5.687,us: 5,Iran-Iraq border region,earthquake: 0,4.59,0.053,106.0,us,us: 5,0-10 km: 0,shallow,light,2.087842,29.48917
3446,6,4,2023-06-28 21:30:03,-7.0931,155.3829,10.0,4.6,mb: 0,4.31,us: 5,"86 km S of Panguna, Papua New Guinea",earthquake: 0,1.686,0.116,22.0,us,us: 5,0-10 km: 0,shallow,light,-1.6276842,-14.19242
3447,6,4,2023-06-28 22:41:54,-59.0079,-26.1043,127.402,5.1,mb: 0,7.425,us: 5,South Sandwich Islands region,earthquake: 0,4.446,0.055,105.0,us,us: 5,0-10 km: 0,intermediate,moderate,-24.524874,-53.203526
3448,6,4,2023-06-28 22:48:24,46.7943,154.009,10.0,4.6,mb: 0,6.753,us: 5,east of the Kuril Islands,earthquake: 0,1.893,0.082,44.0,us,us: 5,0-10 km: 0,shallow,light,-14.406918,15.1430235
3449,6,4,2023-06-29 00:35:53,-23.5466,-175.4668,16.767,4.6,mb: 0,2.378,us: 5,"249 km SSW of ‘Ohonua, Tonga",earthquake: 0,4.795,0.14,15.0,us,us: 5,0-10 km: 0,shallow,light,-53.676914,-14.248504
3450,6,4,2023-06-29 04:57:58,37.2073,71.798,129.867,5.0,mww: 7,2.267,us: 5,"38 km SE of Khorugh, Tajikistan",earthquake: 0,5.408,0.073,18.0,us,us: 5,0-10 km: 0,intermediate,moderate,15.013727,-34.72863
3451,6,4,2023-06-29 05:15:50,-20.3689,-178.1323,524.239,4.9,mb: 0,2.854,us: 5,Fiji region,earthquake: 0,4.924,0.025,508.0,us,us: 5,0-10 km: 0,deep,light,-10.604192,62.771725
3452,6,4,2023-06-29 06:56:54,-6.1366,154.9372,175.87,4.6,mb: 0,3.371,us: 5,"63 km WNW of Panguna, Papua New Guinea",earthquake: 0,7.184,0.052,110.0,us,us: 5,0-10 km: 0,intermediate,light,36.61435,44.338608
3453,6,4,2023-06-29 08:09:00,2.1059,126.5527,44.571,4.7,mb: 0,5.853,us: 5,"167 km WNW of Tobelo, Indonesia",earthquake: 0,7.204,0.05,136.0,us,us: 5,0-10 km: 0,shallow,light,26.048418,43.772636
3454,6,4,2023-06-29 11:30:18,10.1859,126.9028,22.001,5.2,mww: 7,3.362,us: 5,Philippine Islands region,earthquake: 0,3.953,0.093,11.0,us,us: 5,0-10 km: 0,shallow,moderate,28.240658,-25.315842
3455,6,4,2023-06-29 12:04:32,-24.7814,-175.4132,10.0,4.6,mb: 0,3.6,us: 5,south of Tonga,earthquake: 0,1.834,0.146,14.0,us,us: 5,0-10 km: 0,shallow,light,-59.538227,-24.296015
3456,6,4,2023-06-29 13:52:38,5.6935,125.8156,120.851,4.6,mb: 0,1.387,us: 5,"31 km SE of Caburan, Philippines",earthquake: 0,6.139,0.056,96.0,us,us: 5,0-10 km: 0,intermediate,light,31.47067,43.25194
3457,6,4,2023-06-29 16:15:21,-23.7921,-176.8962,121.039,4.6,mb: 0,3.043,us: 5,south of the Fiji Islands,earthquake: 0,4.89,0.051,122.0,us,us: 5,0-10 km: 0,intermediate,light,-52.481373,-2.8112297
3458,6,4,2023-06-29 18:04:41,-23.2482,171.0209,10.0,4.8,mb: 0,3.355,us: 5,southeast of the Loyalty Islands,earthquake: 0,1.834,0.098,32.0,us,us: 5,0-10 km: 0,shallow,light,8.1154,-16.348545
3459,6,4,2023-06-29 23:43:39,-0.4824,-28.7033,10.0,4.7,mb: 0,16.097,us: 5,central Mid-Atlantic Ridge,earthquake: 0,1.88,0.092,36.0,us,us: 5,10-20 km: 1,shallow,light,-31.038134,-3.514101
3460,6,4,2023-06-30 01:52:28,2.9948,-73.6029,10.0,4.7,mb: 0,1.973,us: 5,"21 km SE of Vistahermosa, Colombia",earthquake: 0,1.856,0.052,115.0,us,us: 5,0-10 km: 0,shallow,light,-35.643326,5.388286
3461,6,4,2023-06-30 02:00:38,-6.9487,129.4659,178.298,4.7,mb: 0,2.45,us: 5,Banda Sea,earthquake: 0,5.701,0.1,31.0,us,us: 5,0-10 km: 0,intermediate,light,42.704647,35.355453
3462,6,4,2023-06-30 05:16:37,-60.3188,-24.9232,10.0,4.6,mb: 0,20.253,us: 5,South Sandwich Islands region,earthquake: 0,1.905,0.128,18.0,us,us: 5,20-30 km: 2,shallow,light,-33.78065,-44.34621
3463,6,4,2023-06-30 10:17:24,-7.0055,124.899,552.869,4.6,mb: 0,2.803,us: 5,"180 km N of Maubara, Timor Leste",earthquake: 0,7.929,0.053,107.0,us,us: 5,0-10 km: 0,deep,light,3.7925363,61.299274
3464,6,4,2023-06-30 10:29:49,3.3941,127.9104,102.912,4.7,mb: 0,4.327,us: 5,"184 km N of Tobelo, Indonesia",earthquake: 0,6.494,0.046,140.0,us,us: 5,0-10 km: 0,intermediate,light,28.839174,45.49042
3465,6,4,2023-06-30 10:37:30,-0.5743,122.4631,10.0,4.9,mb: 0,2.373,us: 5,"55 km NW of Luwuk, Indonesia",earthquake: 0,1.476,0.078,54.0,us,us: 5,0-10 km: 0,shallow,light,4.254409,-2.360523
3466,6,4,2023-06-30 12:57:42,-8.6478,110.0229,76.421,5.9,mww: 7,1.641,us: 5,"82 km SSW of Bambanglipuro, Indonesia",earthquake: 0,3.285,0.061,26.0,us,us: 5,0-10 km: 0,intermediate,moderate,36.47815,-20.729952
3467,6,4,2023-06-30 17:57:18,24.3561,124.9122,41.434,4.6,mb: 0,0.618,us: 5,"40 km SSE of Tarama, Japan",earthquake: 0,6.712,0.058,93.0,us,us: 5,0-10 km: 0,shallow,light,11.089798,35.73899
3468,6,4,2023-06-30 18:46:23,45.0814,-27.9625,10.0,4.6,mb: 0,7.537,us: 5,northern Mid-Atlantic Ridge,earthquake: 0,1.786,0.044,159.0,us,us: 5,0-10 km: 0,shallow,light,-23.34578,31.744642
3469,6,4,2023-06-30 18:58:56,-16.3426,-173.3848,55.326,5.0,mb: 0,2.872,us: 5,"61 km SE of Hihifo, Tonga",earthquake: 0,8.74,0.15,17.0,us,us: 5,0-10 km: 0,shallow,moderate,-49.854134,-15.364453
3470,6,4,2023-06-30 23:37:52,-34.0581,58.137,10.0,5.0,mb: 0,13.012,us: 5,South Indian Ocean,earthquake: 0,1.9,0.126,20.0,us,us: 5,10-20 km: 1,shallow,moderate,-17.473928,-39.452164
3471,7,1,2023-07-01 03:29:25,-31.7581,-68.7634,32.179,4.7,mww: 7,0.222,us: 5,"18 km WSW of Pocito, Argentina",earthquake: 0,4.301,0.093,11.0,us,us: 5,0-10 km: 0,shallow,light,63.306225,-42.704594
3472,7,1,2023-07-01 03:59:40,10.1775,127.0563,10.0,4.6,mb: 0,3.416,us: 5,"110 km ENE of Pilar, Philippines",earthquake: 0,1.704,0.133,18.0,us,us: 5,0-10 km: 0,shallow,light,-14.224132,-7.874654
3473,7,1,2023-07-01 04:07:20,-23.3939,170.7184,10.0,4.7,mb: 0,3.113,us: 5,southeast of the Loyalty Islands,earthquake: 0,1.857,0.166,11.0,us,us: 5,0-10 km: 0,shallow,light,-6.0694437,-26.767433
3474,7,1,2023-07-01 04:42:12,10.0893,126.8261,10.0,4.7,mb: 0,3.244,us: 5,"83 km ENE of Pilar, Philippines",earthquake: 0,1.892,0.101,31.0,us,us: 5,0-10 km: 0,shallow,light,-8.349996,-4.027388
3475,7,1,2023-07-01 07:29:43,-0.1517,88.7184,31.0,5.9,mww: 7,8.974,us: 5,South Indian Ocean,earthquake: 0,1.865,0.052,35.0,us,us: 5,0-10 km: 0,shallow,moderate,39.09486,-34.94897
3476,7,1,2023-07-01 09:15:01,49.8759,155.0264,132.655,5.3,mww: 7,3.642,us: 5,"118 km SW of Severo-Kuril’sk, Russia",earthquake: 0,6.286,0.073,18.0,us,us: 5,0-10 km: 0,intermediate,moderate,16.891926,-34.40139
3477,7,1,2023-07-01 13:11:43,-34.9264,-178.8766,10.0,4.7,mb: 0,3.479,us: 5,south of the Kermadec Islands,earthquake: 0,1.922,0.133,17.0,us,us: 5,0-10 km: 0,shallow,light,-64.88028,-20.967758
3478,7,1,2023-07-01 13:41:29,52.7127,-170.1165,80.357,4.8,mb: 0,0.174,us: 5,"88 km WSW of Nikolski, Alaska",earthquake: 0,3.292,0.03,344.0,us,us: 5,0-10 km: 0,intermediate,light,-17.091784,50.638687
3479,7,1,2023-07-01 18:44:15,-7.9093,117.6532,11.629,4.7,mb: 0,0.92,us: 5,"58 km NNE of Pototano, Indonesia",earthquake: 0,4.014,0.1,35.0,us,us: 5,0-10 km: 0,shallow,light,30.883566,21.581427
3480,7,1,2023-07-01 20:00:39,-23.1748,-175.3595,10.0,4.6,mb: 0,2.001,us: 5,"207 km SSW of ‘Ohonua, Tonga",earthquake: 0,1.93,0.136,16.0,us,us: 5,0-10 km: 0,shallow,light,-61.4006,-21.494
3481,7,1,2023-07-01 22:21:29,-17.7783,-173.5802,46.349,5.0,mb: 0,0.953,us: 5,"105 km NNE of Neiafu, Tonga",earthquake: 0,5.618,0.034,285.0,us,us: 5,0-10 km: 0,shallow,moderate,-21.324448,56.239536
3482,7,1,2023-07-02 01:25:01,-15.9842,-73.7322,47.832,5.0,mb: 0,4.017,us: 5,"27 km NNW of Atico, Peru",earthquake: 0,5.496,0.037,231.0,us,us: 5,0-10 km: 0,shallow,moderate,-57.40542,2.1168492
3483,7,1,2023-07-02 02:28:28,55.9343,113.3023,10.0,4.8,mb: 0,3.76,us: 5,"Buryatiya, Russia",earthquake: 0,1.843,0.032,302.0,us,us: 5,0-10 km: 0,shallow,light,-6.988946,43.768112
3484,7,1,2023-07-02 02:41:17,-23.5361,-175.5015,9.0,5.6,mww: 7,2.371,us: 5,"249 km SSW of ‘Ohonua, Tonga",earthquake: 0,0.941,0.069,20.0,us,us: 5,0-10 km: 0,shallow,moderate,64.46471,-33.20521
3485,7,1,2023-07-02 05:40:02,8.78,126.0234,10.0,4.7,mb: 0,1.755,us: 5,"16 km NNE of Los Arcos, Philippines",earthquake: 0,1.845,0.061,82.0,us,us: 5,0-10 km: 0,shallow,light,1.5460151,4.8757663
3486,7,1,2023-07-02 10:27:43,-17.881,-174.9484,229.0,6.9,mww: 7,1.181,us: 5,"132 km NW of Neiafu, Tonga",earthquake: 0,1.909,0.041,58.0,us,us: 5,0-10 km: 0,intermediate,strong,56.918316,-35.814312
3487,7,1,2023-07-02 13:19:37,-5.8879,132.0141,10.0,4.7,mb: 0,2.501,us: 5,"86 km WSW of Tual, Indonesia",earthquake: 0,1.879,0.093,35.0,us,us: 5,0-10 km: 0,shallow,light,0.375367,-8.502915
3488,7,1,2023-07-02 16:25:50,23.9123,142.946,37.694,4.6,mb: 0,9.032,us: 5,"Volcano Islands, Japan region",earthquake: 0,5.854,0.056,96.0,us,us: 5,0-10 km: 0,shallow,light,10.930637,35.836708
3489,7,1,2023-07-02 18:13:21,-0.1034,97.3302,19.818,5.1,mb: 0,1.419,us: 5,"Kepulauan Batu, Indonesia",earthquake: 0,3.352,0.054,111.0,us,us: 5,0-10 km: 0,shallow,moderate,19.930735,36.650673
3490,7,1,2023-07-02 18:17:23,0.009,97.2781,14.72,4.6,mb: 0,1.32,us: 5,"85 km SW of Teluk Dalam, Indonesia",earthquake: 0,4.64,0.122,20.0,us,us: 5,0-10 km: 0,shallow,light,32.63684,18.13335
3491,7,1,2023-07-02 18:32:13,-0.0973,97.3263,10.0,4.7,mb: 0,1.414,us: 5,"91 km SW of Teluk Dalam, Indonesia",earthquake: 0,1.866,0.075,54.0,us,us: 5,0-10 km: 0,shallow,light,0.04342937,-0.2190984
3492,7,1,2023-07-02 19:32:04,-29.1576,-177.5613,64.113,5.2,mb: 0,0.331,us: 5,"Kermadec Islands, New Zealand",earthquake: 0,4.397,0.059,95.0,us,us: 5,0-10 km: 0,shallow,moderate,-57.60404,-2.4280055
3493,7,1,2023-07-02 22:02:38,-23.5141,-175.4856,34.597,4.8,mb: 0,2.348,us: 5,"246 km SSW of ‘Ohonua, Tonga",earthquake: 0,5.073,0.109,26.0,us,us: 5,0-10 km: 0,shallow,light,-54.431423,-11.661142
3494,7,1,2023-07-03 00:29:13,-51.4196,139.4795,10.0,4.6,mb: 0,14.487,us: 5,western Indian-Antarctic Ridge,earthquake: 0,1.822,0.158,12.0,us,us: 5,10-20 km: 1,shallow,light,-11.144476,-36.04748
3495,7,1,2023-07-03 00:36:09,-51.5794,139.5734,10.0,4.8,mb: 0,14.619,us: 5,western Indian-Antarctic Ridge,earthquake: 0,1.81,0.114,24.0,us,us: 5,10-20 km: 1,shallow,light,-10.972033,-39.543194
3496,7,1,2023-07-03 01:22:49,15.6036,147.3308,10.0,4.6,mb: 0,1.53,us: 5,Mariana Islands region,earthquake: 0,1.854,0.082,45.0,us,us: 5,0-10 km: 0,shallow,light,-3.863479,-0.6418329
3497,7,1,2023-07-03 01:38:17,-13.5318,166.7899,80.161,4.8,mb: 0,7.379,us: 5,"90 km WNW of Sola, Vanuatu",earthquake: 0,6.021,0.095,34.0,us,us: 5,0-10 km: 0,intermediate,light,38.201817,25.883907
3498,7,1,2023-07-03 02:51:34,-3.7466,140.1181,13.794,5.4,mww: 7,1.356,us: 5,"139 km SSW of Abepura, Indonesia",earthquake: 0,3.203,0.066,22.0,us,us: 5,0-10 km: 0,shallow,moderate,34.68564,-24.942202
3499,7,1,2023-07-03 03:45:58,-23.2835,-175.7988,35.0,4.6,mb: 0,2.175,us: 5,"231 km SSW of ‘Ohonua, Tonga",earthquake: 0,1.942,0.273,4.0,us,us: 5,0-10 km: 0,shallow,light,-49.299107,-26.742712
3500,7,1,2023-07-03 06:50:12,-12.3391,-14.601,10.0,4.7,mb: 0,3.359,us: 5,southern Mid-Atlantic Ridge,earthquake: 0,1.871,0.083,44.0,us,us: 5,0-10 km: 0,shallow,light,-30.201376,-1.1468213
3501,7,1,2023-07-03 07:29:41,-12.3166,-14.8191,10.0,4.6,mb: 0,3.341,us: 5,southern Mid-Atlantic Ridge,earthquake: 0,1.882,0.158,12.0,us,us: 5,0-10 km: 0,shallow,light,-28.655521,-10.610936
3502,7,1,2023-07-03 08:02:58,-23.8268,-175.7858,31.16,4.9,mb: 0,2.699,us: 5,"288 km SSW of ‘Ohonua, Tonga",earthquake: 0,5.395,0.044,164.0,us,us: 5,0-10 km: 0,shallow,light,-58.17428,0.054362282
3503,7,1,2023-07-03 08:25:39,-23.5535,-175.3596,10.0,4.7,mb: 0,2.377,us: 5,"248 km S of ‘Ohonua, Tonga",earthquake: 0,1.896,0.115,23.0,us,us: 5,0-10 km: 0,shallow,light,-63.6986,-16.449697
3504,7,1,2023-07-03 09:37:58,24.0853,143.0148,23.618,4.8,mb: 0,9.178,us: 5,"Volcano Islands, Japan region",earthquake: 0,4.106,0.046,145.0,us,us: 5,0-10 km: 0,shallow,light,0.048628483,37.76147
3505,7,1,2023-07-03 10:20:25,5.8358,124.3778,35.0,4.8,mb: 0,1.711,us: 5,"26 km SSW of Maitum, Philippines",earthquake: 0,1.88,0.056,98.0,us,us: 5,0-10 km: 0,shallow,light,5.1368284,5.4270453
3506,7,1,2023-07-03 11:26:35,-21.4916,169.6578,20.991,5.3,mww: 7,2.335,us: 5,"184 km E of Tadine, New Caledonia",earthquake: 0,4.501,0.073,18.0,us,us: 5,0-10 km: 0,shallow,moderate,32.241905,-21.698627
3507,7,1,2023-07-03 12:40:05,-3.7202,140.1572,10.0,4.7,mb: 0,1.316,us: 5,"135 km SSW of Abepura, Indonesia",earthquake: 0,1.782,0.085,42.0,us,us: 5,0-10 km: 0,shallow,light,2.530791,-7.5315447
3508,7,1,2023-07-03 13:03:38,-16.9455,-176.8186,10.0,5.3,mww: 7,2.907,us: 5,Fiji region,earthquake: 0,1.85,0.083,14.0,us,us: 5,0-10 km: 0,shallow,moderate,67.32866,-33.114002
3509,7,1,2023-07-03 17:26:27,-23.9581,-175.597,15.572,5.1,mb: 0,2.799,us: 5,"297 km SSW of ‘Ohonua, Tonga",earthquake: 0,3.469,0.047,145.0,us,us: 5,0-10 km: 0,shallow,moderate,-59.456257,-1.0852898
3510,7,1,2023-07-03 20:01:49,41.7302,49.2849,53.0,5.3,mww: 7,2.392,us: 5,"49 km NE of Xaçmaz, Azerbaijan",earthquake: 0,1.887,0.057,30.0,us,us: 5,0-10 km: 0,shallow,moderate,21.380684,-55.612095
3511,7,1,2023-07-03 20:57:45,-13.3934,166.4775,12.0,5.7,mww: 7,7.42,us: 5,"127 km WNW of Sola, Vanuatu",earthquake: 0,1.784,0.058,29.0,us,us: 5,0-10 km: 0,shallow,moderate,41.031906,-30.67401
3512,7,1,2023-07-03 21:14:39,-13.4418,166.2513,10.0,4.8,mb: 0,7.315,us: 5,"148 km WNW of Sola, Vanuatu",earthquake: 0,1.84,0.088,40.0,us,us: 5,0-10 km: 0,shallow,light,8.0426035,-11.62595
3513,7,1,2023-07-04 00:18:08,-23.7007,-175.7538,10.0,5.3,mww: 7,2.57,us: 5,"273 km SSW of ‘Ohonua, Tonga",earthquake: 0,1.776,0.093,11.0,us,us: 5,0-10 km: 0,shallow,moderate,67.59378,-32.864704
3514,7,1,2023-07-04 01:23:03,-23.9008,-175.6936,34.786,4.9,mb: 0,2.756,us: 5,"293 km SSW of ‘Ohonua, Tonga",earthquake: 0,3.406,0.128,19.0,us,us: 5,0-10 km: 0,shallow,light,-55.623653,-14.468667
3515,7,1,2023-07-04 02:08:02,38.329,76.4502,19.546,4.6,mb: 0,2.794,us: 5,"47 km WNW of Yak'airike, China",earthquake: 0,3.108,0.079,48.0,us,us: 5,0-10 km: 0,shallow,light,-18.468666,18.723825
3516,7,1,2023-07-04 07:00:03,-23.0962,-175.1273,10.0,4.6,mb: 0,1.919,us: 5,"195 km S of ‘Ohonua, Tonga",earthquake: 0,1.879,0.152,17.0,us,us: 5,0-10 km: 0,shallow,light,-58.568607,-24.82152
3517,7,1,2023-07-04 07:25:32,26.5274,96.3583,89.642,4.6,mb: 0,5.599,us: 5,"57 km NW of Sarupathar, India",earthquake: 0,5.346,0.053,105.0,us,us: 5,0-10 km: 0,intermediate,light,9.274063,35.76042
3518,7,1,2023-07-04 12:01:01,-58.1291,-12.8468,10.0,5.9,mww: 7,13.681,us: 5,east of the South Sandwich Islands,earthquake: 0,1.842,0.063,24.0,us,us: 5,10-20 km: 1,shallow,moderate,57.48714,-25.378025
3519,7,1,2023-07-04 16:32:08,28.6321,139.4092,451.845,4.6,mb: 0,4.482,us: 5,"Bonin Islands, Japan region",earthquake: 0,5.634,0.027,395.0,us,us: 5,0-10 km: 0,deep,light,-1.134197,58.58943
3520,7,1,2023-07-04 16:59:48,-19.8142,41.6348,10.0,4.8,mb: 0,5.339,us: 5,"285 km W of Morondava, Madagascar",earthquake: 0,1.814,0.074,57.0,us,us: 5,0-10 km: 0,shallow,light,-27.388628,0.43902203
3521,7,1,2023-07-04 19:05:34,-14.803,166.747,53.528,4.6,mb: 0,6.178,us: 5,Vanuatu,earthquake: 0,1.638,0.083,43.0,us,us: 5,0-10 km: 0,shallow,light,6.2830424,-10.350674
3522,7,1,2023-07-04 22:01:59,-56.0012,-25.3023,10.0,4.7,mb: 0,6.64,us: 5,South Sandwich Islands region,earthquake: 0,1.907,0.138,16.0,us,us: 5,0-10 km: 0,shallow,light,-34.99813,-43.652683
3523,7,1,2023-07-05 01:16:18,-23.1954,170.7522,10.0,4.8,mb: 0,3.103,us: 5,southeast of the Loyalty Islands,earthquake: 0,1.857,0.167,13.0,us,us: 5,0-10 km: 0,shallow,light,-5.6649113,-27.449429
3524,7,1,2023-07-05 09:56:51,-19.3261,-179.1976,653.516,4.7,mb: 0,3.046,us: 5,"209 km SE of Levuka, Fiji",earthquake: 0,8.812,0.053,106.0,us,us: 5,0-10 km: 0,deep,light,-10.645795,70.718605
3525,7,1,2023-07-05 11:59:05,-1.3003,-24.0591,10.0,4.8,mb: 0,11.695,us: 5,central Mid-Atlantic Ridge,earthquake: 0,1.88,0.111,25.0,us,us: 5,10-20 km: 1,shallow,light,-30.6376,-5.2447677
3526,7,1,2023-07-05 12:06:52,-0.091,97.3276,10.0,4.8,mb: 0,1.408,us: 5,"90 km SW of Teluk Dalam, Indonesia",earthquake: 0,1.908,0.093,36.0,us,us: 5,0-10 km: 0,shallow,light,0.8779649,-5.6170774
3527,7,1,2023-07-05 12:07:12,0.0089,97.2079,10.0,5.1,mb: 0,1.338,us: 5,"91 km SW of Teluk Dalam, Indonesia",earthquake: 0,1.884,0.096,35.0,us,us: 5,0-10 km: 0,shallow,moderate,1.8436428,-3.7998052
3528,7,1,2023-07-05 16:28:13,1.5979,66.8082,10.0,4.6,mb: 0,35.111,us: 5,Carlsberg Ridge,earthquake: 0,1.841,0.141,15.0,us,us: 5,30-40 km: 3,shallow,light,-21.028633,-9.641453
3529,7,1,2023-07-05 16:49:49,42.3857,142.4809,35.0,4.6,mb: 0,0.624,us: 5,"11 km ENE of Shizunai-furukawachō, Japan",earthquake: 0,1.86,0.07,61.0,us,us: 5,0-10 km: 0,shallow,light,-13.13148,17.038595
3530,7,1,2023-07-05 17:07:42,-56.0532,-27.0888,104.026,4.6,mb: 0,5.672,us: 5,South Sandwich Islands region,earthquake: 0,6.438,0.109,25.0,us,us: 5,0-10 km: 0,intermediate,light,-32.27197,-53.085213
3531,7,1,2023-07-05 21:07:40,-13.3043,167.2591,9.919,4.6,mb: 0,7.747,us: 5,"70 km NNW of Sola, Vanuatu",earthquake: 0,1.862,0.132,17.0,us,us: 5,0-10 km: 0,shallow,light,-0.7226461,-20.323551
3532,7,1,2023-07-06 00:31:56,-23.8192,-67.7929,135.0,5.8,mww: 7,0.933,us: 5,"108 km SSE of San Pedro de Atacama, Chile",earthquake: 0,1.839,0.036,74.0,us,us: 5,0-10 km: 0,intermediate,moderate,59.628056,-37.22583
3533,7,1,2023-07-06 01:21:37,-18.7026,65.2543,10.0,5.1,mb: 0,2.066,us: 5,"221 km ENE of Port Mathurin, Mauritius",earthquake: 0,1.776,0.112,26.0,us,us: 5,0-10 km: 0,shallow,moderate,-18.065317,-40.359135
3534,7,1,2023-07-06 02:06:40,-32.6612,-68.7799,55.469,4.6,mwr: 6,1.115,us: 5,"25 km N of Mendoza, Argentina",earthquake: 0,4.129,0.046,46.0,us,us: 5,0-10 km: 0,shallow,light,64.45117,-44.76576
3535,7,1,2023-07-06 05:19:30,-13.3392,166.219,10.0,4.7,mb: 0,7.406,us: 5,"155 km WNW of Sola, Vanuatu",earthquake: 0,1.824,0.094,34.0,us,us: 5,0-10 km: 0,shallow,light,5.4940844,-14.181011
3536,7,1,2023-07-06 07:16:28,15.2846,119.8695,47.77,4.9,mb: 0,7.58,us: 5,"12 km WSW of Iba, Philippines",earthquake: 0,6.804,0.054,119.0,us,us: 5,0-10 km: 0,shallow,light,25.239056,42.577095
3537,7,1,2023-07-06 09:56:49,-23.2231,170.7734,10.0,4.6,mb: 0,3.127,us: 5,southeast of the Loyalty Islands,earthquake: 0,1.856,0.193,8.0,us,us: 5,0-10 km: 0,shallow,light,-10.037768,-27.0459
3538,7,1,2023-07-06 10:31:08,-60.5509,153.7183,10.0,5.9,mww: 7,6.687,us: 5,west of Macquarie Island,earthquake: 0,1.766,0.059,28.0,us,us: 5,0-10 km: 0,shallow,moderate,51.54903,-24.458078
3539,7,1,2023-07-06 13:38:04,24.068,142.8055,10.0,4.6,mb: 0,9.22,us: 5,"Volcano Islands, Japan region",earthquake: 0,1.869,0.102,32.0,us,us: 5,0-10 km: 0,shallow,light,-14.633953,8.183853
3540,7,1,2023-07-06 14:59:35,-14.2396,166.1867,10.0,4.7,mb: 0,6.533,us: 5,"130 km NW of Port-Olry, Vanuatu",earthquake: 0,1.901,0.108,26.0,us,us: 5,0-10 km: 0,shallow,light,3.8461473,-16.951134
3541,7,1,2023-07-06 15:40:00,2.1477,122.6855,10.0,4.6,mb: 0,2.164,us: 5,"182 km NNW of Gorontalo, Indonesia",earthquake: 0,1.86,0.098,36.0,us,us: 5,0-10 km: 0,shallow,light,-2.160837,-7.7245555
3542,7,1,2023-07-06 17:13:19,-7.0119,129.4318,126.526,5.3,mww: 7,2.518,us: 5,"Kepulauan Babar, Indonesia",earthquake: 0,4.297,0.071,19.0,us,us: 5,0-10 km: 0,intermediate,moderate,32.80017,-17.764515
3543,7,1,2023-07-06 19:38:39,-17.5455,167.8822,39.58,4.6,mb: 0,4.528,us: 5,"50 km WNW of Port-Vila, Vanuatu",earthquake: 0,7.106,0.136,16.0,us,us: 5,0-10 km: 0,shallow,light,39.823227,21.580627
3544,7,1,2023-07-06 20:04:01,-9.5077,148.9127,10.0,5.0,mww: 7,1.733,us: 5,"111 km SE of Popondetta, Papua New Guinea",earthquake: 0,1.735,0.093,11.0,us,us: 5,0-10 km: 0,shallow,moderate,41.23901,-23.208092
3545,7,1,2023-07-06 21:41:13,9.2474,138.4548,10.0,4.8,mb: 0,11.897,us: 5,"47 km SE of Colonia, Micronesia",earthquake: 0,1.842,0.062,80.0,us,us: 5,10-20 km: 1,shallow,light,1.306057,5.5290365
3546,7,1,2023-07-07 04:16:06,-52.8441,25.9355,10.0,4.8,mb: 0,20.786,us: 5,south of Africa,earthquake: 0,1.867,0.149,14.0,us,us: 5,20-30 km: 2,shallow,light,-35.97598,-42.456898
3547,7,1,2023-07-07 04:25:08,-2.4479,140.0781,22.617,4.9,mb: 0,0.628,us: 5,"63 km WNW of Abepura, Indonesia",earthquake: 0,3.964,0.057,96.0,us,us: 5,0-10 km: 0,shallow,light,21.313679,35.44703
3548,7,1,2023-07-07 07:09:04,-20.8849,-178.6801,570.993,4.8,mb: 0,3.26,us: 5,Fiji region,earthquake: 0,8.357,0.057,95.0,us,us: 5,0-10 km: 0,deep,light,-9.8720255,70.84848
3549,7,1,2023-07-07 13:52:08,-24.5781,-175.7966,23.288,5.1,mb: 0,3.436,us: 5,south of Tonga,earthquake: 0,5.073,0.046,151.0,us,us: 5,0-10 km: 0,shallow,moderate,-58.46778,-0.53758246
3550,7,1,2023-07-07 15:54:00,11.1927,-62.008,79.681,4.9,mb: 0,3.081,us: 5,"74 km NW of Petit Valley, Trinidad and Tobago",earthquake: 0,6.154,0.04,199.0,us,us: 5,0-10 km: 0,intermediate,light,-24.16961,53.59168
3551,7,1,2023-07-07 16:48:05,-35.1936,-111.2338,10.0,4.6,mb: 0,8.155,us: 5,southern East Pacific Rise,earthquake: 0,1.87,0.136,17.0,us,us: 5,0-10 km: 0,shallow,light,-42.351154,-38.894146
3552,7,2,2023-07-08 01:26:38,-17.9217,168.4309,147.611,4.6,mb: 0,4.532,us: 5,"23 km SSE of Port-Vila, Vanuatu",earthquake: 0,8.097,0.119,23.0,us,us: 5,0-10 km: 0,intermediate,light,41.992683,32.091427
3553,7,2,2023-07-08 05:20:02,-24.2158,-175.8752,30.829,4.9,mb: 0,3.094,us: 5,south of Tonga,earthquake: 0,5.014,0.122,21.0,us,us: 5,0-10 km: 0,shallow,light,-53.95718,-12.247926
3554,7,2,2023-07-08 06:06:57,-0.1285,125.2476,51.574,4.7,mb: 0,2.3,us: 5,"110 km SE of Modisi, Indonesia",earthquake: 0,7.692,0.081,47.0,us,us: 5,0-10 km: 0,shallow,light,49.67353,23.168173
3555,7,2,2023-07-08 11:30:38,-29.295,-177.0971,35.0,4.6,mb: 0,0.72,us: 5,"Kermadec Islands, New Zealand",earthquake: 0,1.709,0.136,20.0,us,us: 5,0-10 km: 0,shallow,light,-61.985706,-23.339209
3556,7,2,2023-07-08 14:02:51,38.5479,21.8696,10.0,4.8,mb: 0,1.368,us: 5,"17 km NNE of Náfpaktos, Greece",earthquake: 0,1.868,0.061,83.0,us,us: 5,0-10 km: 0,shallow,light,-20.514582,25.823523
3557,7,2,2023-07-08 14:10:49,-6.0843,149.8857,42.888,4.8,mb: 0,2.947,us: 5,"39 km ENE of Kandrian, Papua New Guinea",earthquake: 0,7.124,0.107,31.0,us,us: 5,0-10 km: 0,shallow,light,39.09126,24.544188
3558,7,2,2023-07-08 16:09:03,-31.3771,179.7136,395.613,4.6,mb: 0,2.938,us: 5,Kermadec Islands region,earthquake: 0,8.276,0.077,50.0,us,us: 5,0-10 km: 0,deep,light,5.907333,62.00434
3559,7,2,2023-07-08 19:30:23,24.0573,142.8984,24.175,4.9,mb: 0,9.422,us: 5,"Volcano Islands, Japan region",earthquake: 0,4.815,0.072,60.0,us,us: 5,0-10 km: 0,shallow,light,9.587219,26.84379
3560,7,2,2023-07-08 19:47:11,21.9267,121.5692,4.0,5.6,mww: 7,0.996,us: 5,"85 km E of Hengchun, Taiwan",earthquake: 0,1.735,0.059,28.0,us,us: 5,0-10 km: 0,shallow,moderate,30.231066,-45.558544
3561,7,2,2023-07-08 20:26:32,22.0705,121.6728,10.0,4.9,mb: 0,0.924,us: 5,"96 km E of Hengchun, Taiwan",earthquake: 0,1.864,0.089,39.0,us,us: 5,0-10 km: 0,shallow,light,-10.469161,11.353808
3562,7,2,2023-07-08 21:22:03,21.8848,121.6092,10.0,5.1,mww: 7,1.05,us: 5,"90 km E of Hengchun, Taiwan",earthquake: 0,1.765,0.073,18.0,us,us: 5,0-10 km: 0,shallow,moderate,22.803822,-45.393147
3563,7,2,2023-07-09 00:06:23,-7.4416,156.0819,19.0,5.5,mww: 7,4.308,us: 5,Solomon Islands,earthquake: 0,1.695,0.08,15.0,us,us: 5,0-10 km: 0,shallow,moderate,41.886517,-27.802656
3564,7,2,2023-07-09 00:09:42,-8.3103,150.3529,10.0,4.8,mb: 0,3.338,us: 5,"222 km N of Alotau, Papua New Guinea",earthquake: 0,1.861,0.154,13.0,us,us: 5,0-10 km: 0,shallow,light,-5.627617,-22.343466
3565,7,2,2023-07-09 00:55:17,-56.4768,-5.6799,10.0,4.6,mb: 0,15.303,us: 5,southern Mid-Atlantic Ridge,earthquake: 0,1.985,0.152,13.0,us,us: 5,10-20 km: 1,shallow,light,-36.483734,-43.060627
3566,7,2,2023-07-09 01:53:49,21.9898,121.6528,10.0,4.8,mb: 0,0.98,us: 5,"93 km E of Hengchun, Taiwan",earthquake: 0,1.885,0.077,53.0,us,us: 5,0-10 km: 0,shallow,light,-9.256781,14.245378
3567,7,2,2023-07-09 03:31:59,22.1437,121.6782,10.0,4.7,mb: 0,0.87,us: 5,"97 km E of Hengchun, Taiwan",earthquake: 0,1.902,0.075,53.0,us,us: 5,0-10 km: 0,shallow,light,-9.570432,14.420353
3568,7,2,2023-07-09 06:01:40,-28.5611,-178.1272,10.0,4.6,mb: 0,0.703,us: 5,Kermadec Islands region,earthquake: 0,1.854,0.157,12.0,us,us: 5,0-10 km: 0,shallow,light,-58.791664,-26.002556
3569,7,2,2023-07-09 07:52:53,22.1269,121.6188,10.0,4.6,mb: 0,0.849,us: 5,"91 km E of Hengchun, Taiwan",earthquake: 0,1.891,0.082,45.0,us,us: 5,0-10 km: 0,shallow,light,-11.16405,13.79097
3570,7,2,2023-07-09 08:16:35,22.0287,121.6809,10.0,4.6,mb: 0,0.962,us: 5,"96 km E of Hengchun, Taiwan",earthquake: 0,1.898,0.109,31.0,us,us: 5,0-10 km: 0,shallow,light,-14.842124,6.9843473
3571,7,2,2023-07-09 13:38:36,24.0087,143.0668,10.0,5.4,mww: 7,12.457,us: 5,"Volcano Islands, Japan region",earthquake: 0,1.802,0.053,34.0,us,us: 5,10-20 km: 1,shallow,moderate,27.900358,-44.48181
3572,7,2,2023-07-09 14:09:03,5.508,94.5895,37.801,5.2,mww: 7,2.364,us: 5,"81 km W of Banda Aceh, Indonesia",earthquake: 0,4.934,0.098,10.0,us,us: 5,0-10 km: 0,shallow,moderate,27.746758,-24.231533
3573,7,2,2023-07-09 15:25:41,-16.3145,-173.4437,53.462,4.7,mb: 0,3.456,us: 5,"54 km SE of Hihifo, Tonga",earthquake: 0,7.032,0.093,35.0,us,us: 5,0-10 km: 0,shallow,light,-52.52171,-8.159965
3574,7,2,2023-07-09 17:11:33,-33.2105,-70.3351,99.0,5.7,mww: 7,0.257,us: 5,"30 km ENE of Chicureo Abajo, Chile",earthquake: 0,1.558,0.051,37.0,us,us: 5,0-10 km: 0,intermediate,moderate,60.197746,-37.09073
3575,7,2,2023-07-09 18:43:39,-15.7717,166.9122,10.0,5.3,mb: 0,5.369,us: 5,"38 km SW of Luganville, Vanuatu",earthquake: 0,1.79,0.042,190.0,us,us: 5,0-10 km: 0,shallow,moderate,17.67094,49.526684
3576,7,2,2023-07-09 18:49:14,24.0081,143.0829,10.0,5.1,mb: 0,9.517,us: 5,"Volcano Islands, Japan region",earthquake: 0,1.798,0.032,320.0,us,us: 5,0-10 km: 0,shallow,moderate,-6.6356325,42.590054
3577,7,2,2023-07-09 19:52:21,35.6067,140.4101,55.558,4.6,mb: 0,2.012,us: 5,"0 km NW of Narutō, Japan",earthquake: 0,6.021,0.063,74.0,us,us: 5,0-10 km: 0,shallow,light,10.504884,32.186756
3578,7,2,2023-07-09 22:11:32,24.0184,121.5484,23.068,4.6,mwr: 6,0.16,us: 5,"7 km NW of Hualien City, Taiwan",earthquake: 0,1.896,0.058,29.0,us,us: 5,0-10 km: 0,shallow,light,16.596773,-43.564392
3579,7,2,2023-07-09 22:22:59,64.0461,-22.1636,5.0,5.2,mww: 7,0.793,us: 5,"9 km SW of Álftanes, Iceland",earthquake: 0,1.812,0.04,61.0,us,us: 5,0-10 km: 0,shallow,moderate,22.41993,-61.427593
3580,7,2,2023-07-09 23:02:14,-30.1926,-177.2307,36.145,5.0,mb: 0,1.104,us: 5,"Kermadec Islands, New Zealand",earthquake: 0,5.555,0.076,55.0,us,us: 5,0-10 km: 0,shallow,moderate,-55.213036,-6.965119
3581,7,2,2023-07-10 00:08:53,33.2332,75.9099,27.461,4.9,mb: 0,2.247,us: 5,"15 km SE of Kishtwār, India",earthquake: 0,4.458,0.052,117.0,us,us: 5,0-10 km: 0,shallow,light,1.4705143,31.509407
3582,7,2,2023-07-10 01:19:22,4.1732,95.8678,64.465,4.7,mb: 0,1.502,us: 5,"28 km W of Meulaboh, Indonesia",earthquake: 0,5.994,0.074,55.0,us,us: 5,0-10 km: 0,shallow,light,30.184155,33.804176
3583,7,2,2023-07-10 08:14:21,24.0353,142.8059,30.477,4.6,mb: 0,9.42,us: 5,"Volcano Islands, Japan region",earthquake: 0,5.256,0.043,163.0,us,us: 5,0-10 km: 0,shallow,light,0.16320144,38.791172
3584,7,2,2023-07-10 10:06:56,14.5073,-93.7895,28.019,4.6,mb: 0,1.312,us: 5,"124 km SSW of La Esperanza (El Zapotal), Mexico",earthquake: 0,2.646,0.034,261.0,us,us: 5,0-10 km: 0,shallow,light,-21.73992,50.571396
3585,7,2,2023-07-10 12:05:26,7.8794,127.3975,10.0,4.8,mb: 0,1.974,us: 5,"95 km ENE of Kinablangan, Philippines",earthquake: 0,1.866,0.055,103.0,us,us: 5,0-10 km: 0,shallow,light,5.0289245,6.348627
3586,7,2,2023-07-10 13:01:11,11.3685,125.3559,70.925,5.0,mb: 0,4.277,us: 5,"17 km WSW of Cabay, Philippines",earthquake: 0,4.358,0.041,189.0,us,us: 5,0-10 km: 0,intermediate,moderate,21.251453,50.401134
3587,7,2,2023-07-10 13:49:50,-6.3477,149.3024,43.678,4.7,mb: 0,3.565,us: 5,"31 km WSW of Kandrian, Papua New Guinea",earthquake: 0,6.466,0.072,58.0,us,us: 5,0-10 km: 0,shallow,light,34.258152,32.62919
3588,7,2,2023-07-10 15:44:52,-60.263,-26.8625,29.695,4.6,mb: 0,7.94,us: 5,South Sandwich Islands region,earthquake: 0,5.134,0.146,14.0,us,us: 5,0-10 km: 0,shallow,light,-32.23412,-50.910027
3589,7,2,2023-07-10 17:28:49,-22.4637,170.0566,10.0,4.9,mb: 0,2.418,us: 5,"246 km ESE of Tadine, New Caledonia",earthquake: 0,1.793,0.082,47.0,us,us: 5,0-10 km: 0,shallow,light,10.693904,-11.496568
3590,7,2,2023-07-10 20:28:26,20.0634,-61.1021,14.0,6.6,mww: 7,2.469,us: 5,"278 km NNE of Codrington, Antigua and Barbuda",earthquake: 0,1.497,0.057,30.0,us,us: 5,0-10 km: 0,shallow,strong,44.846664,-47.95651
3591,7,2,2023-07-10 21:34:52,-34.9508,-107.7462,10.0,5.6,mww: 7,27.93,us: 5,southern East Pacific Rise,earthquake: 0,1.79,0.089,12.0,us,us: 5,20-30 km: 2,shallow,moderate,62.618183,-29.570795
3592,7,2,2023-07-10 22:49:09,40.0909,83.1965,9.552,4.6,mb: 0,3.225,us: 5,"171 km ESE of Aral, China",earthquake: 0,4.455,0.066,68.0,us,us: 5,0-10 km: 0,shallow,light,3.703002,27.865236
3593,7,2,2023-07-11 09:02:56,-60.248,-27.8296,10.0,4.6,mb: 0,7.596,us: 5,South Sandwich Islands region,earthquake: 0,1.86,0.087,39.0,us,us: 5,0-10 km: 0,shallow,light,-29.123194,-46.13292
3594,7,2,2023-07-11 09:15:27,-2.2247,-12.6658,10.0,4.8,mb: 0,5.854,us: 5,north of Ascension Island,earthquake: 0,1.84,0.098,32.0,us,us: 5,0-10 km: 0,shallow,light,-30.677963,-4.251392
3595,7,2,2023-07-11 11:14:56,16.8815,-93.9539,146.847,4.6,mb: 0,0.803,us: 5,"22 km WNW of Francisco I. Madero, Mexico",earthquake: 0,5.467,0.048,127.0,us,us: 5,0-10 km: 0,intermediate,light,-48.441246,3.615786
3596,7,2,2023-07-11 14:08:04,-56.9541,-25.2366,13.858,5.1,mb: 0,6.911,us: 5,South Sandwich Islands region,earthquake: 0,3.276,0.083,47.0,us,us: 5,0-10 km: 0,shallow,moderate,-26.192093,-47.722248
3597,7,2,2023-07-11 17:26:27,-34.849,-107.4449,10.0,5.0,mb: 0,28.712,us: 5,southern East Pacific Rise,earthquake: 0,1.773,0.048,136.0,us,us: 5,20-30 km: 2,shallow,moderate,-62.42798,-0.60104215
3598,7,2,2023-07-11 20:03:56,-25.8309,179.6562,501.407,4.6,mb: 0,4.02,us: 5,south of the Fiji Islands,earthquake: 0,7.746,0.095,36.0,us,us: 5,0-10 km: 0,deep,light,5.2890406,62.606766
3599,7,2,2023-07-11 20:41:45,-23.2687,170.2581,18.98,4.6,mb: 0,2.673,us: 5,"290 km ESE of Vao, New Caledonia",earthquake: 0,5.334,0.158,15.0,us,us: 5,0-10 km: 0,shallow,light,31.213648,14.612567
3600,7,2,2023-07-12 08:39:31,-10.1507,118.8415,16.765,5.0,mww: 7,1.683,us: 5,"90 km SSW of Tambolaka, Indonesia",earthquake: 0,3.13,0.075,17.0,us,us: 5,0-10 km: 0,shallow,moderate,30.246275,-23.297432
3601,7,2,2023-07-12 10:01:22,-26.4277,-177.9343,147.568,4.6,mb: 0,2.807,us: 5,south of the Fiji Islands,earthquake: 0,6.97,0.107,27.0,us,us: 5,0-10 km: 0,intermediate,light,-49.271507,-8.972021
3602,7,2,2023-07-12 12:05:57,-5.0805,150.8955,221.307,4.7,mb: 0,1.542,us: 5,"New Britain region, Papua New Guinea",earthquake: 0,7.146,0.073,57.0,us,us: 5,0-10 km: 0,intermediate,light,45.028847,35.18253
3603,7,2,2023-07-12 20:50:57,2.9924,127.3139,44.178,4.8,mb: 0,2.206,us: 5,"159 km NNW of Tobelo, Indonesia",earthquake: 0,7.226,0.047,141.0,us,us: 5,0-10 km: 0,shallow,light,25.909979,43.846836
3604,7,2,2023-07-12 21:41:11,-10.1666,118.7309,27.264,4.6,mb: 0,1.63,us: 5,"98 km SW of Tambolaka, Indonesia",earthquake: 0,5.533,0.09,37.0,us,us: 5,0-10 km: 0,shallow,light,34.549076,25.162762
3605,7,2,2023-07-13 02:42:08,-22.8375,-175.9172,29.496,4.7,mb: 0,1.787,us: 5,"193 km SSW of ‘Ohonua, Tonga",earthquake: 0,5.645,0.13,20.0,us,us: 5,0-10 km: 0,shallow,light,-53.06851,-13.250961
3606,7,2,2023-07-13 03:29:59,10.0272,-104.1235,10.0,5.3,mww: 7,9.231,us: 5,northern East Pacific Rise,earthquake: 0,1.63,0.048,42.0,us,us: 5,0-10 km: 0,shallow,moderate,51.68485,-51.0785
3607,7,2,2023-07-13 04:43:54,40.067,142.7592,35.0,5.0,mww: 7,1.481,us: 5,"80 km E of Noda, Japan",earthquake: 0,1.866,0.098,10.0,us,us: 5,0-10 km: 0,shallow,moderate,20.507198,-43.9282
3608,7,2,2023-07-13 07:00:14,9.9235,-104.2935,10.0,4.8,mb: 0,9.412,us: 5,northern East Pacific Rise,earthquake: 0,1.885,0.03,334.0,us,us: 5,0-10 km: 0,shallow,light,-19.789707,51.09304
3609,7,2,2023-07-13 09:08:21,-3.7414,140.1675,10.0,4.7,mb: 0,1.331,us: 5,"136 km SSW of Abepura, Indonesia",earthquake: 0,1.764,0.099,31.0,us,us: 5,0-10 km: 0,shallow,light,-0.7056486,-9.500232
3610,7,2,2023-07-13 09:11:56,-3.6915,140.1054,10.0,4.8,mb: 0,1.312,us: 5,"134 km SSW of Abepura, Indonesia",earthquake: 0,1.818,0.088,40.0,us,us: 5,0-10 km: 0,shallow,light,1.8066825,-6.873854
3611,7,2,2023-07-13 13:06:25,75.1834,135.8186,10.0,5.1,mww: 7,4.084,us: 5,"New Siberian Islands, Sakha, Russia",earthquake: 0,1.814,0.057,30.0,us,us: 5,0-10 km: 0,shallow,moderate,21.709465,-42.203903
3612,7,2,2023-07-13 14:10:40,32.7448,141.8265,10.0,4.7,mb: 0,1.732,us: 5,"Izu Islands, Japan region",earthquake: 0,1.883,0.039,199.0,us,us: 5,0-10 km: 0,shallow,light,-7.8961062,37.939102
3613,7,2,2023-07-13 15:52:08,29.8747,138.6684,436.153,5.2,mww: 7,3.372,us: 5,"Izu Islands, Japan region",earthquake: 0,5.459,0.078,16.0,us,us: 5,0-10 km: 0,deep,moderate,70.07509,0.80446726
3614,7,2,2023-07-13 20:42:35,-7.1256,129.3139,82.614,4.6,mb: 0,2.652,us: 5,"298 km ENE of Lospalos, Timor Leste",earthquake: 0,2.621,0.09,37.0,us,us: 5,0-10 km: 0,intermediate,light,15.837234,11.7814865
3615,7,2,2023-07-14 02:01:49,28.6508,143.302,10.0,5.3,mww: 7,5.365,us: 5,"Bonin Islands, Japan region",earthquake: 0,1.801,0.066,22.0,us,us: 5,0-10 km: 0,shallow,moderate,25.820488,-45.231216
3616,7,2,2023-07-14 02:44:39,-59.3761,-25.8255,57.145,5.0,mb: 0,7.757,us: 5,South Sandwich Islands region,earthquake: 0,6.076,0.089,41.0,us,us: 5,0-10 km: 0,shallow,moderate,-28.0542,-52.773487
3617,7,2,2023-07-14 09:29:00,14.9004,-93.9011,34.0,6.3,mww: 7,2.186,us: 5,"Offshore Chiapas, Mexico",earthquake: 0,1.821,0.033,89.0,us,us: 5,0-10 km: 0,shallow,strong,45.446335,-48.69463
3618,7,2,2023-07-14 14:27:23,-50.3719,139.3416,10.0,4.7,mb: 0,9.259,us: 5,western Indian-Antarctic Ridge,earthquake: 0,1.914,0.115,23.0,us,us: 5,0-10 km: 0,shallow,light,-11.063316,-39.29744
3619,7,2,2023-07-14 16:33:12,14.8727,-94.1187,35.0,5.0,mww: 7,1.199,us: 5,"off the coast of Chiapas, Mexico",earthquake: 0,1.922,0.05,38.0,us,us: 5,0-10 km: 0,shallow,moderate,53.268642,-50.930607
3620,7,3,2023-07-15 21:05:26,-63.9553,174.6172,10.0,4.6,mb: 0,12.381,us: 5,Balleny Islands region,earthquake: 0,1.915,0.117,22.0,us,us: 5,10-20 km: 1,shallow,light,-10.29734,-38.493607
3621,7,3,2023-07-15 21:11:36,48.2602,154.8056,35.0,5.0,mww: 7,5.19,us: 5,"285 km SSW of Severo-Kuril’sk, Russia",earthquake: 0,1.807,0.089,12.0,us,us: 5,0-10 km: 0,shallow,moderate,20.575945,-43.31633
3622,7,3,2023-07-16 01:13:39,-1.5112,126.4061,10.0,4.9,mb: 0,2.463,us: 5,"77 km NE of Sanana, Indonesia",earthquake: 0,1.847,0.09,39.0,us,us: 5,0-10 km: 0,shallow,light,1.7058983,-5.66494
3623,7,3,2023-07-16 06:48:21,54.3926,-160.762,25.0,7.2,mww: 7,0.973,us: 5,"106 km S of Sand Point, Alaska",earthquake: 0,1.864,0.025,156.0,us,us: 5,0-10 km: 0,shallow,major,41.80295,-48.24478
3624,7,3,2023-07-16 06:51:20,54.6283,-160.8146,35.0,5.8,mb: 0,0.748,us: 5,"81 km SSW of Sand Point, Alaska",earthquake: 0,1.985,0.174,12.0,us,us: 5,0-10 km: 0,shallow,moderate,-21.0546,13.947893
3625,7,3,2023-07-16 11:22:56,54.5699,-161.0235,42.312,4.7,mwr: 6,0.842,us: 5,"91 km SSW of Sand Point, Alaska",earthquake: 0,5.453,0.057,30.0,us,us: 5,0-10 km: 0,shallow,light,26.4531,-67.98816
3626,7,3,2023-07-16 12:00:03,32.2768,142.4582,10.0,4.8,mb: 0,2.381,us: 5,"Izu Islands, Japan region",earthquake: 0,1.839,0.039,209.0,us,us: 5,0-10 km: 0,shallow,light,-7.8117757,38.28839
3627,7,3,2023-07-16 13:44:34,18.3051,-100.8784,62.74,5.1,mww: 7,0.505,us: 5,"3 km W of Paso de Arena, Mexico",earthquake: 0,5.426,0.098,10.0,us,us: 5,0-10 km: 0,shallow,moderate,58.382866,-48.33791
3628,7,3,2023-07-16 13:47:03,73.9791,8.2274,10.0,4.6,mb: 0,4.653,us: 5,Greenland Sea,earthquake: 0,1.734,0.117,22.0,us,us: 5,0-10 km: 0,shallow,light,-30.58153,17.057327
3629,7,3,2023-07-16 16:14:00,-5.7118,148.305,140.924,5.2,mb: 0,3.841,us: 5,"106 km NNE of Finschhafen, Papua New Guinea",earthquake: 0,1.858,0.038,228.0,us,us: 5,0-10 km: 0,intermediate,moderate,21.565277,51.747833
3630,7,3,2023-07-16 19:35:48,-34.9948,-15.2181,10.0,4.9,mb: 0,31.881,us: 5,Tristan da Cunha region,earthquake: 0,1.799,0.101,31.0,us,us: 5,30-40 km: 3,shallow,light,-25.922712,-41.195583
3631,7,3,2023-07-17 00:37:11,42.8215,143.2804,121.423,4.8,mb: 0,0.811,us: 5,"12 km SSE of Obihiro, Japan",earthquake: 0,4.684,0.046,146.0,us,us: 5,0-10 km: 0,intermediate,light,3.9532518,42.536198
3632,7,3,2023-07-17 03:05:11,-38.1862,-70.4427,186.0,6.6,mww: 7,1.61,us: 5,"19 km SE of Loncopué, Argentina",earthquake: 0,1.803,0.047,44.0,us,us: 5,0-10 km: 0,intermediate,strong,57.09079,-36.31432
3633,7,3,2023-07-17 04:07:28,-2.5092,140.0921,35.0,4.7,mb: 0,0.61,us: 5,"60 km W of Abepura, Indonesia",earthquake: 0,1.877,0.106,27.0,us,us: 5,0-10 km: 0,shallow,light,-1.9666274,-10.907209
3634,7,3,2023-07-17 04:42:13,-1.5393,126.4716,10.0,5.6,mww: 7,2.464,us: 5,"79 km NE of Sanana, Indonesia",earthquake: 0,1.69,0.078,16.0,us,us: 5,0-10 km: 0,shallow,moderate,38.49887,-31.377714
3635,7,3,2023-07-17 09:46:34,-1.5166,126.3639,10.0,5.0,mb: 0,2.484,us: 5,"73 km NE of Sanana, Indonesia",earthquake: 0,1.816,0.091,53.0,us,us: 5,0-10 km: 0,shallow,moderate,2.9663656,-3.5439854
3636,7,3,2023-07-17 09:58:41,-9.3781,-75.8625,10.0,4.8,mb: 0,2.766,us: 5,"17 km ESE of Tingo María, Peru",earthquake: 0,1.79,0.042,176.0,us,us: 5,0-10 km: 0,shallow,light,-24.746973,47.283215
3637,7,3,2023-07-17 15:35:24,5.7772,124.0668,9.0,5.4,mww: 7,1.977,us: 5,"49 km SW of Malisbeng, Philippines",earthquake: 0,1.814,0.075,17.0,us,us: 5,0-10 km: 0,shallow,moderate,34.079453,-31.04296
3638,7,3,2023-07-17 16:23:37,27.6151,130.7553,18.235,4.9,mb: 0,1.837,us: 5,"146 km SE of Tatsugō, Japan",earthquake: 0,4.099,0.04,196.0,us,us: 5,0-10 km: 0,shallow,light,-1.6570115,39.160908
3639,7,3,2023-07-17 18:04:26,-29.9165,-177.2289,10.0,4.6,mb: 0,0.888,us: 5,"Kermadec Islands, New Zealand",earthquake: 0,1.77,0.114,24.0,us,us: 5,0-10 km: 0,shallow,light,-64.48662,-17.078604
3640,7,3,2023-07-17 21:59:04,53.8363,-163.5669,47.813,4.8,mww: 7,0.875,us: 5,"113 km S of False Pass, Alaska",earthquake: 0,5.686,0.083,14.0,us,us: 5,0-10 km: 0,shallow,light,26.756725,-68.31276
3641,7,3,2023-07-18 01:09:18,-22.1367,171.2191,113.106,4.8,mb: 0,3.524,us: 5,southeast of the Loyalty Islands,earthquake: 0,3.122,0.048,136.0,us,us: 5,0-10 km: 0,intermediate,light,34.777527,47.401714
3642,7,3,2023-07-18 04:07:21,-7.8816,116.6576,10.0,4.8,mb: 0,1.452,us: 5,"68 km N of Labuan Lombok, Indonesia",earthquake: 0,1.817,0.116,23.0,us,us: 5,0-10 km: 0,shallow,light,-3.060927,-11.778206
3643,7,3,2023-07-18 10:03:55,17.9317,-105.7612,10.0,4.6,mb: 0,4.621,us: 5,"181 km SW of La Manzanilla, Mexico",earthquake: 0,1.948,0.031,313.0,us,us: 5,0-10 km: 0,shallow,light,-20.147142,50.610943
3644,7,3,2023-07-18 10:13:48,17.9986,-105.731,10.0,5.6,mww: 7,4.57,us: 5,"173 km SW of La Manzanilla, Mexico",earthquake: 0,1.9,0.032,95.0,us,us: 5,0-10 km: 0,shallow,moderate,48.139267,-50.653263
3645,7,3,2023-07-18 11:06:33,54.6441,-160.8264,42.504,4.6,mb: 0,0.735,us: 5,Alaska Peninsula,earthquake: 0,6.702,0.054,102.0,us,us: 5,0-10 km: 0,shallow,light,-38.723644,29.014666
3646,7,3,2023-07-19 00:22:07,12.8,-88.0796,70.808,6.5,mww: 7,0.706,us: 5,"43 km S of Intipucá, El Salvador",earthquake: 0,3.291,0.04,59.0,us,us: 5,0-10 km: 0,intermediate,strong,45.127995,-48.33085
3647,7,3,2023-07-19 00:48:53,-24.3651,-179.9646,522.971,4.7,mb: 0,5.208,us: 5,south of the Fiji Islands,earthquake: 0,8.156,0.123,20.0,us,us: 5,0-10 km: 0,deep,light,-7.653629,75.10089
3648,7,3,2023-07-19 00:52:30,-4.1432,129.3699,148.5,4.6,mb: 0,0.653,us: 5,"101 km SSE of Amahai, Indonesia",earthquake: 0,4.436,0.125,19.0,us,us: 5,0-10 km: 0,intermediate,light,42.34428,35.008266
3649,7,3,2023-07-19 02:45:39,-35.0147,-107.69,10.0,5.2,mb: 0,7.971,us: 5,southern East Pacific Rise,earthquake: 0,1.755,0.042,186.0,us,us: 5,0-10 km: 0,shallow,moderate,-61.6379,0.12538017
3650,7,3,2023-07-19 02:46:57,12.842,-88.2108,71.486,5.0,mb: 0,0.633,us: 5,"41 km S of Chirilagua, El Salvador",earthquake: 0,4.626,0.023,585.0,us,us: 5,0-10 km: 0,intermediate,moderate,-13.922232,55.31442
3651,7,3,2023-07-19 07:26:40,36.5193,70.0961,215.106,5.1,mww: 7,2.153,us: 5,"22 km ESE of Farkhār, Afghanistan",earthquake: 0,4.283,0.061,26.0,us,us: 5,0-10 km: 0,intermediate,moderate,15.742013,-32.8358
3652,7,3,2023-07-19 10:11:36,12.7776,-88.2249,79.551,4.7,mb: 0,0.694,us: 5,"49 km S of Chirilagua, El Salvador",earthquake: 0,9.962,0.049,125.0,us,us: 5,0-10 km: 0,intermediate,light,-46.53679,6.059436
3653,7,3,2023-07-19 10:12:28,-7.9713,-74.3216,140.9,5.0,mb: 0,4.7,us: 5,"51 km NNE of Pucallpa, Peru",earthquake: 0,7.224,0.053,115.0,us,us: 5,0-10 km: 0,intermediate,moderate,-49.413284,2.3949332
3654,7,3,2023-07-19 14:29:14,-5.3849,146.083,95.738,4.6,mb: 0,4.134,us: 5,"37 km ESE of Madang, Papua New Guinea",earthquake: 0,6.389,0.058,88.0,us,us: 5,0-10 km: 0,intermediate,light,33.271454,42.21934
3655,7,3,2023-07-19 15:18:48,-3.1814,139.7735,29.42,5.2,mww: 7,1.14,us: 5,"115 km SW of Abepura, Indonesia",earthquake: 0,3.782,0.098,10.0,us,us: 5,0-10 km: 0,shallow,moderate,28.797075,-23.3373
3656,7,3,2023-07-19 16:15:13,-58.5711,-26.3937,151.034,5.2,mww: 7,7.054,us: 5,South Sandwich Islands region,earthquake: 0,4.034,0.089,12.0,us,us: 5,0-10 km: 0,intermediate,moderate,60.05454,-22.687574
3657,7,3,2023-07-19 22:38:29,-18.1503,-175.2173,213.623,4.7,mb: 0,1.257,us: 5,"141 km WNW of Neiafu, Tonga",earthquake: 0,6.089,0.068,65.0,us,us: 5,0-10 km: 0,intermediate,light,-49.863045,-3.4558272
3658,7,3,2023-07-19 23:08:07,3.1049,128.4342,214.209,4.9,mb: 0,2.551,us: 5,"north of Halmahera, Indonesia",earthquake: 0,5.177,0.054,107.0,us,us: 5,0-10 km: 0,intermediate,light,37.89769,44.7001
3659,7,3,2023-07-19 23:56:06,51.9401,178.3846,115.427,4.9,mww: 7,0.079,us: 5,"Rat Islands, Aleutian Islands, Alaska",earthquake: 0,3.618,0.054,33.0,us,us: 5,0-10 km: 0,intermediate,light,17.822569,-34.403126
3660,7,3,2023-07-20 02:44:24,18.8371,147.0789,10.0,4.7,mb: 0,3.783,us: 5,Mariana Islands region,earthquake: 0,1.832,0.068,66.0,us,us: 5,0-10 km: 0,shallow,light,-2.394862,9.733435
3661,7,3,2023-07-20 03:31:32,-1.5687,126.4517,10.0,5.2,mww: 7,2.498,us: 5,"75 km NE of Sanana, Indonesia",earthquake: 0,1.822,0.08,15.0,us,us: 5,0-10 km: 0,shallow,moderate,38.468555,-26.439026
3662,7,3,2023-07-20 07:03:35,-5.5231,151.8352,62.705,4.8,mb: 0,1.363,us: 5,"139 km SSW of Kokopo, Papua New Guinea",earthquake: 0,7.02,0.051,126.0,us,us: 5,0-10 km: 0,shallow,light,26.94556,44.39125
3663,7,3,2023-07-20 08:57:07,56.3909,-35.2019,10.0,4.6,mb: 0,7.142,us: 5,Reykjanes Ridge,earthquake: 0,1.815,0.034,250.0,us,us: 5,0-10 km: 0,shallow,light,-24.28404,33.146328
3664,7,3,2023-07-20 15:19:06,0.661,126.3662,5.991,4.6,mb: 0,1.006,us: 5,"114 km W of Ternate, Indonesia",earthquake: 0,4.484,0.07,66.0,us,us: 5,0-10 km: 0,shallow,light,24.49444,32.65191
3665,7,3,2023-07-20 18:10:17,-6.8104,129.7257,160.871,4.6,mb: 0,2.28,us: 5,Banda Sea,earthquake: 0,9.096,0.107,26.0,us,us: 5,0-10 km: 0,intermediate,light,45.13913,29.815687
3666,7,3,2023-07-20 18:30:20,-1.4068,126.5605,10.0,4.7,mb: 0,2.309,us: 5,"96 km NE of Sanana, Indonesia",earthquake: 0,1.869,0.1,30.0,us,us: 5,0-10 km: 0,shallow,light,-1.2490673,-9.134906
3667,7,3,2023-07-21 00:33:27,-1.4541,126.4713,10.0,4.7,mb: 0,2.385,us: 5,"86 km NE of Sanana, Indonesia",earthquake: 0,1.877,0.093,35.0,us,us: 5,0-10 km: 0,shallow,light,-0.18089327,-7.9405136
3668,7,3,2023-07-21 03:40:21,-5.3791,102.0612,24.947,4.8,mb: 0,1.348,us: 5,"176 km S of Bengkulu, Indonesia",earthquake: 0,4.518,0.1,31.0,us,us: 5,0-10 km: 0,shallow,light,31.225168,22.12269
3669,7,3,2023-07-21 07:48:00,-22.1073,170.1331,10.0,4.6,mb: 0,2.537,us: 5,"241 km ESE of Tadine, New Caledonia",earthquake: 0,1.924,0.119,21.0,us,us: 5,0-10 km: 0,shallow,light,2.6712275,-21.552946
3670,7,3,2023-07-21 08:10:13,-8.257,119.6531,157.132,4.9,mb: 0,1.941,us: 5,"36 km NW of Labuan Bajo, Indonesia",earthquake: 0,5.742,0.068,68.0,us,us: 5,0-10 km: 0,intermediate,light,37.655624,41.468246
3671,7,3,2023-07-21 09:31:11,-5.6901,147.6826,139.866,4.9,mb: 0,3.727,us: 5,"97 km N of Finschhafen, Papua New Guinea",earthquake: 0,6.918,0.063,79.0,us,us: 5,0-10 km: 0,intermediate,light,35.889214,42.557755
3672,7,3,2023-07-21 13:13:26,0.4809,126.4911,56.277,4.6,mb: 0,0.922,us: 5,"105 km WSW of Ternate, Indonesia",earthquake: 0,6.071,0.061,82.0,us,us: 5,0-10 km: 0,shallow,light,27.78355,36.660854
3673,7,3,2023-07-21 18:57:17,-24.5178,-175.8151,10.0,4.8,mb: 0,3.38,us: 5,south of Tonga,earthquake: 0,1.842,0.127,21.0,us,us: 5,0-10 km: 0,shallow,light,-63.41833,-19.395754
3674,7,3,2023-07-21 19:01:43,-22.7009,-175.1192,10.0,5.7,mww: 7,1.526,us: 5,"151 km S of ‘Ohonua, Tonga",earthquake: 0,1.72,0.062,25.0,us,us: 5,0-10 km: 0,shallow,moderate,63.733055,-33.43186
3675,7,3,2023-07-21 19:06:56,-22.6794,-175.4261,9.954,4.9,mb: 0,1.517,us: 5,"155 km SSW of ‘Ohonua, Tonga",earthquake: 0,6.004,0.155,14.0,us,us: 5,0-10 km: 0,shallow,light,-52.08043,-15.395857
3676,7,3,2023-07-21 22:09:14,-24.5505,-175.7148,10.0,4.9,mb: 0,3.398,us: 5,south of Tonga,earthquake: 0,1.832,0.071,62.0,us,us: 5,0-10 km: 0,shallow,light,-64.46406,-6.7347307
3677,7,4,2023-07-22 01:11:58,13.4486,-89.5828,87.347,4.6,mb: 0,2.324,us: 5,"28 km W of La Libertad, El Salvador",earthquake: 0,5.548,0.036,237.0,us,us: 5,0-10 km: 0,intermediate,light,-23.104393,53.57938
3678,7,4,2023-07-22 01:52:29,36.448,140.5928,61.713,4.8,mb: 0,1.923,us: 5,"3 km SE of Funaishikawa, Japan",earthquake: 0,3.44,0.037,231.0,us,us: 5,0-10 km: 0,shallow,light,-4.7828746,41.43546
3679,7,4,2023-07-22 10:28:21,30.5152,-41.8439,10.0,4.9,mb: 0,19.583,us: 5,northern Mid-Atlantic Ridge,earthquake: 0,1.879,0.026,462.0,us,us: 5,10-20 km: 1,shallow,light,-14.815895,53.792366
3680,7,4,2023-07-22 12:14:26,32.6728,132.0014,28.785,4.9,mb: 0,1.753,us: 5,"32 km SSE of Saiki, Japan",earthquake: 0,4.519,0.03,347.0,us,us: 5,0-10 km: 0,shallow,light,-5.773089,44.51077
3681,7,4,2023-07-22 15:03:31,-57.9435,-25.493,70.248,4.8,mb: 0,7.156,us: 5,South Sandwich Islands region,earthquake: 0,8.56,0.122,25.0,us,us: 5,0-10 km: 0,intermediate,light,-30.993853,-54.33707
3682,7,4,2023-07-23 00:23:19,-41.7171,-85.6129,10.0,4.6,mb: 0,9.424,us: 5,West Chile Rise,earthquake: 0,1.907,0.098,31.0,us,us: 5,0-10 km: 0,shallow,light,-33.45359,-33.114685
3683,7,4,2023-07-23 06:09:55,-52.4944,27.8912,10.0,4.8,mb: 0,16.68,us: 5,south of Africa,earthquake: 0,1.778,0.116,28.0,us,us: 5,10-20 km: 1,shallow,light,-31.356127,-41.966476
3684,7,4,2023-07-23 06:47:32,18.562,93.6142,10.0,4.6,mb: 0,3.899,us: 5,"172 km W of Pyay, Myanmar",earthquake: 0,1.905,0.125,22.0,us,us: 5,0-10 km: 0,shallow,light,-14.2394085,-3.3631475
3685,7,4,2023-07-23 10:55:59,12.6711,-44.5554,10.0,4.7,mb: 0,10.965,us: 5,northern Mid-Atlantic Ridge,earthquake: 0,1.861,0.036,232.0,us,us: 5,10-20 km: 1,shallow,light,-23.377071,49.471207
3686,7,4,2023-07-23 12:33:29,-8.6271,111.1186,96.623,5.1,mb: 0,1.706,us: 5,"Java, Indonesia",earthquake: 0,5.556,0.052,120.0,us,us: 5,0-10 km: 0,intermediate,moderate,24.772554,45.399452
3687,7,4,2023-07-23 16:02:25,-49.2853,-10.3998,10.0,4.9,mb: 0,16.85,us: 5,southwestern Atlantic Ocean,earthquake: 0,1.899,0.101,31.0,us,us: 5,10-20 km: 1,shallow,light,-26.787025,-43.233612
3688,7,4,2023-07-23 18:23:08,16.0371,-91.2293,10.0,4.7,mb: 0,0.905,us: 5,"13 km SSE of Maravilla Tenejapa, Mexico",earthquake: 0,1.813,0.031,312.0,us,us: 5,0-10 km: 0,shallow,light,-20.185688,50.63406
3689,7,4,2023-07-23 19:37:26,12.7817,-88.2548,76.868,4.8,mww: 7,0.686,us: 5,"50 km SSW of Chirilagua, El Salvador",earthquake: 0,4.159,0.053,34.0,us,us: 5,0-10 km: 0,intermediate,light,55.552044,-48.558044
3690,7,4,2023-07-24 02:49:56,-24.0956,178.7423,523.0,6.0,mww: 7,5.93,us: 5,"665 km S of Suva, Fiji",earthquake: 0,1.899,0.051,37.0,us,us: 5,0-10 km: 0,deep,strong,72.387375,1.6094768
3691,7,4,2023-07-24 02:56:28,-24.1096,178.7748,548.347,4.7,mb: 0,5.903,us: 5,south of the Fiji Islands,earthquake: 0,6.819,0.102,29.0,us,us: 5,0-10 km: 0,deep,light,5.04451,62.908978
3692,7,4,2023-07-24 05:01:42,-24.169,178.6547,568.363,5.0,mb: 0,5.907,us: 5,south of the Fiji Islands,earthquake: 0,6.77,0.028,417.0,us,us: 5,0-10 km: 0,deep,moderate,-0.49187407,60.009785
3693,7,4,2023-07-24 05:02:49,-24.1938,178.619,555.221,5.4,mww: 7,5.902,us: 5,south of the Fiji Islands,earthquake: 0,6.056,0.098,10.0,us,us: 5,0-10 km: 0,deep,moderate,71.433395,2.3855712
3694,7,4,2023-07-24 18:14:06,-21.8886,169.9148,10.0,4.6,mb: 0,2.398,us: 5,southeast of the Loyalty Islands,earthquake: 0,1.879,0.147,14.0,us,us: 5,0-10 km: 0,shallow,light,-3.1398003,-24.511871
3695,7,4,2023-07-25 00:25:10,-9.0432,123.9238,87.512,5.6,mww: 7,0.785,us: 5,"53 km WNW of Pante Makasar, Timor Leste",earthquake: 0,3.214,0.053,34.0,us,us: 5,0-10 km: 0,intermediate,moderate,35.602123,-19.982166
3696,7,4,2023-07-25 01:36:42,48.0778,154.955,10.0,5.1,mww: 7,5.331,us: 5,Kuril Islands,earthquake: 0,1.804,0.093,11.0,us,us: 5,0-10 km: 0,shallow,moderate,20.656649,-43.3586
3697,7,4,2023-07-25 03:57:42,-58.6731,-24.9775,35.0,4.7,mb: 0,15.852,us: 5,South Sandwich Islands region,earthquake: 0,1.852,0.13,18.0,us,us: 5,10-20 km: 1,shallow,light,-33.635757,-43.59555
3698,7,4,2023-07-25 05:11:26,-59.5091,-26.1703,45.101,4.8,mb: 0,7.699,us: 5,South Sandwich Islands region,earthquake: 0,8.319,0.086,42.0,us,us: 5,0-10 km: 0,shallow,light,-29.093903,-54.115852
3699,7,4,2023-07-25 05:44:51,37.5794,35.9482,13.116,5.5,mww: 7,0.315,us: 5,"18 km NE of Kozan, Turkey",earthquake: 0,3.551,0.045,48.0,us,us: 5,0-10 km: 0,shallow,moderate,23.09419,-56.522446
3700,7,4,2023-07-25 08:22:31,-23.1289,170.6906,10.0,4.7,mb: 0,3.036,us: 5,southeast of the Loyalty Islands,earthquake: 0,1.853,0.142,15.0,us,us: 5,0-10 km: 0,shallow,light,-1.7847617,-24.939096
3701,7,4,2023-07-25 10:35:18,17.0901,145.5391,378.901,5.6,mww: 7,1.854,us: 5,"209 km N of Saipan, Northern Mariana Islands",earthquake: 0,4.22,0.075,17.0,us,us: 5,0-10 km: 0,deep,moderate,70.31517,0.5620968
3702,7,4,2023-07-25 11:13:04,-35.6278,-71.448,93.688,4.6,mb: 0,0.137,us: 5,"8 km NNW of Colbún, Chile",earthquake: 0,5.876,0.047,133.0,us,us: 5,0-10 km: 0,intermediate,light,-51.07321,2.222231
3703,7,4,2023-07-25 13:51:43,47.9222,155.2943,10.0,4.9,mb: 0,5.414,us: 5,east of the Kuril Islands,earthquake: 0,1.854,0.038,215.0,us,us: 5,0-10 km: 0,shallow,light,-6.9290485,37.031353
3704,7,4,2023-07-25 13:52:52,48.6956,154.6087,36.985,4.6,mb: 0,4.831,us: 5,"245 km SSW of Severo-Kuril’sk, Russia",earthquake: 0,13.374,0.137,16.0,us,us: 5,0-10 km: 0,shallow,light,33.801136,1.3311642
3705,7,4,2023-07-25 13:56:24,-5.6108,110.1019,556.485,4.7,mb: 0,2.75,us: 5,"117 km NW of Batang, Indonesia",earthquake: 0,5.701,0.052,113.0,us,us: 5,0-10 km: 0,deep,light,3.571401,61.057728
3706,7,4,2023-07-25 14:40:48,-17.5762,-70.8369,10.839,4.6,mb: 0,0.92,us: 5,"8 km WNW of Locumba, Peru",earthquake: 0,3.487,0.082,45.0,us,us: 5,0-10 km: 0,shallow,light,-42.96883,-0.41845596
3707,7,4,2023-07-25 15:35:05,2.2525,126.8188,55.246,5.1,mb: 0,1.569,us: 5,"144 km WNW of Tobelo, Indonesia",earthquake: 0,5.731,0.044,165.0,us,us: 5,0-10 km: 0,shallow,moderate,22.252779,47.62667
3708,7,4,2023-07-25 15:39:22,-30.5145,-177.4644,10.0,4.6,mb: 0,1.31,us: 5,"Kermadec Islands, New Zealand",earthquake: 0,1.972,0.273,6.0,us,us: 5,0-10 km: 0,shallow,light,-49.337994,-26.758327
3709,7,4,2023-07-25 19:30:07,-11.0768,163.0416,47.637,5.0,mb: 0,3.453,us: 5,"140 km ESE of Kirakira, Solomon Islands",earthquake: 0,5.032,0.04,205.0,us,us: 5,0-10 km: 0,shallow,moderate,20.261515,49.253662
3710,7,4,2023-07-25 22:26:33,18.075,146.4364,78.797,4.9,mb: 0,2.886,us: 5,"Pagan region, Northern Mariana Islands",earthquake: 0,6.124,0.063,78.0,us,us: 5,0-10 km: 0,intermediate,light,28.266111,40.11229
3711,7,4,2023-07-26 00:25:29,-11.1804,163.2611,10.0,4.6,mb: 0,3.692,us: 5,"167 km ESE of Kirakira, Solomon Islands",earthquake: 0,1.948,0.193,8.0,us,us: 5,0-10 km: 0,shallow,light,-10.471717,-25.25826
3712,7,4,2023-07-26 00:29:59,-55.593,-26.3638,10.0,4.7,mb: 0,5.982,us: 5,South Sandwich Islands region,earthquake: 0,1.919,0.117,22.0,us,us: 5,0-10 km: 0,shallow,light,-32.05611,-44.32114
3713,7,4,2023-07-26 01:58:43,11.08,125.3622,10.0,4.7,mb: 0,16.146,us: 5,"4 km SW of Balangiga, Philippines",earthquake: 0,1.909,0.126,19.0,us,us: 5,10-20 km: 1,shallow,light,-13.59964,-6.5394745
3714,7,4,2023-07-26 02:02:42,14.821,-94.0692,35.0,4.7,mb: 0,1.202,us: 5,"118 km SW of El Palmarcito, Mexico",earthquake: 0,1.883,0.032,304.0,us,us: 5,0-10 km: 0,shallow,light,-20.48847,50.705482
3715,7,4,2023-07-26 04:26:52,-23.5178,-64.6616,10.0,4.7,mww: 7,3.284,us: 5,"23 km NW of Yuto, Argentina",earthquake: 0,1.768,0.08,15.0,us,us: 5,0-10 km: 0,shallow,light,64.78418,-42.310654
3716,7,4,2023-07-26 04:32:26,12.5501,-89.2175,45.872,4.6,mb: 0,1.12,us: 5,"104 km S of La Libertad, El Salvador",earthquake: 0,7.55,0.053,104.0,us,us: 5,0-10 km: 0,shallow,light,-46.816444,5.454386
3717,7,4,2023-07-26 05:59:26,31.969,131.6554,52.77,4.6,mb: 0,1.123,us: 5,"23 km ENE of Miyazaki, Japan",earthquake: 0,6.774,0.08,46.0,us,us: 5,0-10 km: 0,shallow,light,12.288268,31.323177
3718,7,4,2023-07-26 07:03:12,38.7467,48.8812,57.826,4.7,mb: 0,0.644,us: 5,"2 km ESE of Lankaran, Azerbaijan",earthquake: 0,5.466,0.046,141.0,us,us: 5,0-10 km: 0,shallow,light,6.0232887,35.438232
3719,7,4,2023-07-26 10:40:01,-57.9604,-23.9995,10.0,5.3,mww: 7,16.282,us: 5,South Sandwich Islands region,earthquake: 0,1.886,0.093,11.0,us,us: 5,10-20 km: 1,shallow,moderate,59.96838,-25.048586
3720,7,4,2023-07-26 12:44:35,-14.74,167.9135,13.0,6.4,mww: 7,6.734,us: 5,"96 km ENE of Port-Olry, Vanuatu",earthquake: 0,1.722,0.053,34.0,us,us: 5,0-10 km: 0,shallow,strong,41.016087,-37.848618
3721,7,4,2023-07-26 13:02:50,-14.824,168.0443,10.0,5.2,mb: 0,6.728,us: 5,"107 km ENE of Port-Olry, Vanuatu",earthquake: 0,1.868,0.072,65.0,us,us: 5,0-10 km: 0,shallow,moderate,12.503583,-7.6733656
3722,7,4,2023-07-26 13:38:00,-14.6093,168.1249,10.0,4.6,mb: 0,6.95,us: 5,"102 km SE of Sola, Vanuatu",earthquake: 0,1.97,0.172,10.0,us,us: 5,0-10 km: 0,shallow,light,-8.203628,-25.310652
3723,7,4,2023-07-26 13:59:57,-14.6621,168.0709,10.0,5.0,mb: 0,6.878,us: 5,Vanuatu,earthquake: 0,1.866,0.076,56.0,us,us: 5,0-10 km: 0,shallow,moderate,10.80113,-9.472117
3724,7,4,2023-07-26 14:51:45,-14.5633,168.0594,10.0,4.8,mb: 0,6.957,us: 5,"93 km SE of Sola, Vanuatu",earthquake: 0,1.728,0.119,22.0,us,us: 5,0-10 km: 0,shallow,light,3.8559172,-18.441696
3725,7,4,2023-07-26 15:29:17,54.6212,-161.0645,36.96,4.7,mwr: 6,0.703,us: 5,"87 km SSW of Sand Point, Alaska",earthquake: 0,4.824,0.078,16.0,us,us: 5,0-10 km: 0,shallow,light,26.340937,-68.43565
3726,7,4,2023-07-26 16:20:32,-7.3328,121.9453,10.0,5.0,mww: 7,3.172,us: 5,"145 km NNW of Maumere, Indonesia",earthquake: 0,1.826,0.098,10.0,us,us: 5,0-10 km: 0,shallow,moderate,40.615643,-23.066816
3727,7,4,2023-07-26 17:11:16,-23.324,171.4571,10.0,4.7,mb: 0,3.763,us: 5,southeast of the Loyalty Islands,earthquake: 0,1.408,0.115,23.0,us,us: 5,0-10 km: 0,shallow,light,4.204165,-21.00151
3728,7,4,2023-07-26 17:47:57,4.775,124.963,11.677,5.1,mb: 0,2.361,us: 5,"88 km SW of Sarangani, Philippines",earthquake: 0,3.796,0.045,158.0,us,us: 5,0-10 km: 0,shallow,moderate,19.118765,47.85964
3729,7,4,2023-07-26 19:36:36,-23.3173,171.4966,10.0,4.8,mb: 0,3.798,us: 5,southeast of the Loyalty Islands,earthquake: 0,1.87,0.148,14.0,us,us: 5,0-10 km: 0,shallow,light,-2.6718488,-26.118767
3730,7,4,2023-07-26 20:26:55,-14.596,168.1368,10.0,4.8,mb: 0,6.968,us: 5,"101 km SE of Sola, Vanuatu",earthquake: 0,1.81,0.064,77.0,us,us: 5,0-10 km: 0,shallow,light,10.150599,-3.288967
3731,7,4,2023-07-26 22:08:16,-14.5276,168.0891,10.0,4.7,mb: 0,7.002,us: 5,"92 km SE of Sola, Vanuatu",earthquake: 0,1.962,0.174,10.0,us,us: 5,0-10 km: 0,shallow,light,-8.218464,-25.44711
3732,7,4,2023-07-26 23:13:08,-14.5494,167.8834,11.883,5.1,mb: 0,6.884,us: 5,"82 km SSE of Sola, Vanuatu",earthquake: 0,3.912,0.063,82.0,us,us: 5,0-10 km: 0,shallow,moderate,19.361345,21.050053
3733,7,4,2023-07-26 23:38:09,31.6713,138.1849,355.524,4.8,mb: 0,1.978,us: 5,"Izu Islands, Japan region",earthquake: 0,3.418,0.041,181.0,us,us: 5,0-10 km: 0,deep,light,4.6472983,54.632133
3734,7,4,2023-07-27 00:28:58,-16.2994,-172.8553,10.0,5.5,mww: 7,3.009,us: 5,"107 km ESE of Hihifo, Tonga",earthquake: 0,1.678,0.098,10.0,us,us: 5,0-10 km: 0,shallow,moderate,66.898094,-31.951996
3735,7,4,2023-07-27 00:41:13,-14.7793,168.2003,10.0,4.9,mb: 0,6.845,us: 5,"121 km SE of Sola, Vanuatu",earthquake: 0,1.787,0.102,30.0,us,us: 5,0-10 km: 0,shallow,light,6.221542,-15.776702
3736,7,4,2023-07-27 01:25:51,-14.5653,167.8651,10.0,5.4,mww: 7,6.861,us: 5,"83 km SSE of Sola, Vanuatu",earthquake: 0,1.449,0.057,30.0,us,us: 5,0-10 km: 0,shallow,moderate,40.901623,-28.76443
3737,7,4,2023-07-27 07:03:00,-14.6812,168.0322,10.0,5.3,mww: 7,6.843,us: 5,"103 km SSE of Sola, Vanuatu",earthquake: 0,1.86,0.056,31.0,us,us: 5,0-10 km: 0,shallow,moderate,40.6801,-28.07333
3738,7,4,2023-07-27 07:32:31,-14.674,168.0829,10.0,4.7,mb: 0,6.874,us: 5,"105 km SSE of Sola, Vanuatu",earthquake: 0,1.815,0.1,39.0,us,us: 5,0-10 km: 0,shallow,light,5.4041867,-14.619989
3739,7,4,2023-07-27 09:05:33,-14.6264,167.9694,10.0,4.8,mb: 0,6.859,us: 5,"94 km SSE of Sola, Vanuatu",earthquake: 0,1.785,0.067,70.0,us,us: 5,0-10 km: 0,shallow,light,9.957307,-3.630163
3740,7,4,2023-07-27 09:15:39,-14.5703,168.0899,10.0,4.6,mb: 0,6.966,us: 5,"96 km SE of Sola, Vanuatu",earthquake: 0,1.848,0.122,20.0,us,us: 5,0-10 km: 0,shallow,light,0.915592,-19.16493
3741,7,4,2023-07-27 09:30:54,-14.6847,167.946,10.0,4.9,mb: 0,6.797,us: 5,"99 km SSE of Sola, Vanuatu",earthquake: 0,1.815,0.064,77.0,us,us: 5,0-10 km: 0,shallow,light,10.525935,-3.0928946
3742,7,4,2023-07-27 11:06:54,44.2396,147.7014,77.882,5.3,mww: 7,3.677,us: 5,"92 km ENE of Shikotan, Russia",earthquake: 0,5.071,0.098,10.0,us,us: 5,0-10 km: 0,intermediate,moderate,17.79385,-35.85579
3743,7,4,2023-07-27 11:13:01,-26.8267,-70.9902,18.504,4.6,mwr: 6,0.762,us: 5,"88 km NW of Copiapó, Chile",earthquake: 0,1.711,0.055,32.0,us,us: 5,0-10 km: 0,shallow,light,64.94701,-43.563213
3744,7,4,2023-07-27 11:43:50,-24.8104,-179.2769,401.132,5.4,mww: 7,4.578,us: 5,south of the Fiji Islands,earthquake: 0,4.788,0.098,10.0,us,us: 5,0-10 km: 0,deep,moderate,74.1424,5.31538
3745,7,4,2023-07-27 15:53:00,-22.6426,-174.9512,10.0,4.8,mb: 0,1.484,us: 5,"144 km S of ‘Ohonua, Tonga",earthquake: 0,1.798,0.055,107.0,us,us: 5,0-10 km: 0,shallow,light,-62.641804,-3.3703916
3746,7,4,2023-07-27 20:08:52,3.4173,-31.4698,10.0,4.6,mb: 0,20.175,us: 5,central Mid-Atlantic Ridge,earthquake: 0,1.87,0.063,75.0,us,us: 5,20-30 km: 2,shallow,light,-33.298576,2.296733
3747,7,4,2023-07-27 22:10:37,-14.6856,167.8003,10.0,5.0,mww: 7,6.726,us: 5,"87 km ENE of Port-Olry, Vanuatu",earthquake: 0,1.822,0.083,14.0,us,us: 5,0-10 km: 0,shallow,moderate,42.4141,-23.660465
3748,7,4,2023-07-27 22:13:55,30.35,94.8318,10.0,5.0,mb: 0,3.277,us: 5,"206 km NNE of Shi Yomi, India",earthquake: 0,1.816,0.046,148.0,us,us: 5,0-10 km: 0,shallow,moderate,-13.502974,32.318836
3749,7,4,2023-07-28 01:38:25,-1.9055,-78.0476,140.531,4.8,mb: 0,0.41,us: 5,"24 km SSW of Palora, Ecuador",earthquake: 0,4.345,0.03,336.0,us,us: 5,0-10 km: 0,intermediate,light,-19.003405,55.147564
3750,7,4,2023-07-28 02:06:12,-14.6216,167.9145,10.0,4.8,mb: 0,6.836,us: 5,Vanuatu,earthquake: 0,1.786,0.116,28.0,us,us: 5,0-10 km: 0,shallow,light,4.0702,-18.15651
3751,7,4,2023-07-28 02:11:23,-58.0555,-23.815,10.0,4.7,mb: 0,8.016,us: 5,South Sandwich Islands region,earthquake: 0,1.908,0.12,21.0,us,us: 5,0-10 km: 0,shallow,light,-32.519756,-44.188934
3752,7,4,2023-07-28 03:20:30,30.2874,94.7327,10.0,4.6,mb: 0,3.182,us: 5,"197 km N of Shi Yomi, India",earthquake: 0,1.864,0.068,64.0,us,us: 5,0-10 km: 0,shallow,light,-15.441416,19.746002
3753,7,4,2023-07-28 04:05:51,-30.1267,-176.4583,10.0,4.7,mb: 0,1.536,us: 5,Kermadec Islands region,earthquake: 0,1.881,0.209,10.0,us,us: 5,0-10 km: 0,shallow,light,-52.03633,-27.67974
3754,7,4,2023-07-28 07:03:06,-30.4395,59.8464,10.0,5.5,mww: 7,9.942,us: 5,Southwest Indian Ridge,earthquake: 0,1.823,0.063,24.0,us,us: 5,0-10 km: 0,shallow,moderate,54.901207,-26.01257
3755,7,4,2023-07-28 07:09:06,-30.5398,59.7555,10.0,4.6,mb: 0,17.011,us: 5,Southwest Indian Ridge,earthquake: 0,1.892,0.136,16.0,us,us: 5,10-20 km: 1,shallow,light,-16.838333,-36.574146
3756,7,4,2023-07-28 07:13:15,-30.5124,59.9154,10.0,5.4,mww: 7,10.032,us: 5,Southwest Indian Ridge,earthquake: 0,1.801,0.098,10.0,us,us: 5,10-20 km: 1,shallow,moderate,46.90784,-26.243776
3757,7,4,2023-07-28 07:22:13,-30.5838,60.0069,10.0,4.6,mb: 0,10.128,us: 5,Southwest Indian Ridge,earthquake: 0,1.839,0.151,13.0,us,us: 5,10-20 km: 1,shallow,light,-16.099098,-35.777416
3758,7,4,2023-07-28 07:25:20,-30.5459,59.9609,10.0,4.9,mb: 0,10.078,us: 5,Southwest Indian Ridge,earthquake: 0,1.861,0.092,37.0,us,us: 5,10-20 km: 1,shallow,light,-21.45424,-39.332893
3759,7,4,2023-07-28 07:44:34,41.3901,144.3692,10.0,4.7,mb: 0,1.102,us: 5,"133 km SE of Hiroo, Japan",earthquake: 0,1.885,0.062,78.0,us,us: 5,0-10 km: 0,shallow,light,-7.2514935,23.88049
3760,7,4,2023-07-28 07:58:55,-30.4971,59.7825,10.0,5.9,mww: 7,9.974,us: 5,Southwest Indian Ridge,earthquake: 0,1.831,0.06,27.0,us,us: 5,0-10 km: 0,shallow,moderate,55.144176,-25.7698
3761,7,4,2023-07-28 09:05:23,-14.6585,168.0385,10.0,4.8,mb: 0,6.865,us: 5,"101 km SSE of Sola, Vanuatu",earthquake: 0,1.874,0.1,31.0,us,us: 5,0-10 km: 0,shallow,light,6.0426006,-15.144902
3762,7,4,2023-07-28 13:35:22,-24.1514,-179.9869,502.509,4.7,mb: 0,5.322,us: 5,south of the Fiji Islands,earthquake: 0,6.995,0.035,252.0,us,us: 5,0-10 km: 0,deep,light,-9.84156,66.487885
3763,7,4,2023-07-28 14:42:48,-41.4547,-85.3249,10.0,4.7,mb: 0,9.179,us: 5,West Chile Rise,earthquake: 0,1.89,0.078,50.0,us,us: 5,0-10 km: 0,shallow,light,-32.298016,-31.837881
3764,7,4,2023-07-28 17:03:56,-58.7878,-25.2176,53.433,4.7,mb: 0,7.69,us: 5,South Sandwich Islands region,earthquake: 0,5.479,0.092,38.0,us,us: 5,0-10 km: 0,shallow,light,-29.353687,-51.966175
3765,7,4,2023-07-28 17:04:15,-14.7058,168.0155,10.0,4.6,mb: 0,6.814,us: 5,"104 km SSE of Sola, Vanuatu",earthquake: 0,1.485,0.125,20.0,us,us: 5,0-10 km: 0,shallow,light,0.58114845,-19.406443
3766,7,4,2023-07-28 17:38:01,-17.9647,-178.4785,598.794,5.0,mb: 0,3.311,us: 5,"233 km E of Levuka, Fiji",earthquake: 0,5.779,0.023,587.0,us,us: 5,0-10 km: 0,deep,moderate,-10.705884,62.28374
3767,7,4,2023-07-28 19:07:42,-12.6008,166.3207,56.429,4.6,mb: 0,7.001,us: 5,"194 km NW of Sola, Vanuatu",earthquake: 0,6.862,0.088,43.0,us,us: 5,0-10 km: 0,shallow,light,38.4817,27.959003
3768,7,4,2023-07-28 19:23:46,10.5368,93.5418,88.891,5.9,mww: 7,6.26,us: 5,"152 km SE of Port Blair, India",earthquake: 0,1.35,0.047,44.0,us,us: 5,0-10 km: 0,intermediate,moderate,42.387604,-35.674084
3769,7,4,2023-07-28 19:35:01,-58.7654,-25.1897,37.297,5.5,mb: 0,7.691,us: 5,South Sandwich Islands region,earthquake: 0,5.247,0.076,67.0,us,us: 5,0-10 km: 0,shallow,moderate,-25.41614,-51.770252
3770,7,4,2023-07-28 22:27:42,-8.8868,-79.3995,45.828,4.6,mb: 0,3.978,us: 5,"82 km SW of Victor Raul, Peru",earthquake: 0,2.859,0.053,108.0,us,us: 5,0-10 km: 0,shallow,light,-38.835087,3.0963922
3771,7,4,2023-07-28 23:55:46,64.61,-17.351,10.0,4.7,mb: 0,1.715,us: 5,"110 km WNW of Höfn, Iceland",earthquake: 0,1.812,0.044,159.0,us,us: 5,0-10 km: 0,shallow,light,-25.109455,31.411707
3772,7,4,2023-07-29 00:03:01,-24.3952,-175.5436,10.0,4.6,mb: 0,3.226,us: 5,south of Tonga,earthquake: 0,1.908,0.164,11.0,us,us: 5,0-10 km: 0,shallow,light,-57.488956,-26.09453
3773,7,4,2023-07-29 00:27:22,18.7421,146.9797,35.0,4.6,mb: 0,3.663,us: 5,"Pagan region, Northern Mariana Islands",earthquake: 0,1.87,0.071,59.0,us,us: 5,0-10 km: 0,shallow,light,-2.5925715,9.954724
3774,7,4,2023-07-29 03:24:30,-54.3318,-134.0299,10.0,4.8,mb: 0,31.168,us: 5,Pacific-Antarctic Ridge,earthquake: 0,1.857,0.105,29.0,us,us: 5,30-40 km: 3,shallow,light,-38.060326,-34.73418
3775,7,4,2023-07-29 06:57:42,-58.6267,-26.1765,115.496,5.4,mww: 7,16.171,us: 5,South Sandwich Islands region,earthquake: 0,6.038,0.08,15.0,us,us: 5,10-20 km: 1,intermediate,moderate,59.88354,-22.674479
3776,7,4,2023-07-29 11:19:09,1.4539,128.233,73.062,5.0,mww: 7,1.1,us: 5,"39 km SE of Tobelo, Indonesia",earthquake: 0,6.234,0.083,14.0,us,us: 5,0-10 km: 0,intermediate,moderate,28.29331,-18.83268
3777,7,4,2023-07-29 17:52:13,-20.2042,66.2488,10.0,4.6,mb: 0,2.744,us: 5,Mauritius - Reunion region,earthquake: 0,1.816,0.084,51.0,us,us: 5,0-10 km: 0,shallow,light,-21.556587,-37.509457
3778,7,4,2023-07-29 18:52:21,5.9337,-82.5082,10.0,4.6,mb: 0,2.589,us: 5,"235 km S of Burica, Panama",earthquake: 0,1.875,0.047,140.0,us,us: 5,0-10 km: 0,shallow,light,-35.75457,6.3746223
3779,7,4,2023-07-29 21:05:00,-16.7608,-173.3197,49.615,4.6,mb: 0,3.2,us: 5,"102 km SSE of Hihifo, Tonga",earthquake: 0,9.266,0.158,12.0,us,us: 5,0-10 km: 0,shallow,light,-49.337315,-15.639619
3780,7,4,2023-07-30 00:11:47,13.1412,-87.557,10.0,4.6,mb: 0,0.684,us: 5,Honduras,earthquake: 0,1.859,0.141,15.0,us,us: 5,0-10 km: 0,shallow,light,-30.951057,-10.243111
3781,7,4,2023-07-30 01:10:29,12.8061,-90.9046,9.0,5.7,mww: 7,1.544,us: 5,off the coast of Central America,earthquake: 0,1.775,0.031,102.0,us,us: 5,0-10 km: 0,shallow,moderate,47.897278,-50.484055
3782,7,4,2023-07-30 01:10:42,-54.1926,-61.6532,10.0,5.0,mww: 7,3.328,us: 5,Falkland Islands region,earthquake: 0,1.847,0.098,10.0,us,us: 5,0-10 km: 0,shallow,moderate,60.87866,-25.311918
3783,7,4,2023-07-30 02:16:24,-37.385,-73.0799,45.77,4.8,mwr: 6,0.642,us: 5,"25 km ENE of Curanilahue, Chile",earthquake: 0,4.995,0.045,47.0,us,us: 5,0-10 km: 0,shallow,light,64.529976,-44.9454
3784,7,4,2023-07-30 02:27:04,9.0817,-76.6299,50.677,5.2,mww: 7,0.342,us: 5,near the north coast of Colombia,earthquake: 0,4.528,0.041,58.0,us,us: 5,0-10 km: 0,shallow,moderate,54.206467,-48.028088
3785,7,4,2023-07-30 04:15:11,30.3856,94.8507,10.0,4.9,mb: 0,3.299,us: 5,"210 km NNE of Shi Yomi, India",earthquake: 0,1.721,0.046,148.0,us,us: 5,0-10 km: 0,shallow,light,-13.51063,32.298836
3786,7,4,2023-07-30 08:43:58,-55.923,-27.372,52.112,5.2,mb: 0,5.486,us: 5,South Sandwich Islands region,earthquake: 0,5.592,0.059,96.0,us,us: 5,0-10 km: 0,shallow,moderate,-25.303865,-52.346996
3787,7,4,2023-07-30 18:33:44,30.3618,94.8769,10.0,4.8,mb: 0,3.317,us: 5,"208 km NNE of Shi Yomi, India",earthquake: 0,1.837,0.051,118.0,us,us: 5,0-10 km: 0,shallow,light,-14.769064,29.72873
3788,7,4,2023-07-30 22:18:37,45.3114,150.1343,35.0,4.7,mb: 0,5.383,us: 5,"177 km E of Kuril’sk, Russia",earthquake: 0,1.831,0.047,137.0,us,us: 5,0-10 km: 0,shallow,light,-6.713791,32.251484
3789,7,4,2023-07-31 08:46:16,-55.7373,-27.1313,35.0,4.7,mb: 0,5.578,us: 5,South Sandwich Islands region,earthquake: 0,1.518,0.106,28.0,us,us: 5,0-10 km: 0,shallow,light,-30.640661,-45.040646
3790,7,4,2023-07-31 17:56:44,25.8684,104.1677,10.0,4.6,mb: 0,6.2,us: 5,"57 km NE of Qujing, China",earthquake: 0,1.789,0.054,103.0,us,us: 5,0-10 km: 0,shallow,light,-10.804723,24.434683
3791,7,4,2023-07-31 21:12:47,39.6413,143.3894,17.347,4.8,mb: 0,2.117,us: 5,"124 km E of Miyako, Japan",earthquake: 0,4.72,0.057,94.0,us,us: 5,0-10 km: 0,shallow,light,5.5747623,30.487059
3792,7,4,2023-07-31 21:51:17,16.3052,-97.7005,21.981,4.8,mb: 0,0.568,us: 5,"5 km ESE of Santiago Tetepec, Mexico",earthquake: 0,3.955,0.053,112.0,us,us: 5,0-10 km: 0,shallow,light,-38.332798,5.302743
3793,7,4,2023-07-31 23:07:13,-5.4649,150.7771,118.255,4.9,mb: 0,1.874,us: 5,"71 km E of Kimbe, Papua New Guinea",earthquake: 0,6.081,0.069,66.0,us,us: 5,0-10 km: 0,intermediate,light,36.24705,39.532448
3794,8,1,2023-08-01 02:20:46,-32.7142,-178.4144,10.0,4.6,mb: 0,3.467,us: 5,south of the Kermadec Islands,earthquake: 0,1.792,0.152,13.0,us,us: 5,0-10 km: 0,shallow,light,-60.069664,-25.85885
3795,8,1,2023-08-01 03:16:22,-32.2271,-178.7083,10.0,4.8,mb: 0,3.032,us: 5,south of the Kermadec Islands,earthquake: 0,1.831,0.119,22.0,us,us: 5,0-10 km: 0,shallow,light,-65.87482,-17.927801
3796,8,1,2023-08-01 03:18:24,-32.26,-178.5666,10.0,4.7,mb: 0,3.04,us: 5,south of the Kermadec Islands,earthquake: 0,1.894,0.127,19.0,us,us: 5,0-10 km: 0,shallow,light,-64.76199,-20.12374
3797,8,1,2023-08-01 08:03:19,19.256,121.2607,32.206,5.4,mww: 7,3.548,us: 5,"72 km N of Namuac, Philippines",earthquake: 0,3.863,0.065,23.0,us,us: 5,0-10 km: 0,shallow,moderate,23.521059,-37.981346
3798,8,1,2023-08-01 09:39:38,-10.1535,161.186,108.607,5.0,mww: 7,1.412,us: 5,"87 km WNW of Kirakira, Solomon Islands",earthquake: 0,5.44,0.089,12.0,us,us: 5,0-10 km: 0,intermediate,moderate,29.598253,-17.595705
3799,8,1,2023-08-01 12:13:39,-7.4818,128.1559,150.068,4.9,mb: 0,3.416,us: 5,"171 km NE of Lospalos, Timor Leste",earthquake: 0,6.733,0.051,121.0,us,us: 5,0-10 km: 0,intermediate,light,35.603382,44.23429
3800,8,1,2023-08-01 13:07:20,40.2773,140.5781,125.232,4.9,mb: 0,0.632,us: 5,"1 km ENE of Ōdate, Japan",earthquake: 0,4.964,0.024,547.0,us,us: 5,0-10 km: 0,intermediate,light,-11.245234,54.389145
3801,8,1,2023-08-01 15:06:52,38.0881,32.6486,12.017,4.8,mwr: 6,1.708,us: 5,"28 km NNE of Konya, Turkey",earthquake: 0,3.916,0.063,24.0,us,us: 5,0-10 km: 0,shallow,light,10.563347,-55.763115
3802,8,1,2023-08-01 16:49:49,54.6595,168.2148,12.393,5.7,mww: 7,5.895,us: 5,"Komandorskiye Ostrova, Russia region",earthquake: 0,1.709,0.032,93.0,us,us: 5,0-10 km: 0,shallow,moderate,32.699562,-41.68164
3803,8,1,2023-08-01 17:15:25,15.2211,39.5264,7.0,5.6,mww: 7,4.888,us: 5,Eritrea,earthquake: 0,1.699,0.073,18.0,us,us: 5,0-10 km: 0,shallow,moderate,34.034874,-34.65811
3804,8,1,2023-08-01 19:41:52,-29.0021,-177.5244,64.42,4.8,mb: 0,0.429,us: 5,"Kermadec Islands, New Zealand",earthquake: 0,4.744,0.057,104.0,us,us: 5,0-10 km: 0,shallow,light,-56.593983,-2.7319195
3805,8,1,2023-08-01 20:42:12,-32.6842,-178.4184,10.0,5.0,mb: 0,3.438,us: 5,south of the Kermadec Islands,earthquake: 0,1.805,0.082,53.0,us,us: 5,0-10 km: 0,shallow,moderate,-66.212494,-7.8111806
3806,8,1,2023-08-01 23:06:05,-32.7522,-178.1763,10.0,4.6,mb: 0,3.486,us: 5,south of the Kermadec Islands,earthquake: 0,1.904,0.224,6.0,us,us: 5,0-10 km: 0,shallow,light,-51.139874,-27.58104
3807,8,1,2023-08-01 23:25:31,-23.6517,-179.8954,543.691,4.7,mb: 0,4.995,us: 5,south of the Fiji Islands,earthquake: 0,6.415,0.083,44.0,us,us: 5,0-10 km: 0,deep,light,-8.372798,72.76343
3808,8,1,2023-08-01 23:50:09,-32.7299,-178.1831,10.0,4.9,mb: 0,3.464,us: 5,south of the Kermadec Islands,earthquake: 0,1.872,0.119,22.0,us,us: 5,0-10 km: 0,shallow,light,-66.58658,-17.685934
3809,8,1,2023-08-02 00:10:11,9.3458,93.9282,10.0,5.3,mww: 7,5.069,us: 5,"287 km SSE of Port Blair, India",earthquake: 0,1.746,0.075,17.0,us,us: 5,0-10 km: 0,shallow,moderate,32.93466,-30.960484
3810,8,1,2023-08-02 01:07:17,9.5163,94.0695,10.0,5.2,mww: 7,7.758,us: 5,"278 km SSE of Port Blair, India",earthquake: 0,1.773,0.083,14.0,us,us: 5,0-10 km: 0,shallow,moderate,29.362095,-30.518547
3811,8,1,2023-08-02 01:32:34,-21.604,-179.2848,619.0,5.8,mww: 7,3.828,us: 5,Fiji region,earthquake: 0,1.882,0.08,15.0,us,us: 5,0-10 km: 0,deep,moderate,74.181076,4.175305
3812,8,1,2023-08-02 03:36:22,15.1591,39.3496,10.0,4.8,mb: 0,4.959,us: 5,"33 km ENE of Dek’emhāre, Eritrea",earthquake: 0,1.798,0.066,72.0,us,us: 5,0-10 km: 0,shallow,light,-5.4351544,6.0892873
3813,8,1,2023-08-02 03:50:47,-32.6618,-178.6938,10.0,4.7,mb: 0,3.453,us: 5,south of the Kermadec Islands,earthquake: 0,1.752,0.183,12.0,us,us: 5,0-10 km: 0,shallow,light,-54.147545,-27.698677
3814,8,1,2023-08-02 05:13:30,15.2157,39.3303,10.0,4.7,mb: 0,5.012,us: 5,"34 km ENE of Dek’emhāre, Eritrea",earthquake: 0,1.855,0.074,55.0,us,us: 5,0-10 km: 0,shallow,light,-6.8219633,4.915809
3815,8,1,2023-08-02 11:35:18,46.8144,152.4487,75.741,4.9,mb: 0,6.642,us: 5,Kuril Islands,earthquake: 0,6.76,0.05,127.0,us,us: 5,0-10 km: 0,intermediate,light,5.0266566,40.549862
3816,8,1,2023-08-02 13:14:48,-5.8901,154.7061,207.07,4.6,mb: 0,3.043,us: 5,"98 km WNW of Panguna, Papua New Guinea",earthquake: 0,7.666,0.077,50.0,us,us: 5,0-10 km: 0,intermediate,light,44.971615,34.902557
3817,8,1,2023-08-02 14:19:55,-32.6283,-178.2,10.0,4.6,mb: 0,3.364,us: 5,south of the Kermadec Islands,earthquake: 0,1.947,0.146,14.0,us,us: 5,0-10 km: 0,shallow,light,-60.745712,-25.36736
3818,8,1,2023-08-02 21:29:59,-23.8508,-175.8651,11.272,4.8,mb: 0,2.738,us: 5,"293 km SSW of ‘Ohonua, Tonga",earthquake: 0,2.983,0.079,49.0,us,us: 5,0-10 km: 0,shallow,light,-63.741043,-8.761641
3819,8,1,2023-08-03 01:25:21,5.6396,-82.6062,7.0,5.9,mww: 7,2.843,us: 5,"266 km S of Burica, Panama",earthquake: 0,1.766,0.03,109.0,us,us: 5,0-10 km: 0,shallow,moderate,47.51083,-50.148624
3820,8,1,2023-08-03 02:15:51,-59.2643,-25.4161,25.792,4.6,mb: 0,15.423,us: 5,South Sandwich Islands region,earthquake: 0,5.267,0.117,22.0,us,us: 5,10-20 km: 1,shallow,light,-31.034506,-51.163006
3821,8,1,2023-08-03 02:18:48,34.7042,26.2947,53.353,4.7,mb: 0,1.292,us: 5,"54 km S of Palekastro, Greece",earthquake: 0,6.164,0.061,83.0,us,us: 5,0-10 km: 0,shallow,light,8.143158,33.998413
3822,8,1,2023-08-03 08:19:21,2.8096,127.1677,21.798,4.7,mb: 0,2.034,us: 5,"151 km NW of Tobelo, Indonesia",earthquake: 0,5.39,0.071,63.0,us,us: 5,0-10 km: 0,shallow,light,26.409462,32.993797
3823,8,1,2023-08-03 10:11:12,15.1709,39.3784,10.0,4.6,mb: 0,4.948,us: 5,"36 km N of Adi Keyh, Eritrea",earthquake: 0,1.816,0.081,45.0,us,us: 5,0-10 km: 0,shallow,light,-7.919073,3.9920719
3824,8,1,2023-08-03 11:39:02,9.0897,93.5963,10.0,4.8,mb: 0,7.95,us: 5,"Nicobar Islands, India region",earthquake: 0,1.825,0.105,28.0,us,us: 5,0-10 km: 0,shallow,light,-7.0254073,-4.3509016
3825,8,1,2023-08-03 14:08:10,-29.9976,-177.8138,53.187,4.9,mb: 0,0.739,us: 5,"Kermadec Islands, New Zealand",earthquake: 0,3.762,0.077,54.0,us,us: 5,0-10 km: 0,shallow,light,-56.197525,-7.193423
3826,8,1,2023-08-03 15:45:13,14.6601,147.2022,10.0,4.6,mb: 0,1.483,us: 5,"167 km ESE of Saipan, Northern Mariana Islands",earthquake: 0,1.88,0.078,55.0,us,us: 5,0-10 km: 0,shallow,light,-3.2082026,-0.09777315
3827,8,1,2023-08-03 20:26:40,-32.7571,-178.424,10.0,4.6,mb: 0,3.527,us: 5,south of the Kermadec Islands,earthquake: 0,1.834,0.141,19.0,us,us: 5,0-10 km: 0,shallow,light,-61.27125,-24.661798
3828,8,1,2023-08-03 20:31:22,-17.5056,-178.6145,549.104,4.9,mb: 0,3.187,us: 5,"227 km ENE of Levuka, Fiji",earthquake: 0,4.606,0.071,63.0,us,us: 5,0-10 km: 0,deep,light,-7.957267,71.79131
3829,8,1,2023-08-03 21:10:03,-32.844,-178.2995,10.0,4.6,mb: 0,3.586,us: 5,south of the Kermadec Islands,earthquake: 0,1.952,0.152,13.0,us,us: 5,0-10 km: 0,shallow,light,-60.08454,-25.885557
3830,8,1,2023-08-03 22:09:36,3.5131,-76.2356,161.146,5.1,mww: 7,2.323,us: 5,Colombia,earthquake: 0,5.306,0.08,15.0,us,us: 5,0-10 km: 0,intermediate,moderate,58.49463,-44.75407
3831,8,1,2023-08-03 22:44:43,-23.3413,170.9485,10.0,4.8,mb: 0,3.308,us: 5,southeast of the Loyalty Islands,earthquake: 0,1.932,0.167,11.0,us,us: 5,0-10 km: 0,shallow,light,-5.66116,-27.461422
3832,8,1,2023-08-03 23:15:39,15.1755,39.3951,10.0,4.6,mb: 0,4.94,us: 5,"36 km N of Adi Keyh, Eritrea",earthquake: 0,1.846,0.086,40.0,us,us: 5,0-10 km: 0,shallow,light,-8.228382,3.478271
3833,8,1,2023-08-04 00:31:44,-6.1265,113.093,575.691,5.5,mww: 7,2.555,us: 5,"109 km NNE of Bangkalan, Indonesia",earthquake: 0,4.105,0.068,21.0,us,us: 5,0-10 km: 0,deep,moderate,71.56514,2.0403066
3834,8,1,2023-08-04 03:05:04,33.2501,92.0029,10.0,4.9,mb: 0,3.614,us: 5,"196 km N of Nagqu, China",earthquake: 0,1.85,0.05,127.0,us,us: 5,0-10 km: 0,shallow,light,-14.401995,30.404541
3835,8,1,2023-08-04 04:39:55,-22.6409,171.8656,10.0,4.8,mb: 0,4.083,us: 5,southeast of the Loyalty Islands,earthquake: 0,1.913,0.148,14.0,us,us: 5,0-10 km: 0,shallow,light,-2.6774876,-26.102753
3836,8,1,2023-08-04 11:48:39,-0.2079,124.954,40.0,5.6,mww: 7,2.334,us: 5,"92 km SE of Modisi, Indonesia",earthquake: 0,1.939,0.063,24.0,us,us: 5,0-10 km: 0,shallow,moderate,38.37156,-32.401604
3837,8,1,2023-08-04 11:52:56,-0.2185,125.2527,58.816,4.7,mb: 0,2.332,us: 5,"117 km SE of Modisi, Indonesia",earthquake: 0,8.553,0.134,18.0,us,us: 5,0-10 km: 0,shallow,light,49.24446,5.246478
3838,8,1,2023-08-04 12:11:37,-32.7849,-67.3865,166.72,4.7,mb: 0,1.655,us: 5,"88 km W of Villa General Roca, Argentina",earthquake: 0,6.846,0.035,245.0,us,us: 5,0-10 km: 0,intermediate,light,-53.029675,1.5972203
3839,8,1,2023-08-04 12:22:12,21.9278,121.7038,10.0,4.9,mb: 0,1.057,us: 5,"99 km E of Hengchun, Taiwan",earthquake: 0,1.587,0.053,112.0,us,us: 5,0-10 km: 0,shallow,light,-11.501949,28.355429
3840,8,1,2023-08-04 12:25:19,22.0076,121.5985,10.0,4.8,mb: 0,0.938,us: 5,Taiwan region,earthquake: 0,1.875,0.06,87.0,us,us: 5,0-10 km: 0,shallow,light,-11.20333,23.316853
3841,8,1,2023-08-04 19:16:55,1.3184,97.0931,31.95,4.6,mb: 0,0.483,us: 5,"58 km W of Gunungsitoli, Indonesia",earthquake: 0,4.914,0.085,46.0,us,us: 5,0-10 km: 0,shallow,light,27.728783,23.684757
3842,8,1,2023-08-04 20:17:33,-3.9008,-80.9532,29.419,4.8,mwr: 6,3.17,us: 5,"25 km NNE of Máncora, Peru",earthquake: 0,4.171,0.083,14.0,us,us: 5,0-10 km: 0,shallow,light,58.88451,-49.28881
3843,8,1,2023-08-04 22:06:16,-5.1108,29.6299,10.0,4.8,mb: 0,4.614,us: 5,"25 km S of Kigoma, Tanzania",earthquake: 0,1.84,0.066,72.0,us,us: 5,0-10 km: 0,shallow,light,-28.26659,2.3823347
3844,8,1,2023-08-04 23:38:42,-17.8621,-173.4149,35.0,4.8,mb: 0,2.144,us: 5,"106 km NE of Neiafu, Tonga",earthquake: 0,1.894,0.069,66.0,us,us: 5,0-10 km: 0,shallow,light,-63.292503,-6.4665008
3845,8,1,2023-08-05 03:06:04,34.8611,72.8455,45.949,5.0,mb: 0,1.257,us: 5,"23 km NNW of Shingli Bala, Pakistan",earthquake: 0,6.065,0.045,160.0,us,us: 5,0-10 km: 0,shallow,moderate,0.8173859,39.61976
3846,8,1,2023-08-05 04:05:02,12.5494,144.8524,30.894,4.7,mb: 0,1.034,us: 5,"80 km S of Inarajan Village, Guam",earthquake: 0,5.317,0.06,85.0,us,us: 5,0-10 km: 0,shallow,light,24.744167,36.880108
3847,8,1,2023-08-05 04:53:52,36.5243,69.8597,46.677,4.7,mb: 0,2.088,us: 5,"5 km S of Farkhār, Afghanistan",earthquake: 0,5.932,0.06,85.0,us,us: 5,0-10 km: 0,shallow,light,8.125129,34.103523
3848,8,1,2023-08-05 07:20:06,-28.1775,-63.1836,575.0,6.2,mww: 7,4.325,us: 5,"Santiago del Estero, Argentina",earthquake: 0,1.94,0.027,132.0,us,us: 5,0-10 km: 0,deep,strong,74.28262,2.9644754
3849,8,1,2023-08-05 09:09:25,11.8507,92.0472,10.0,4.8,mb: 0,9.35,us: 5,"74 km WNW of Bamboo Flat, India",earthquake: 0,1.827,0.064,77.0,us,us: 5,0-10 km: 0,shallow,light,-0.41671297,6.5373507
3850,8,1,2023-08-05 12:12:18,-41.7041,-73.9474,48.767,4.6,mb: 0,1.865,us: 5,"21 km NNW of Ancud, Chile",earthquake: 0,7.924,0.164,12.0,us,us: 5,0-10 km: 0,shallow,light,-46.12866,-16.862791
3851,8,1,2023-08-05 14:10:22,52.3862,-31.7979,10.0,5.3,mww: 7,12.557,us: 5,northern Mid-Atlantic Ridge,earthquake: 0,1.761,0.04,59.0,us,us: 5,10-20 km: 1,shallow,moderate,22.599869,-60.536865
3852,8,1,2023-08-05 16:01:49,36.4504,70.7227,209.0,5.8,mww: 7,2.347,us: 5,"47 km SSW of Jurm, Afghanistan",earthquake: 0,1.626,0.061,26.0,us,us: 5,0-10 km: 0,intermediate,moderate,37.16248,-41.912205
3853,8,1,2023-08-05 17:38:40,-19.5528,-69.0472,100.778,5.1,mww: 7,0.18,us: 5,"Tarapaca, Chile",earthquake: 0,4.015,0.065,23.0,us,us: 5,0-10 km: 0,intermediate,moderate,60.89982,-42.6933
3854,8,1,2023-08-05 18:09:14,-23.4306,-69.6902,64.869,4.7,mwr: 6,1.357,us: 5,"76 km ENE of Antofagasta, Chile",earthquake: 0,3.706,0.059,28.0,us,us: 5,0-10 km: 0,shallow,light,63.651447,-44.42876
3855,8,1,2023-08-05 18:33:59,37.2306,116.3908,18.0,5.4,mww: 7,2.789,us: 5,"24 km S of Dezhou, China",earthquake: 0,1.738,0.068,21.0,us,us: 5,0-10 km: 0,shallow,moderate,27.113966,-46.318474
3856,8,1,2023-08-05 21:34:43,-33.7603,118.2467,10.0,5.2,mww: 7,1.184,us: 5,"64 km E of Katanning, Australia",earthquake: 0,1.799,0.093,11.0,us,us: 5,0-10 km: 0,shallow,moderate,47.05323,-25.1718
3857,8,1,2023-08-06 00:32:49,36.431,70.6689,218.046,5.3,mww: 7,2.306,us: 5,"Badakhshan, Afghanistan",earthquake: 0,4.318,0.054,33.0,us,us: 5,0-10 km: 0,intermediate,moderate,15.811655,-32.739384
3858,8,1,2023-08-06 01:44:34,-1.1715,120.2762,10.0,5.2,mww: 7,2.323,us: 5,"53 km ESE of Palu, Indonesia",earthquake: 0,1.806,0.058,29.0,us,us: 5,0-10 km: 0,shallow,moderate,37.892548,-28.093586
3859,8,1,2023-08-06 04:04:27,-54.3073,-136.6058,10.0,5.5,mww: 7,30.664,us: 5,Pacific-Antarctic Ridge,earthquake: 0,1.713,0.098,10.0,us,us: 5,30-40 km: 3,shallow,moderate,62.3519,-26.86173
3860,8,1,2023-08-06 04:33:26,-1.0937,120.3249,10.0,4.7,mb: 0,2.237,us: 5,"54 km ESE of Palu, Indonesia",earthquake: 0,1.876,0.11,27.0,us,us: 5,0-10 km: 0,shallow,light,-3.3297536,-10.332593
3861,8,1,2023-08-06 04:46:31,-1.4385,-15.1996,10.0,4.9,mb: 0,6.398,us: 5,north of Ascension Island,earthquake: 0,1.866,0.074,58.0,us,us: 5,0-10 km: 0,shallow,light,-31.86587,1.4621862
3862,8,1,2023-08-06 08:49:11,-20.6096,-113.3409,10.0,4.8,mb: 0,39.007,us: 5,southern East Pacific Rise,earthquake: 0,1.908,0.034,264.0,us,us: 5,30-40 km: 3,shallow,light,-22.15707,48.66043
3863,8,1,2023-08-06 10:09:22,-1.0804,120.281,10.0,5.3,mww: 7,2.234,us: 5,"49 km ESE of Palu, Indonesia",earthquake: 0,1.848,0.054,33.0,us,us: 5,0-10 km: 0,shallow,moderate,37.80986,-28.647596
3864,8,1,2023-08-06 10:16:25,-1.0339,120.4428,10.0,4.8,mb: 0,2.158,us: 5,"52 km NW of Poso, Indonesia",earthquake: 0,1.857,0.086,42.0,us,us: 5,0-10 km: 0,shallow,light,1.3172277,-5.824669
3865,8,1,2023-08-06 12:07:01,-56.3895,-26.6069,35.0,4.6,mb: 0,6.021,us: 5,South Sandwich Islands region,earthquake: 0,1.956,0.105,27.0,us,us: 5,0-10 km: 0,shallow,light,-30.89638,-45.68703
3866,8,1,2023-08-06 13:23:14,36.5314,70.9379,85.167,5.1,mb: 0,2.516,us: 5,"38 km SSE of Jurm, Afghanistan",earthquake: 0,6.155,0.037,245.0,us,us: 5,0-10 km: 0,intermediate,moderate,-2.7026515,42.14791
3867,8,1,2023-08-06 14:17:50,-55.7055,-27.106,12.0,5.7,mww: 7,5.586,us: 5,South Sandwich Islands region,earthquake: 0,1.804,0.098,10.0,us,us: 5,0-10 km: 0,shallow,moderate,58.702488,-24.88421
3868,8,1,2023-08-06 14:25:08,-55.6352,-26.9503,21.427,5.2,mb: 0,5.66,us: 5,South Sandwich Islands region,earthquake: 0,5.45,0.07,67.0,us,us: 5,0-10 km: 0,shallow,moderate,-26.054134,-52.143555
3869,8,1,2023-08-06 14:32:31,-19.5234,-172.9539,10.0,4.6,mb: 0,1.349,us: 5,"145 km SE of Neiafu, Tonga",earthquake: 0,1.889,0.109,25.0,us,us: 5,0-10 km: 0,shallow,light,-63.137493,-14.8076315
3870,8,1,2023-08-06 15:56:44,-55.7327,-27.1902,35.938,4.9,mb: 0,5.545,us: 5,South Sandwich Islands region,earthquake: 0,8.205,0.088,41.0,us,us: 5,0-10 km: 0,shallow,light,-28.978628,-54.07698
3871,8,1,2023-08-06 18:12:41,30.7578,131.4022,12.851,5.5,mww: 7,1.106,us: 5,"38 km E of Nishinoomote, Japan",earthquake: 0,3.138,0.057,30.0,us,us: 5,0-10 km: 0,shallow,moderate,29.598906,-43.77379
3872,8,1,2023-08-06 18:32:16,30.7684,131.4857,10.0,4.9,mb: 0,1.153,us: 5,"46 km E of Nishinoomote, Japan",earthquake: 0,1.808,0.054,110.0,us,us: 5,0-10 km: 0,shallow,light,-10.69376,28.608812
3873,8,1,2023-08-06 19:40:17,-9.6864,114.0638,42.764,4.9,mb: 0,1.212,us: 5,"141 km SSW of Muncar, Indonesia",earthquake: 0,5.26,0.071,63.0,us,us: 5,0-10 km: 0,shallow,light,28.920572,30.69295
3874,8,1,2023-08-06 20:22:04,61.3461,-139.9737,2.963,4.8,mwr: 6,0.118,us: 5,"157 km E of McCarthy, Alaska",earthquake: 0,3.513,0.042,54.0,us,us: 5,0-10 km: 0,shallow,light,25.002533,-67.14213
3875,8,1,2023-08-06 23:55:12,-55.7362,-27.2008,15.487,5.4,mww: 7,5.539,us: 5,South Sandwich Islands region,earthquake: 0,3.153,0.089,12.0,us,us: 5,0-10 km: 0,shallow,moderate,59.703457,-24.538086
3876,8,1,2023-08-07 00:57:00,45.7526,148.9028,150.707,4.6,mb: 0,4.421,us: 5,"99 km NE of Kuril’sk, Russia",earthquake: 0,5.893,0.043,161.0,us,us: 5,0-10 km: 0,intermediate,light,3.3518913,43.553425
3877,8,1,2023-08-07 04:33:07,10.6042,-86.9232,10.0,4.8,mb: 0,1.591,us: 5,"123 km WNW of Tamarindo, Costa Rica",earthquake: 0,1.763,0.03,335.0,us,us: 5,0-10 km: 0,shallow,light,-19.747858,51.05113
3878,8,1,2023-08-07 05:06:24,-55.858,-24.8151,10.0,4.6,mb: 0,6.888,us: 5,South Sandwich Islands region,earthquake: 0,1.945,0.103,28.0,us,us: 5,0-10 km: 0,shallow,light,-30.946241,-45.540573
3879,8,1,2023-08-07 06:38:44,29.5203,101.8824,10.0,4.6,mb: 0,6.597,us: 5,"53 km S of Kangding, China",earthquake: 0,1.882,0.084,42.0,us,us: 5,0-10 km: 0,shallow,light,-16.582447,17.219547
3880,8,1,2023-08-07 07:23:21,9.1915,93.7124,10.0,5.0,mww: 7,5.079,us: 5,"293 km SSE of Port Blair, India",earthquake: 0,1.775,0.086,13.0,us,us: 5,0-10 km: 0,shallow,moderate,28.91549,-29.779528
3881,8,1,2023-08-07 09:14:14,36.0856,142.0975,27.985,4.6,mb: 0,3.173,us: 5,"120 km ENE of Hasaki, Japan",earthquake: 0,5.15,0.146,14.0,us,us: 5,0-10 km: 0,shallow,light,26.92562,6.3986154
3882,8,1,2023-08-07 11:43:16,-32.5654,-177.6292,10.0,4.9,mb: 0,3.302,us: 5,south of the Kermadec Islands,earthquake: 0,1.906,0.11,26.0,us,us: 5,0-10 km: 0,shallow,light,-66.596016,-16.731054
3883,8,1,2023-08-07 13:12:48,12.6197,-89.5753,10.0,4.7,mb: 0,1.036,us: 5,"99 km SSW of La Libertad, El Salvador",earthquake: 0,1.903,0.04,191.0,us,us: 5,0-10 km: 0,shallow,light,-24.676432,48.76633
3884,8,1,2023-08-07 13:26:42,-23.4252,171.0653,10.0,4.6,mb: 0,3.431,us: 5,southeast of the Loyalty Islands,earthquake: 0,1.855,0.182,12.0,us,us: 5,0-10 km: 0,shallow,light,-9.020535,-26.988115
3885,8,1,2023-08-07 23:33:10,-15.5425,-177.4341,408.524,5.0,mb: 0,1.396,us: 5,"154 km SSE of Alo, Wallis and Futuna",earthquake: 0,5.496,0.048,139.0,us,us: 5,0-10 km: 0,deep,moderate,-7.440338,68.66481
3886,8,1,2023-08-07 23:49:01,-55.7487,-27.0444,13.0,5.6,mww: 7,5.629,us: 5,South Sandwich Islands region,earthquake: 0,1.7,0.069,20.0,us,us: 5,0-10 km: 0,shallow,moderate,58.340446,-25.507677
3887,8,2,2023-08-08 00:05:17,21.5972,121.0769,17.711,4.6,mb: 0,1.215,us: 5,"56 km SE of Hengchun, Taiwan",earthquake: 0,5.032,0.101,29.0,us,us: 5,0-10 km: 0,shallow,light,24.871296,10.585291
3888,8,2,2023-08-08 01:22:59,-9.6857,112.8598,35.0,4.9,mb: 0,1.757,us: 5,"163 km S of Dampit, Indonesia",earthquake: 0,1.879,0.09,40.0,us,us: 5,0-10 km: 0,shallow,light,2.708305,-5.2242265
3889,8,2,2023-08-08 02:37:24,30.9836,141.8681,10.0,4.9,mb: 0,3.884,us: 5,"Izu Islands, Japan region",earthquake: 0,1.811,0.045,157.0,us,us: 5,0-10 km: 0,shallow,light,-10.292542,33.20293
3890,8,2,2023-08-08 02:40:36,13.6936,124.8431,10.0,4.7,mb: 0,6.622,us: 5,"49 km E of Gigmoto, Philippines",earthquake: 0,1.854,0.106,27.0,us,us: 5,0-10 km: 0,shallow,light,-9.220695,-4.027589
3891,8,2,2023-08-08 05:28:08,0.6787,-29.1113,10.0,4.6,mb: 0,9.367,us: 5,central Mid-Atlantic Ridge,earthquake: 0,1.925,0.105,27.0,us,us: 5,0-10 km: 0,shallow,light,-30.733263,-4.620412
3892,8,2,2023-08-08 08:12:14,16.7215,-86.0272,10.0,4.8,mb: 0,2.909,us: 5,"33 km NNW of Guanaja, Honduras",earthquake: 0,1.871,0.032,308.0,us,us: 5,0-10 km: 0,shallow,light,-20.210712,50.533535
3893,8,2,2023-08-08 15:30:54,-4.2168,101.9884,66.983,4.9,mb: 0,0.975,us: 5,"55 km SW of Bengkulu, Indonesia",earthquake: 0,3.381,0.076,54.0,us,us: 5,0-10 km: 0,shallow,light,15.670127,14.54123
3894,8,2,2023-08-08 15:31:18,-5.4436,34.9505,7.0,5.5,mww: 7,4.348,us: 5,"39 km SSE of Ikungi, Tanzania",earthquake: 0,1.797,0.063,24.0,us,us: 5,0-10 km: 0,shallow,moderate,36.618156,-31.100035
3895,8,2,2023-08-08 18:38:54,-15.2082,-173.1883,42.0,6.1,mww: 7,1.877,us: 5,"105 km NE of Hihifo, Tonga",earthquake: 0,1.856,0.043,53.0,us,us: 5,0-10 km: 0,shallow,strong,61.584347,-33.892117
3896,8,2,2023-08-08 20:28:13,-5.3107,34.8895,10.0,4.8,mb: 0,4.301,us: 5,"23 km SE of Ikungi, Tanzania",earthquake: 0,1.865,0.08,48.0,us,us: 5,0-10 km: 0,shallow,light,-28.502743,-0.20521176
3897,8,2,2023-08-08 20:51:01,10.3103,-62.3573,13.203,4.8,mb: 0,3.929,us: 5,"30 km SSW of Güiria, Venezuela",earthquake: 0,3.801,0.037,235.0,us,us: 5,0-10 km: 0,shallow,light,-23.22236,50.62038
3898,8,2,2023-08-09 00:09:21,-30.5992,60.0727,10.0,4.6,mb: 0,10.165,us: 5,Southwest Indian Ridge,earthquake: 0,1.827,0.182,9.0,us,us: 5,10-20 km: 1,shallow,light,-14.385298,-34.033504
3899,8,2,2023-08-09 00:29:15,-25.3389,179.8117,505.8,4.6,mb: 0,4.379,us: 5,south of the Fiji Islands,earthquake: 0,3.334,0.059,85.0,us,us: 5,0-10 km: 0,deep,light,4.864534,61.460056
3900,8,2,2023-08-09 00:57:18,6.5014,126.3305,62.03,5.3,mww: 7,0.936,us: 5,"22 km NE of Pondaguitan, Philippines",earthquake: 0,1.642,0.089,12.0,us,us: 5,0-10 km: 0,shallow,moderate,33.062534,-28.946384
3901,8,2,2023-08-09 07:53:26,-21.9772,-65.8611,255.221,4.9,mb: 0,2.353,us: 5,"30 km WNW of Villazón, Bolivia",earthquake: 0,5.231,0.024,530.0,us,us: 5,0-10 km: 0,intermediate,light,-14.989958,56.591545
3902,8,2,2023-08-09 09:20:28,13.3986,144.1398,439.0,5.7,mww: 7,0.734,us: 5,Guam region,earthquake: 0,1.949,0.069,20.0,us,us: 5,0-10 km: 0,deep,moderate,70.757774,0.63184816
3903,8,2,2023-08-09 09:33:26,16.1516,-93.7276,103.0,5.8,mww: 7,0.661,us: 5,"7 km NNE of Tonalá, Mexico",earthquake: 0,1.863,0.037,71.0,us,us: 5,0-10 km: 0,intermediate,moderate,46.199013,-50.450916
3904,8,2,2023-08-09 15:24:27,-55.6698,-27.2631,36.709,4.8,mb: 0,5.492,us: 5,South Sandwich Islands region,earthquake: 0,2.578,0.093,36.0,us,us: 5,0-10 km: 0,shallow,light,-28.608854,-46.693993
3905,8,2,2023-08-09 17:44:20,32.5435,78.602,14.338,4.7,mb: 0,7.466,us: 5,"137 km NE of Sarāhan, India",earthquake: 0,4.099,0.055,101.0,us,us: 5,0-10 km: 0,shallow,light,2.2885535,29.881588
3906,8,2,2023-08-09 23:26:01,-3.1166,101.1695,52.426,4.9,mb: 0,2.169,us: 5,"119 km SSW of Sungai Penuh, Indonesia",earthquake: 0,5.818,0.069,66.0,us,us: 5,0-10 km: 0,shallow,light,29.399162,31.908226
3907,8,2,2023-08-10 02:00:29,-5.761,131.4651,86.496,5.2,mww: 7,1.982,us: 5,"143 km W of Tual, Indonesia",earthquake: 0,4.714,0.073,18.0,us,us: 5,0-10 km: 0,intermediate,moderate,31.434721,-18.812277
3908,8,2,2023-08-10 02:42:11,-55.6753,-26.802,10.0,4.6,mb: 0,5.75,us: 5,South Sandwich Islands region,earthquake: 0,1.937,0.129,18.0,us,us: 5,0-10 km: 0,shallow,light,-34.13155,-44.090645
3909,8,2,2023-08-10 02:44:51,-55.6033,-26.8133,10.0,4.6,mb: 0,5.731,us: 5,South Sandwich Islands region,earthquake: 0,1.836,0.151,13.0,us,us: 5,0-10 km: 0,shallow,light,-36.464764,-43.182972
3910,8,2,2023-08-10 03:11:17,4.0482,125.7234,124.686,4.7,mb: 0,3.005,us: 5,"152 km S of Sarangani, Philippines",earthquake: 0,4.356,0.066,70.0,us,us: 5,0-10 km: 0,intermediate,light,36.520706,41.00234
3911,8,2,2023-08-10 04:03:25,-55.7037,-124.8301,10.0,4.6,mb: 0,34.477,us: 5,southern East Pacific Rise,earthquake: 0,1.826,0.146,14.0,us,us: 5,30-40 km: 3,shallow,light,-40.485176,-36.632114
3912,8,2,2023-08-10 06:14:43,0.7372,121.4877,87.663,4.9,mb: 0,0.798,us: 5,"176 km W of Gorontalo, Indonesia",earthquake: 0,6.563,0.076,55.0,us,us: 5,0-10 km: 0,intermediate,light,31.62551,35.651546
3913,8,2,2023-08-10 06:48:51,6.5022,126.3047,71.051,4.9,mb: 0,0.915,us: 5,"20 km E of Nangan, Philippines",earthquake: 0,7.114,0.082,47.0,us,us: 5,0-10 km: 0,intermediate,light,31.814848,35.463993
3914,8,2,2023-08-10 06:58:37,-5.6391,133.8123,10.0,5.1,mww: 7,3.119,us: 5,"117 km E of Tual, Indonesia",earthquake: 0,1.843,0.062,25.0,us,us: 5,0-10 km: 0,shallow,moderate,38.546276,-27.31195
3915,8,2,2023-08-10 07:37:56,-1.2482,136.7271,24.799,4.6,mb: 0,4.168,us: 5,"72 km E of Biak, Indonesia",earthquake: 0,5.114,0.085,42.0,us,us: 5,0-10 km: 0,shallow,light,29.859331,24.585255
3916,8,2,2023-08-10 08:25:03,-5.718,133.7809,10.0,4.6,mb: 0,3.172,us: 5,"114 km E of Tual, Indonesia",earthquake: 0,1.805,0.103,31.0,us,us: 5,0-10 km: 0,shallow,light,-0.81339973,-10.902655
3917,8,2,2023-08-10 13:16:06,35.7902,31.3781,36.552,4.8,mb: 0,1.504,us: 5,Cyprus region,earthquake: 0,5.262,0.04,199.0,us,us: 5,0-10 km: 0,shallow,light,-2.600374,40.631153
3918,8,2,2023-08-10 17:48:01,38.2665,38.2011,10.0,5.2,mww: 7,0.832,us: 5,"5 km SW of Yeşilyurt, Turkey",earthquake: 0,1.716,0.04,60.0,us,us: 5,0-10 km: 0,shallow,moderate,21.755877,-58.052143
3919,8,2,2023-08-10 22:15:50,3.7067,126.5118,28.542,4.6,mb: 0,3.038,us: 5,"220 km SSE of Sarangani, Philippines",earthquake: 0,5.168,0.07,61.0,us,us: 5,0-10 km: 0,shallow,light,26.314589,33.306175
3920,8,2,2023-08-10 23:53:19,-40.2095,173.5365,181.278,5.1,mww: 7,0.984,us: 5,"88 km SSW of Opunake, New Zealand",earthquake: 0,4.724,0.066,22.0,us,us: 5,0-10 km: 0,intermediate,moderate,33.733173,-15.484599
3921,8,2,2023-08-11 00:14:33,41.1218,142.8297,34.0,5.9,mww: 7,0.926,us: 5,"Hokkaido, Japan region",earthquake: 0,1.682,0.05,38.0,us,us: 5,0-10 km: 0,shallow,moderate,33.629982,-44.235245
3922,8,2,2023-08-11 02:46:37,12.2018,143.6165,10.0,4.6,mb: 0,1.842,us: 5,"164 km SW of Merizo Village, Guam",earthquake: 0,1.862,0.095,35.0,us,us: 5,0-10 km: 0,shallow,light,-5.5742044,-2.0719354
3923,8,2,2023-08-11 04:47:40,-7.4501,128.2613,150.434,4.6,mb: 0,3.336,us: 5,"182 km NE of Lospalos, Timor Leste",earthquake: 0,4.175,0.087,39.0,us,us: 5,0-10 km: 0,intermediate,light,41.73336,37.797794
3924,8,2,2023-08-11 06:40:05,5.4582,-82.6038,10.0,4.6,mb: 0,3.018,us: 5,"286 km SW of Arenas, Panama",earthquake: 0,1.917,0.059,85.0,us,us: 5,0-10 km: 0,shallow,light,-35.818146,3.4559078
3925,8,2,2023-08-11 09:29:34,25.2057,141.4365,137.113,4.6,mb: 0,1.999,us: 5,"Volcano Islands, Japan region",earthquake: 0,7.232,0.111,24.0,us,us: 5,0-10 km: 0,intermediate,light,40.964386,11.995584
3926,8,2,2023-08-11 11:33:20,10.9777,-86.3425,51.686,4.8,mb: 0,1.004,us: 5,"59 km WSW of San Juan del Sur, Nicaragua",earthquake: 0,8.417,0.025,490.0,us,us: 5,0-10 km: 0,shallow,light,-15.434687,55.146175
3927,8,2,2023-08-11 16:16:25,-25.2693,-177.0119,97.736,4.7,mb: 0,4.043,us: 5,south of the Fiji Islands,earthquake: 0,11.523,0.142,15.0,us,us: 5,0-10 km: 0,intermediate,light,-48.753613,-14.814685
3928,8,2,2023-08-11 17:59:59,7.3532,-75.5745,51.158,4.9,mwr: 6,1.156,us: 5,"21 km WNW of Valdivia, Colombia",earthquake: 0,4.958,0.083,14.0,us,us: 5,0-10 km: 0,shallow,light,58.27256,-49.07491
3929,8,2,2023-08-12 04:24:25,29.3408,130.5714,40.881,4.6,mb: 0,2.164,us: 5,"99 km S of Koshima, Japan",earthquake: 0,6.841,0.074,55.0,us,us: 5,0-10 km: 0,shallow,light,11.941498,31.738298
3930,8,2,2023-08-12 13:20:17,-0.6518,121.2134,18.433,5.0,mww: 7,1.606,us: 5,"96 km NNE of Poso, Indonesia",earthquake: 0,3.537,0.073,18.0,us,us: 5,0-10 km: 0,shallow,moderate,29.714655,-23.579134
3931,8,2,2023-08-12 13:39:16,38.2878,38.2075,10.0,4.7,mwr: 6,0.81,us: 5,"3 km WSW of Yeşilyurt, Turkey",earthquake: 0,1.552,0.059,28.0,us,us: 5,0-10 km: 0,shallow,light,13.964825,-57.44109
3932,8,2,2023-08-12 17:17:56,-6.213,149.2741,66.673,4.8,mb: 0,3.509,us: 5,"30 km W of Kandrian, Papua New Guinea",earthquake: 0,5.536,0.065,81.0,us,us: 5,0-10 km: 0,shallow,light,33.002,38.44683
3933,8,2,2023-08-12 22:41:22,-1.4203,145.5629,10.0,4.8,mb: 0,4.977,us: 5,"201 km WNW of Lorengau, Papua New Guinea",earthquake: 0,1.862,0.095,34.0,us,us: 5,0-10 km: 0,shallow,light,1.1174114,-7.3036757
3934,8,2,2023-08-12 23:43:24,-30.0534,-176.3112,10.0,4.9,mb: 0,1.607,us: 5,Kermadec Islands region,earthquake: 0,1.742,0.12,22.0,us,us: 5,0-10 km: 0,shallow,light,-66.58131,-17.706854
3935,8,2,2023-08-12 23:52:59,-17.254,-68.8806,182.306,4.8,mb: 0,0.662,us: 5,"78 km SSE of Desaguadero, Peru",earthquake: 0,5.106,0.061,84.0,us,us: 5,0-10 km: 0,intermediate,light,-48.522163,-1.2113059
3936,8,2,2023-08-13 01:10:03,-56.5086,147.2782,10.0,4.8,mb: 0,6.925,us: 5,west of Macquarie Island,earthquake: 0,1.846,0.111,26.0,us,us: 5,0-10 km: 0,shallow,light,-10.698583,-39.45097
3937,8,2,2023-08-13 01:43:10,20.4838,121.5736,50.086,5.4,mww: 7,2.367,us: 5,"41 km W of Basco, Philippines",earthquake: 0,4.579,0.059,28.0,us,us: 5,0-10 km: 0,shallow,moderate,23.52662,-37.62647
3938,8,2,2023-08-13 04:09:25,-6.4047,148.7654,19.848,5.7,mww: 7,3.378,us: 5,"89 km WSW of Kandrian, Papua New Guinea",earthquake: 0,3.357,0.049,40.0,us,us: 5,0-10 km: 0,shallow,moderate,35.95006,-24.355528
3939,8,2,2023-08-13 06:22:03,14.3381,-89.7713,236.904,4.8,mb: 0,0.433,us: 5,"6 km W of Asunción Mita, Guatemala",earthquake: 0,6.539,0.028,391.0,us,us: 5,0-10 km: 0,intermediate,light,-17.540512,55.57852
3940,8,2,2023-08-13 07:49:31,35.2795,23.8505,10.0,5.1,mb: 0,0.851,us: 5,"16 km ENE of Palaióchora, Greece",earthquake: 0,1.802,0.03,355.0,us,us: 5,0-10 km: 0,shallow,moderate,-16.316526,48.607033
3941,8,2,2023-08-13 10:10:18,12.4678,48.1268,10.0,4.6,mb: 0,5.249,us: 5,"144 km N of Las Khorey, Somalia",earthquake: 0,1.887,0.068,65.0,us,us: 5,0-10 km: 0,shallow,light,-6.7220645,5.976491
3942,8,2,2023-08-13 12:06:21,21.7184,121.063,10.0,4.7,mb: 0,1.094,us: 5,Taiwan region,earthquake: 0,1.859,0.059,87.0,us,us: 5,0-10 km: 0,shallow,light,-11.013522,22.866083
3943,8,2,2023-08-13 13:37:06,-57.9695,-25.6637,55.829,4.6,mb: 0,7.086,us: 5,South Sandwich Islands region,earthquake: 0,7.175,0.122,27.0,us,us: 5,0-10 km: 0,shallow,light,-31.443811,-53.581146
3944,8,2,2023-08-14 07:25:26,-41.1896,85.505,10.0,4.9,mb: 0,7.01,us: 5,southeast Indian Ridge,earthquake: 0,1.816,0.089,40.0,us,us: 5,0-10 km: 0,shallow,light,-21.773518,-40.426914
3945,8,2,2023-08-14 08:01:01,-40.9939,43.6407,10.0,4.6,mb: 0,8.058,us: 5,Southwest Indian Ridge,earthquake: 0,1.881,0.11,25.0,us,us: 5,0-10 km: 0,shallow,light,-19.495626,-39.52173
3946,8,2,2023-08-14 10:33:27,11.2401,91.8215,18.719,4.6,mb: 0,9.941,us: 5,"110 km WSW of Bamboo Flat, India",earthquake: 0,4.608,0.092,35.0,us,us: 5,0-10 km: 0,shallow,light,27.739748,21.879927
3947,8,2,2023-08-14 10:39:58,-43.5041,39.1083,10.0,6.0,mww: 7,9.501,us: 5,Prince Edward Islands region,earthquake: 0,1.73,0.073,18.0,us,us: 5,0-10 km: 0,shallow,strong,56.10215,-25.687868
3948,8,2,2023-08-14 11:12:21,9.254,93.9135,10.0,4.8,mb: 0,5.005,us: 5,"295 km SSE of Port Blair, India",earthquake: 0,1.857,0.063,77.0,us,us: 5,0-10 km: 0,shallow,light,-0.32289442,6.4791307
3949,8,2,2023-08-14 13:51:53,13.347,147.5297,8.0,6.1,mww: 7,2.528,us: 5,Mariana Islands region,earthquake: 0,1.434,0.052,36.0,us,us: 5,0-10 km: 0,shallow,strong,38.445324,-37.38492
3950,8,2,2023-08-14 14:49:48,24.9796,92.2481,36.648,5.3,mww: 7,2.358,us: 5,"16 km NW of Karīmganj, India",earthquake: 0,4.095,0.093,11.0,us,us: 5,0-10 km: 0,shallow,moderate,21.476772,-35.05883
3951,8,2,2023-08-14 15:07:05,17.892,122.4817,10.457,4.6,mb: 0,5.074,us: 5,"60 km E of Awallan, Philippines",earthquake: 0,4.286,0.069,63.0,us,us: 5,0-10 km: 0,shallow,light,8.614568,28.044193
3952,8,2,2023-08-14 15:55:11,7.3503,-75.5598,54.24,4.9,mb: 0,1.152,us: 5,"19 km WNW of Valdivia, Colombia",earthquake: 0,4.829,0.027,448.0,us,us: 5,0-10 km: 0,shallow,light,-15.760721,54.60957
3953,8,2,2023-08-14 22:13:12,53.7138,-164.4125,36.497,5.0,mww: 7,0.767,us: 5,"101 km ESE of Akutan, Alaska",earthquake: 0,2.64,0.049,40.0,us,us: 5,0-10 km: 0,shallow,moderate,25.727436,-66.51475
3954,8,3,2023-08-15 03:54:02,-8.3786,121.4462,173.0,5.5,mww: 7,3.104,us: 5,"Flores region, Indonesia",earthquake: 0,1.877,0.063,24.0,us,us: 5,0-10 km: 0,intermediate,moderate,44.520782,-34.245594
3955,8,3,2023-08-15 07:06:32,-10.4344,-74.7906,117.741,4.8,mww: 7,2.537,us: 5,"54 km N of Santa Rosa, Peru",earthquake: 0,4.899,0.093,11.0,us,us: 5,0-10 km: 0,intermediate,light,60.57625,-45.36734
3956,8,3,2023-08-15 13:22:19,48.2638,154.3091,58.125,4.6,mb: 0,5.307,us: 5,"298 km SSW of Severo-Kuril’sk, Russia",earthquake: 0,6.006,0.05,119.0,us,us: 5,0-10 km: 0,shallow,light,5.9651384,39.61594
3957,8,3,2023-08-15 15:00:43,49.2125,155.9804,38.014,4.6,mb: 0,4.048,us: 5,"163 km S of Severo-Kuril’sk, Russia",earthquake: 0,6.72,0.083,44.0,us,us: 5,0-10 km: 0,shallow,light,12.9996805,29.968214
3958,8,3,2023-08-15 16:20:51,50.897,-178.1189,10.0,4.7,mb: 0,0.789,us: 5,"149 km SW of Adak, Alaska",earthquake: 0,1.798,0.033,282.0,us,us: 5,0-10 km: 0,shallow,light,-18.264715,49.147205
3959,8,3,2023-08-15 16:55:51,-5.5885,153.6785,10.0,4.6,mb: 0,2.051,us: 5,"208 km SE of Kokopo, Papua New Guinea",earthquake: 0,1.837,0.114,23.0,us,us: 5,0-10 km: 0,shallow,light,-1.6130117,-13.797112
3960,8,3,2023-08-15 17:07:31,24.8191,125.4234,38.993,5.0,mb: 0,1.167,us: 5,"southwestern Ryukyu Islands, Japan",earthquake: 0,5.639,0.048,145.0,us,us: 5,0-10 km: 0,shallow,moderate,1.53467,38.362144
3961,8,3,2023-08-15 23:40:20,0.762,-29.6556,10.0,4.8,mb: 0,9.041,us: 5,central Mid-Atlantic Ridge,earthquake: 0,1.843,0.103,29.0,us,us: 5,0-10 km: 0,shallow,light,-30.911802,-4.7530704
3962,8,3,2023-08-16 01:37:31,40.2712,53.143,50.639,5.1,mww: 7,3.164,us: 5,"31 km NNE of Türkmenbaşy, Turkmenistan",earthquake: 0,3.71,0.063,24.0,us,us: 5,0-10 km: 0,shallow,moderate,19.817934,-55.40296
3963,8,3,2023-08-16 02:06:46,-22.5322,169.7802,10.0,4.7,mb: 0,2.158,us: 5,"224 km ESE of Tadine, New Caledonia",earthquake: 0,1.903,0.159,12.0,us,us: 5,0-10 km: 0,shallow,light,-5.1047163,-26.348942
3964,8,3,2023-08-16 04:09:04,-12.5848,167.0795,225.341,5.0,mww: 7,7.668,us: 5,"151 km NNW of Sola, Vanuatu",earthquake: 0,4.46,0.093,11.0,us,us: 5,0-10 km: 0,intermediate,moderate,31.118418,-15.082912
3965,8,3,2023-08-16 07:34:35,49.1942,156.1167,41.881,4.7,mb: 0,4.044,us: 5,"164 km S of Severo-Kuril’sk, Russia",earthquake: 0,6.82,0.066,69.0,us,us: 5,0-10 km: 0,shallow,light,7.9870434,38.332836
3966,8,3,2023-08-16 10:32:04,-41.5361,-83.8077,10.0,4.8,mb: 0,8.059,us: 5,West Chile Rise,earthquake: 0,1.9,0.085,43.0,us,us: 5,0-10 km: 0,shallow,light,-32.271782,-32.306194
3967,8,3,2023-08-16 12:47:39,-13.8882,167.2249,188.0,6.5,mww: 7,7.196,us: 5,"35 km W of Sola, Vanuatu",earthquake: 0,1.922,0.068,21.0,us,us: 5,0-10 km: 0,intermediate,strong,44.80344,-36.403355
3968,8,3,2023-08-16 13:29:33,39.8033,141.7437,67.012,4.6,mb: 0,1.114,us: 5,"7 km SW of Iwaizumi, Japan",earthquake: 0,6.316,0.085,41.0,us,us: 5,0-10 km: 0,shallow,light,12.966868,30.347347
3969,8,3,2023-08-16 14:36:59,37.6374,35.4222,10.0,4.7,mb: 0,0.735,us: 5,"10 km NNE of Aladağ, Turkey",earthquake: 0,1.833,0.051,116.0,us,us: 5,0-10 km: 0,shallow,light,-18.187674,29.024706
3970,8,3,2023-08-16 15:11:51,49.2065,155.9953,38.943,4.7,mb: 0,4.052,us: 5,"163 km S of Severo-Kuril’sk, Russia",earthquake: 0,4.567,0.081,47.0,us,us: 5,0-10 km: 0,shallow,light,10.659737,28.953527
3971,8,3,2023-08-16 16:00:22,-24.5924,-176.008,28.948,5.5,mww: 7,4.941,us: 5,south of the Fiji Islands,earthquake: 0,3.906,0.098,10.0,us,us: 5,0-10 km: 0,shallow,moderate,67.92623,-35.287277
3972,8,3,2023-08-16 16:39:59,-24.4151,-175.9653,29.853,4.9,mb: 0,3.306,us: 5,south of Tonga,earthquake: 0,5.071,0.086,42.0,us,us: 5,0-10 km: 0,shallow,light,-55.298676,-7.7421675
3973,8,3,2023-08-16 18:43:47,49.1492,156.2261,30.768,4.8,mb: 0,4.071,us: 5,"169 km S of Severo-Kuril’sk, Russia",earthquake: 0,1.562,0.039,210.0,us,us: 5,0-10 km: 0,shallow,light,-6.817316,36.9478
3974,8,3,2023-08-16 21:05:42,-4.2559,152.9977,13.277,4.6,mb: 0,0.834,us: 5,"81 km E of Kokopo, Papua New Guinea",earthquake: 0,4.232,0.107,26.0,us,us: 5,0-10 km: 0,shallow,light,31.648834,20.328737
3975,8,3,2023-08-16 22:53:09,1.511,126.3738,55.646,4.6,mb: 0,1.235,us: 5,"137 km NW of Ternate, Indonesia",earthquake: 0,3.922,0.087,39.0,us,us: 5,0-10 km: 0,shallow,light,28.306255,24.471819
3976,8,3,2023-08-17 04:28:48,-7.4965,105.5471,54.787,5.4,mww: 7,2.085,us: 5,"124 km WSW of Pelabuhanratu, Indonesia",earthquake: 0,5.401,0.078,16.0,us,us: 5,0-10 km: 0,shallow,moderate,30.641388,-20.279037
3977,8,3,2023-08-17 11:12:39,14.3641,-93.1958,47.103,4.7,mb: 0,1.05,us: 5,"92 km WSW of Puerto Madero, Mexico",earthquake: 0,6.093,0.032,294.0,us,us: 5,0-10 km: 0,shallow,light,-20.475834,53.86605
3978,8,3,2023-08-17 13:16:05,4.3786,96.2924,10.0,4.6,mb: 0,1.067,us: 5,"31 km NE of Meulaboh, Indonesia",earthquake: 0,1.873,0.11,25.0,us,us: 5,0-10 km: 0,shallow,light,-5.6842136,-8.66412
3979,8,3,2023-08-17 13:28:36,7.3186,-75.5964,52.251,4.6,mb: 0,1.122,us: 5,"22 km W of Valdivia, Colombia",earthquake: 0,6.963,0.049,125.0,us,us: 5,0-10 km: 0,shallow,light,-47.221424,5.476133
3980,8,3,2023-08-17 15:22:57,-49.0934,109.3769,10.0,4.6,mb: 0,17.188,us: 5,southeast Indian Ridge,earthquake: 0,1.909,0.132,17.0,us,us: 5,10-20 km: 1,shallow,light,-11.933757,-38.41013
3981,8,3,2023-08-17 16:31:40,-23.6941,-175.5754,19.791,5.1,mww: 7,2.536,us: 5,"268 km SSW of ‘Ohonua, Tonga",earthquake: 0,3.343,0.093,11.0,us,us: 5,0-10 km: 0,shallow,moderate,68.522675,-34.789192
3982,8,3,2023-08-17 16:41:01,-0.3289,-19.5802,10.0,6.0,mww: 7,9.017,us: 5,central Mid-Atlantic Ridge,earthquake: 0,1.788,0.057,30.0,us,us: 5,0-10 km: 0,shallow,strong,48.415302,-47.330544
3983,8,3,2023-08-17 17:04:48,4.3463,-73.6199,10.0,6.1,mww: 7,0.857,us: 5,"10 km E of El Calvario, Colombia",earthquake: 0,1.789,0.063,24.0,us,us: 5,0-10 km: 0,shallow,strong,47.959385,-47.445896
3984,8,3,2023-08-17 17:17:17,4.258,-73.5289,10.0,5.6,mww: 7,0.982,us: 5,"3 km E of Restrepo, Colombia",earthquake: 0,1.776,0.089,12.0,us,us: 5,0-10 km: 0,shallow,moderate,53.189106,-54.08507
3985,8,3,2023-08-17 17:40:16,4.2285,-73.6849,10.0,4.9,mb: 0,0.882,us: 5,"11 km NW of Villavicencio, Colombia",earthquake: 0,1.804,0.068,67.0,us,us: 5,0-10 km: 0,shallow,light,-34.076885,1.9106148
3986,8,3,2023-08-17 21:11:31,16.9733,-85.4677,10.0,4.7,mb: 0,3.382,us: 5,"70 km NE of Savannah Bight, Honduras",earthquake: 0,1.892,0.048,133.0,us,us: 5,0-10 km: 0,shallow,light,-36.02049,6.475269
3987,8,3,2023-08-18 00:28:59,-21.7061,170.6675,131.439,4.6,mb: 0,3.119,us: 5,"279 km SSE of Isangel, Vanuatu",earthquake: 0,6.87,0.101,29.0,us,us: 5,0-10 km: 0,intermediate,light,41.57341,33.273766
3988,8,3,2023-08-18 00:34:23,30.2955,138.3518,442.737,4.6,mb: 0,3.068,us: 5,"Izu Islands, Japan region",earthquake: 0,4.652,0.03,322.0,us,us: 5,0-10 km: 0,deep,light,-0.9454237,58.45496
3989,8,3,2023-08-18 01:15:26,4.3633,-73.485,10.0,5.0,mb: 0,0.961,us: 5,"10 km N of Cumaral, Colombia",earthquake: 0,1.826,0.034,279.0,us,us: 5,0-10 km: 0,shallow,moderate,-21.236444,49.748604
3990,8,3,2023-08-18 04:33:49,0.2594,121.926,194.594,4.8,mb: 0,1.423,us: 5,"Minahasa, Sulawesi, Indonesia",earthquake: 0,1.83,0.068,68.0,us,us: 5,0-10 km: 0,intermediate,light,41.597,40.242355
3991,8,3,2023-08-18 06:37:33,9.5714,93.9359,10.0,4.7,mb: 0,5.247,us: 5,"265 km SSE of Port Blair, India",earthquake: 0,0.892,0.089,38.0,us,us: 5,0-10 km: 0,shallow,light,-5.2686505,0.8043006
3992,8,3,2023-08-18 06:40:50,9.0272,93.9337,10.0,4.6,mb: 0,4.815,us: 5,"Nicobar Islands, India region",earthquake: 0,1.796,0.104,28.0,us,us: 5,0-10 km: 0,shallow,light,-7.804025,-3.1192846
3993,8,3,2023-08-18 07:32:38,9.1561,93.9692,10.0,4.7,mb: 0,4.894,us: 5,"Nicobar Islands, India region",earthquake: 0,1.88,0.086,41.0,us,us: 5,0-10 km: 0,shallow,light,-4.603668,1.2469348
3994,8,3,2023-08-18 07:57:57,-0.4522,-19.7274,10.0,5.7,mww: 7,15.797,us: 5,central Mid-Atlantic Ridge,earthquake: 0,1.848,0.059,28.0,us,us: 5,10-20 km: 1,shallow,moderate,49.287067,-47.814167
3995,8,3,2023-08-18 08:17:57,52.2127,151.1538,589.45,4.6,mb: 0,4.085,us: 5,Sea of Okhotsk,earthquake: 0,6.052,0.046,140.0,us,us: 5,0-10 km: 0,deep,light,3.3560174,59.018555
3996,8,3,2023-08-18 10:27:55,-16.0718,-75.0613,23.218,5.4,mww: 7,4.413,us: 5,"78 km S of San Juan, Peru",earthquake: 0,4.544,0.063,24.0,us,us: 5,0-10 km: 0,shallow,moderate,61.75589,-40.486755
3997,8,3,2023-08-18 10:56:40,-9.3256,-78.9356,78.52,4.6,mb: 0,2.241,us: 5,"46 km SW of Chimbote, Peru",earthquake: 0,3.647,0.062,78.0,us,us: 5,0-10 km: 0,intermediate,light,-39.340607,2.9279475
3998,8,3,2023-08-18 12:17:03,17.7173,-81.813,10.0,4.7,mb: 0,4.104,us: 5,"179 km SSW of George Town, Cayman Islands",earthquake: 0,1.875,0.033,274.0,us,us: 5,0-10 km: 0,shallow,light,-21.10025,50.26633
3999,8,3,2023-08-18 12:49:36,-1.6699,134.6227,29.863,4.7,mb: 0,2.677,us: 5,"53 km ESE of Ransiki, Indonesia",earthquake: 0,5.708,0.071,61.0,us,us: 5,0-10 km: 0,shallow,light,26.901377,33.240013
4000,8,3,2023-08-18 13:09:22,-17.8973,-174.3258,64.449,4.8,mb: 0,0.809,us: 5,"90 km NNW of Neiafu, Tonga",earthquake: 0,6.718,0.041,184.0,us,us: 5,0-10 km: 0,shallow,light,-57.57726,0.92148405
4001,8,3,2023-08-18 16:10:03,27.8701,53.9308,10.0,4.8,mb: 0,3.555,us: 5,"30 km NW of Gerāsh, Iran",earthquake: 0,1.874,0.05,125.0,us,us: 5,0-10 km: 0,shallow,light,-16.257215,30.268732
4002,8,3,2023-08-18 18:33:04,42.3156,143.0491,61.192,4.9,mww: 7,0.311,us: 5,"20 km W of Hiroo, Japan",earthquake: 0,3.512,0.098,10.0,us,us: 5,0-10 km: 0,shallow,light,17.630102,-37.26941
4003,8,3,2023-08-18 18:35:15,12.8171,124.306,93.081,4.9,mb: 0,5.847,us: 5,"16 km NNW of Biri, Philippines",earthquake: 0,6.026,0.071,68.0,us,us: 5,0-10 km: 0,intermediate,light,28.852118,40.152184
4004,8,3,2023-08-18 20:39:13,-29.6046,-112.4033,10.0,5.4,mww: 7,3.574,us: 5,Easter Island region,earthquake: 0,1.74,0.093,11.0,us,us: 5,0-10 km: 0,shallow,moderate,63.431374,-30.121147
4005,8,3,2023-08-19 03:43:26,36.2782,70.8513,101.283,4.6,mb: 0,2.277,us: 5,"65 km S of Jurm, Afghanistan",earthquake: 0,6.801,0.049,123.0,us,us: 5,0-10 km: 0,intermediate,light,7.4648776,35.700603
4006,8,3,2023-08-19 06:34:36,8.9217,126.292,69.143,4.8,mb: 0,1.971,us: 5,"1 km SSE of Bacolod, Philippines",earthquake: 0,7.513,0.064,76.0,us,us: 5,0-10 km: 0,shallow,light,29.592321,39.038143
4007,8,3,2023-08-19 07:31:49,29.533,104.9421,10.0,4.7,mb: 0,4.021,us: 5,"12 km WSW of Neijiang, China",earthquake: 0,1.778,0.073,56.0,us,us: 5,0-10 km: 0,shallow,light,-15.213989,19.147463
4008,8,3,2023-08-19 11:27:03,-16.0336,-75.0694,24.4,4.8,mb: 0,4.375,us: 5,"74 km S of San Juan, Peru",earthquake: 0,5.597,0.046,147.0,us,us: 5,0-10 km: 0,shallow,light,-51.258938,3.585792
4009,8,3,2023-08-19 14:46:08,30.3522,94.7507,10.0,5.0,mb: 0,3.208,us: 5,"205 km N of Shi Yomi, India",earthquake: 0,1.857,0.048,140.0,us,us: 5,0-10 km: 0,shallow,moderate,-13.546225,31.90838
4010,8,3,2023-08-19 15:20:35,26.3499,92.845,35.0,4.8,mb: 0,3.669,us: 5,"31 km S of Tezpur, India",earthquake: 0,1.898,0.059,89.0,us,us: 5,0-10 km: 0,shallow,light,-12.560956,25.585276
4011,8,3,2023-08-19 16:12:28,-29.8982,-177.8084,58.1,4.6,mb: 0,0.641,us: 5,"Kermadec Islands, New Zealand",earthquake: 0,7.18,0.105,30.0,us,us: 5,0-10 km: 0,shallow,light,-51.541504,-10.905145
4012,8,3,2023-08-19 18:16:33,-36.9379,177.4247,202.476,4.8,mb: 0,0.94,us: 5,"106 km NW of Hicks Bay, New Zealand",earthquake: 0,4.722,0.069,71.0,us,us: 5,0-10 km: 0,intermediate,light,39.71547,42.554295
4013,8,3,2023-08-19 22:59:30,1.7638,128.8495,10.0,4.6,mb: 0,1.78,us: 5,"Halmahera, Indonesia",earthquake: 0,1.604,0.109,25.0,us,us: 5,0-10 km: 0,shallow,light,-4.054237,-9.627562
4014,8,3,2023-08-19 23:06:55,30.2806,94.9315,10.0,4.6,mb: 0,3.35,us: 5,"201 km NNE of Shi Yomi, India",earthquake: 0,1.861,0.083,44.0,us,us: 5,0-10 km: 0,shallow,light,-16.73614,17.448318
4015,8,3,2023-08-19 23:10:59,14.8785,144.3949,10.0,5.4,mww: 7,1.361,us: 5,"132 km W of San Jose Village, Northern Mariana Islands",earthquake: 0,1.822,0.054,33.0,us,us: 5,0-10 km: 0,shallow,moderate,33.305096,-32.49981
4016,8,3,2023-08-20 01:48:54,51.627,-167.3235,10.0,5.2,mww: 7,1.643,us: 5,"179 km SE of Nikolski, Alaska",earthquake: 0,1.822,0.04,59.0,us,us: 5,0-10 km: 0,shallow,moderate,25.505802,-65.76337
4017,8,3,2023-08-20 13:23:05,-8.5693,159.3791,80.366,4.9,mb: 0,1.03,us: 5,Solomon Islands,earthquake: 0,5.055,0.049,134.0,us,us: 5,0-10 km: 0,intermediate,light,25.111376,46.329926
4018,8,3,2023-08-20 15:28:22,39.7778,77.6881,10.0,4.7,mb: 0,2.025,us: 5,"103 km N of Dunbage, China",earthquake: 0,1.882,0.055,101.0,us,us: 5,0-10 km: 0,shallow,light,-17.269108,27.66347
4019,8,3,2023-08-20 19:59:48,-56.0011,-27.6161,79.0,5.7,mww: 7,5.372,us: 5,South Sandwich Islands region,earthquake: 0,1.822,0.093,11.0,us,us: 5,0-10 km: 0,intermediate,moderate,58.786694,-24.18377
4020,8,3,2023-08-21 02:54:13,5.1078,127.4328,153.071,4.8,mb: 0,2.683,us: 5,"196 km SE of Pondaguitan, Philippines",earthquake: 0,5.214,0.041,181.0,us,us: 5,0-10 km: 0,intermediate,light,24.580027,50.79089
4021,8,3,2023-08-21 04:15:20,-14.8189,166.6917,51.892,4.8,mb: 0,6.144,us: 5,Vanuatu,earthquake: 0,5.836,0.111,25.0,us,us: 5,0-10 km: 0,shallow,light,36.61368,23.058609
4022,8,3,2023-08-21 05:24:12,-3.1989,-79.9653,40.35,5.4,mww: 7,2.017,us: 5,"6 km N of Machala, Ecuador",earthquake: 0,4.788,0.05,39.0,us,us: 5,0-10 km: 0,shallow,moderate,54.086697,-47.08771
4023,8,3,2023-08-21 05:28:46,-24.4186,179.8993,508.441,4.6,mb: 0,5.184,us: 5,south of the Fiji Islands,earthquake: 0,8.258,0.052,108.0,us,us: 5,0-10 km: 0,deep,light,4.287877,61.575935
4024,8,3,2023-08-21 10:01:18,-7.4132,120.4887,515.398,5.2,mww: 7,2.493,us: 5,Flores Sea,earthquake: 0,4.776,0.075,17.0,us,us: 5,0-10 km: 0,deep,moderate,71.11203,1.9245176
4025,8,3,2023-08-21 10:04:42,42.674,142.7842,123.429,4.6,mb: 0,0.714,us: 5,"33 km W of Sarabetsu, Japan",earthquake: 0,5.411,0.039,199.0,us,us: 5,0-10 km: 0,intermediate,light,1.8109778,44.000183
4026,8,3,2023-08-21 11:46:41,6.6164,126.5097,82.044,4.6,mb: 0,1.028,us: 5,"34 km SE of Bobon, Philippines",earthquake: 0,7.141,0.114,23.0,us,us: 5,0-10 km: 0,intermediate,light,45.745403,14.488129
4027,8,3,2023-08-21 14:55:01,2.7247,128.541,235.257,4.6,mb: 0,2.267,us: 5,"125 km NNE of Tobelo, Indonesia",earthquake: 0,6.242,0.083,44.0,us,us: 5,0-10 km: 0,intermediate,light,45.343246,35.204975
4028,8,3,2023-08-21 22:28:17,-59.5523,-27.6351,10.0,4.6,mb: 0,19.054,us: 5,South Sandwich Islands region,earthquake: 0,1.865,0.125,19.0,us,us: 5,10-20 km: 1,shallow,light,-33.47006,-44.41315
4029,8,3,2023-08-21 22:55:34,-1.5295,126.4129,10.0,4.6,mb: 0,2.477,us: 5,"75 km NE of Sanana, Indonesia",earthquake: 0,1.866,0.073,55.0,us,us: 5,0-10 km: 0,shallow,light,0.53488743,0.25812727
4030,8,4,2023-08-22 03:24:48,-17.0261,-172.8352,10.0,4.6,mb: 0,1.958,us: 5,"156 km SE of Hihifo, Tonga",earthquake: 0,1.836,0.092,38.0,us,us: 5,0-10 km: 0,shallow,light,-63.16084,-12.426683
4031,8,4,2023-08-22 05:18:51,-30.8055,-179.9314,359.712,4.6,mb: 0,2.325,us: 5,Kermadec Islands region,earthquake: 0,6.431,0.061,80.0,us,us: 5,0-10 km: 0,deep,light,-6.026069,69.622375
4032,8,4,2023-08-22 07:45:24,-21.5455,-68.4979,103.448,4.7,mwr: 6,1.049,us: 5,"43 km SW of Ollagüe, Chile",earthquake: 0,5.49,0.069,20.0,us,us: 5,0-10 km: 0,intermediate,light,62.08917,-44.86976
4033,8,4,2023-08-22 10:17:34,38.4319,36.6586,14.0,4.7,mwr: 6,0.19,us: 5,"15 km ESE of Sariz, Turkey",earthquake: 0,1.827,0.061,26.0,us,us: 5,0-10 km: 0,shallow,light,13.982947,-57.179623
4034,8,4,2023-08-22 12:55:15,-29.9555,-177.7515,42.069,4.9,mb: 0,0.707,us: 5,"Kermadec Islands, New Zealand",earthquake: 0,6.773,0.071,69.0,us,us: 5,0-10 km: 0,shallow,light,-54.55056,-6.24508
4035,8,4,2023-08-22 15:03:50,40.2714,141.8407,36.394,4.6,mb: 0,0.786,us: 5,"11 km NNE of Kuji, Japan",earthquake: 0,5.656,0.049,124.0,us,us: 5,0-10 km: 0,shallow,light,5.427177,38.891823
4036,8,4,2023-08-22 18:46:54,30.3642,94.8494,31.914,4.9,mb: 0,3.294,us: 5,"208 km NNE of Shi Yomi, India",earthquake: 0,4.53,0.038,216.0,us,us: 5,0-10 km: 0,shallow,light,-3.543327,40.927975
4037,8,4,2023-08-22 21:13:15,-5.3188,-81.7522,10.0,4.6,mb: 0,4.766,us: 5,"75 km WSW of Paita, Peru",earthquake: 0,1.902,0.151,13.0,us,us: 5,0-10 km: 0,shallow,light,-30.610895,-11.092925
4038,8,4,2023-08-22 21:23:57,39.0206,48.7354,54.611,4.9,mww: 7,0.49,us: 5,"6 km ESE of Masally, Azerbaijan",earthquake: 0,4.98,0.083,14.0,us,us: 5,0-10 km: 0,shallow,light,14.320872,-35.8553
4039,8,4,2023-08-23 02:24:42,-23.0921,-175.9672,35.0,4.6,mb: 0,2.04,us: 5,"220 km SSW of ‘Ohonua, Tonga",earthquake: 0,1.906,0.152,13.0,us,us: 5,0-10 km: 0,shallow,light,-58.658882,-24.923962
4040,8,4,2023-08-23 03:27:53,-21.467,-178.2445,411.956,4.9,mb: 0,2.851,us: 5,Fiji region,earthquake: 0,2.505,0.032,304.0,us,us: 5,0-10 km: 0,deep,light,-9.582766,65.31506
4041,8,4,2023-08-23 04:33:21,-23.269,170.6167,10.0,4.6,mb: 0,2.994,us: 5,southeast of the Loyalty Islands,earthquake: 0,1.884,0.157,12.0,us,us: 5,0-10 km: 0,shallow,light,-4.9472136,-25.638214
4042,8,4,2023-08-23 06:43:15,12.3973,144.1748,41.594,4.7,mb: 0,1.364,us: 5,Guam region,earthquake: 0,5.815,0.057,94.0,us,us: 5,0-10 km: 0,shallow,light,24.873838,37.373325
4043,8,4,2023-08-23 10:19:47,39.3944,122.1531,10.0,4.7,mb: 0,3.998,us: 5,"16 km E of Pulandian, China",earthquake: 0,1.772,0.071,61.0,us,us: 5,0-10 km: 0,shallow,light,-12.649571,17.763592
4044,8,4,2023-08-23 14:02:09,-20.4159,-69.1166,85.029,5.2,mww: 7,0.276,us: 5,"57 km E of La Tirana, Chile",earthquake: 0,4.704,0.062,25.0,us,us: 5,0-10 km: 0,intermediate,moderate,61.093132,-42.18035
4045,8,4,2023-08-23 14:22:43,-26.8836,-63.2947,554.0,6.2,mww: 7,4.581,us: 5,"17 km NNW of El Hoyo, Argentina",earthquake: 0,1.947,0.038,68.0,us,us: 5,0-10 km: 0,deep,strong,74.17035,3.1289794
4046,8,4,2023-08-23 17:38:38,12.8596,121.4912,10.0,4.9,mb: 0,7.022,us: 5,"3 km E of Bansud, Philippines",earthquake: 0,1.781,0.051,122.0,us,us: 5,0-10 km: 0,shallow,light,5.765067,7.5069494
4047,8,4,2023-08-23 17:51:25,-55.8968,-27.4842,91.352,5.1,mb: 0,5.418,us: 5,South Sandwich Islands region,earthquake: 0,4.648,0.063,81.0,us,us: 5,0-10 km: 0,intermediate,moderate,-25.053331,-52.97595
4048,8,4,2023-08-24 00:23:09,46.3859,149.6557,10.035,5.0,mb: 0,4.781,us: 5,"188 km NE of Kuril’sk, Russia",earthquake: 0,3.135,0.042,179.0,us,us: 5,0-10 km: 0,shallow,moderate,-6.8503137,35.31709
4049,8,4,2023-08-24 04:00:29,21.8176,145.9048,10.0,4.9,mww: 7,6.253,us: 5,Mariana Islands region,earthquake: 0,1.249,0.098,10.0,us,us: 5,0-10 km: 0,shallow,light,20.139593,-46.68725
4050,8,4,2023-08-24 05:35:24,38.2125,38.1815,10.0,4.8,mwr: 6,0.887,us: 5,"Malatya, Turkey",earthquake: 0,1.788,0.055,32.0,us,us: 5,0-10 km: 0,shallow,light,14.608383,-57.929245
4051,8,4,2023-08-24 14:13:37,42.1678,-29.1646,10.0,4.7,mb: 0,5.212,us: 5,Azores Islands region,earthquake: 0,1.893,0.054,106.0,us,us: 5,0-10 km: 0,shallow,light,-23.101866,29.410221
4052,8,4,2023-08-24 20:08:15,-17.9055,168.0097,35.0,5.0,mb: 0,4.393,us: 5,"37 km WSW of Port-Vila, Vanuatu",earthquake: 0,1.876,0.078,52.0,us,us: 5,0-10 km: 0,shallow,moderate,11.292287,-9.774827
4053,8,4,2023-08-24 22:01:04,-0.3355,29.7329,10.0,4.6,mb: 0,1.04,us: 5,"60 km NNW of Rukungiri, Uganda",earthquake: 0,1.905,0.098,31.0,us,us: 5,0-10 km: 0,shallow,light,-28.254793,-3.7609487
4054,8,4,2023-08-24 22:48:23,39.5518,143.3026,18.0,5.8,mww: 7,2.114,us: 5,"116 km E of Yamada, Japan",earthquake: 0,1.784,0.068,21.0,us,us: 5,0-10 km: 0,shallow,moderate,31.558126,-46.349194
4055,8,4,2023-08-24 23:28:54,-33.9823,-73.3334,10.0,4.7,mb: 0,1.467,us: 5,"165 km WSW of San Antonio, Chile",earthquake: 0,1.887,0.123,20.0,us,us: 5,0-10 km: 0,shallow,light,-34.25981,-34.30876
4056,8,4,2023-08-25 06:32:19,-6.2006,130.5364,57.286,4.9,mb: 0,3.68,us: 5,"253 km WSW of Tual, Indonesia",earthquake: 0,7.362,0.077,53.0,us,us: 5,0-10 km: 0,shallow,light,33.663643,33.902424
4057,8,4,2023-08-25 09:54:46,-24.3366,-175.3768,10.0,4.7,mb: 0,3.156,us: 5,south of Tonga,earthquake: 0,1.864,0.123,20.0,us,us: 5,0-10 km: 0,shallow,light,-63.200867,-18.66348
4058,8,4,2023-08-25 17:22:54,-59.4143,-26.4807,98.786,5.2,mww: 7,7.515,us: 5,South Sandwich Islands region,earthquake: 0,4.253,0.093,11.0,us,us: 5,0-10 km: 0,intermediate,moderate,60.039513,-22.98166
4059,8,4,2023-08-25 19:13:41,6.2438,124.7479,13.286,5.0,mww: 7,1.164,us: 5,"4 km ENE of Lake Sebu, Philippines",earthquake: 0,1.696,0.059,28.0,us,us: 5,0-10 km: 0,shallow,moderate,31.582533,-31.548464
4060,8,4,2023-08-25 19:14:47,-1.8393,152.1727,10.0,5.1,mb: 0,2.336,us: 5,"173 km ENE of Kavieng, Papua New Guinea",earthquake: 0,1.814,0.057,106.0,us,us: 5,0-10 km: 0,shallow,moderate,9.919851,2.2615888
4061,8,4,2023-08-25 20:47:24,-39.5626,-16.0369,10.0,5.5,mww: 7,3.812,us: 5,southern Mid-Atlantic Ridge,earthquake: 0,1.723,0.093,11.0,us,us: 5,0-10 km: 0,shallow,moderate,58.537533,-26.71772
4062,8,4,2023-08-25 22:35:40,-52.2521,17.0205,10.0,4.6,mb: 0,20.051,us: 5,southwest of Africa,earthquake: 0,1.904,0.164,11.0,us,us: 5,20-30 km: 2,shallow,light,-37.11643,-42.54134
4063,8,4,2023-08-25 22:37:57,-32.6261,-178.9634,29.418,4.6,mb: 0,3.471,us: 5,south of the Kermadec Islands,earthquake: 0,5.5,0.223,6.0,us,us: 5,0-10 km: 0,shallow,light,-48.729244,-19.907993
4064,8,4,2023-08-26 01:43:56,-15.4707,-69.4585,266.174,4.6,mb: 0,1.514,us: 5,"2 km WSW of Conima, Peru",earthquake: 0,2.855,0.028,383.0,us,us: 5,0-10 km: 0,intermediate,light,-17.548086,56.27385
4065,8,4,2023-08-26 04:21:30,-5.3813,152.3474,33.23,4.7,mb: 0,1.196,us: 5,"115 km S of Kokopo, Papua New Guinea",earthquake: 0,6.461,0.094,34.0,us,us: 5,0-10 km: 0,shallow,light,36.083946,25.804817
4066,8,4,2023-08-26 09:40:48,-58.5712,148.8833,10.0,5.1,mww: 7,15.712,us: 5,west of Macquarie Island,earthquake: 0,1.919,0.086,13.0,us,us: 5,10-20 km: 1,shallow,moderate,48.96911,-24.122177
4067,8,4,2023-08-26 11:16:24,-1.6289,126.4513,10.0,4.6,mb: 0,2.554,us: 5,"70 km NE of Sanana, Indonesia",earthquake: 0,1.887,0.098,32.0,us,us: 5,0-10 km: 0,shallow,light,-1.1981136,-8.564993
4068,8,4,2023-08-26 11:23:06,34.4965,81.5254,10.0,4.6,mb: 0,6.903,us: 5,"222 km S of Aqqan, China",earthquake: 0,1.884,0.08,47.0,us,us: 5,0-10 km: 0,shallow,light,-17.891123,18.530163
4069,8,4,2023-08-26 12:16:30,-1.7607,151.9505,10.0,4.6,mb: 0,2.424,us: 5,"156 km NE of Kavieng, Papua New Guinea",earthquake: 0,1.773,0.102,32.0,us,us: 5,0-10 km: 0,shallow,light,-0.5257414,-10.971487
4070,8,4,2023-08-26 13:29:33,33.8925,131.8827,81.482,4.7,mb: 0,1.668,us: 5,"9 km SW of Hikari, Japan",earthquake: 0,5.958,0.067,69.0,us,us: 5,0-10 km: 0,intermediate,light,11.283958,33.258762
4071,8,4,2023-08-26 19:21:29,-56.2537,-26.6098,72.021,4.6,mb: 0,5.982,us: 5,South Sandwich Islands region,earthquake: 0,7.438,0.151,13.0,us,us: 5,0-10 km: 0,intermediate,light,-31.932182,-53.940884
4072,8,4,2023-08-26 21:30:48,-15.0481,-173.8723,66.698,4.6,mb: 0,2.32,us: 5,Tonga,earthquake: 0,6.515,0.053,104.0,us,us: 5,0-10 km: 0,shallow,light,-53.27982,-3.5771375
4073,8,4,2023-08-26 22:45:29,0.886,121.9616,77.693,4.9,mb: 0,1.201,us: 5,"Minahasa, Sulawesi, Indonesia",earthquake: 0,5.77,0.057,96.0,us,us: 5,0-10 km: 0,intermediate,light,28.522642,42.240444
4074,8,4,2023-08-27 00:56:48,35.4363,141.0887,38.813,4.8,mb: 0,2.501,us: 5,"40 km SE of Hasaki, Japan",earthquake: 0,5.997,0.073,57.0,us,us: 5,0-10 km: 0,shallow,light,10.669532,30.940493
4075,8,4,2023-08-27 08:46:34,-58.6712,-25.1624,30.32,4.7,mb: 0,15.896,us: 5,South Sandwich Islands region,earthquake: 0,1.919,0.081,50.0,us,us: 5,10-20 km: 1,shallow,light,-28.014011,-46.58718
4076,8,4,2023-08-27 09:24:55,0.0423,-16.6156,10.0,4.6,mb: 0,13.454,us: 5,north of Ascension Island,earthquake: 0,1.843,0.079,48.0,us,us: 5,10-20 km: 1,shallow,light,-31.509525,-0.18203305
4077,8,4,2023-08-27 11:00:19,-5.4436,34.8787,10.0,4.6,mb: 0,4.399,us: 5,"36 km SSE of Ikungi, Tanzania",earthquake: 0,1.427,0.111,24.0,us,us: 5,0-10 km: 0,shallow,light,-28.336084,-5.153712
4078,8,4,2023-08-27 13:29:53,-6.4582,129.9218,146.378,4.6,mb: 0,4.212,us: 5,Banda Sea,earthquake: 0,5.97,0.091,36.0,us,us: 5,0-10 km: 0,intermediate,light,42.18317,35.996292
4079,8,4,2023-08-27 13:53:37,-5.3811,34.8727,10.0,4.7,mb: 0,4.361,us: 5,Tanzania,earthquake: 0,1.534,0.142,15.0,us,us: 5,0-10 km: 0,shallow,light,-27.818773,-9.013425
4080,8,4,2023-08-27 16:41:50,36.5338,142.6293,10.0,4.6,mb: 0,3.56,us: 5,"166 km ESE of Iwaki, Japan",earthquake: 0,1.897,0.077,50.0,us,us: 5,0-10 km: 0,shallow,light,-12.8782625,16.215612
4081,8,4,2023-08-27 17:03:49,36.4491,142.6936,10.0,5.0,mb: 0,3.615,us: 5,"174 km ESE of Iwaki, Japan",earthquake: 0,1.849,0.094,36.0,us,us: 5,0-10 km: 0,shallow,moderate,-11.36337,10.467298
4082,8,4,2023-08-27 21:23:02,-6.0825,130.6393,62.66,4.7,mb: 0,3.528,us: 5,"239 km WSW of Tual, Indonesia",earthquake: 0,6.235,0.065,72.0,us,us: 5,0-10 km: 0,shallow,light,31.971666,37.7818
4083,8,4,2023-08-27 21:45:00,5.3394,-76.6839,24.036,5.7,mww: 7,1.427,us: 5,"5 km E of El Cantón de San Pablo, Colombia",earthquake: 0,3.015,0.039,62.0,us,us: 5,0-10 km: 0,shallow,moderate,48.75596,-49.621056
4084,8,4,2023-08-28 04:14:46,-18.309,-71.5055,35.0,4.9,mww: 7,1.107,us: 5,"75 km SSW of Pacocha, Peru",earthquake: 0,1.82,0.08,15.0,us,us: 5,0-10 km: 0,shallow,light,64.584045,-41.902416
4085,8,4,2023-08-28 04:35:08,36.4901,70.3356,202.515,4.8,mb: 0,2.212,us: 5,"43 km ESE of Farkhār, Afghanistan",earthquake: 0,5.133,0.041,188.0,us,us: 5,0-10 km: 0,intermediate,light,3.3929794,45.441093
4086,8,4,2023-08-28 05:23:51,-7.208,126.0944,448.877,4.6,mb: 0,3.11,us: 5,"144 km N of Manatutu, Timor Leste",earthquake: 0,7.322,0.053,109.0,us,us: 5,0-10 km: 0,deep,light,4.4536943,60.511795
4087,8,4,2023-08-28 06:27:45,-30.0405,75.1908,10.0,4.6,mb: 0,7.984,us: 5,Mid-Indian Ridge,earthquake: 0,1.85,0.136,16.0,us,us: 5,0-10 km: 0,shallow,light,-16.871527,-36.524364
4088,8,4,2023-08-28 09:08:32,37.0609,142.4156,11.671,4.8,mb: 0,3.416,us: 5,"127 km ESE of Tomioka, Japan",earthquake: 0,4.234,0.059,89.0,us,us: 5,0-10 km: 0,shallow,light,5.6741257,30.209906
4089,8,4,2023-08-28 13:04:29,8.4414,58.5003,10.0,4.6,mb: 0,31.781,us: 5,Carlsberg Ridge,earthquake: 0,1.95,0.151,13.0,us,us: 5,30-40 km: 3,shallow,light,-20.602676,-9.408762
4090,8,4,2023-08-28 17:42:06,42.5778,0.9428,10.018,4.6,mb: 0,0.231,us: 5,"11 km W of Espot, Spain",earthquake: 0,4.615,0.109,25.0,us,us: 5,0-10 km: 0,shallow,light,1.5574784,22.961647
4091,8,4,2023-08-28 17:57:39,25.8229,125.1116,147.354,4.6,mb: 0,1.643,us: 5,"114 km N of Hirara, Japan",earthquake: 0,5.177,0.047,138.0,us,us: 5,0-10 km: 0,intermediate,light,4.5964513,44.476246
4092,8,4,2023-08-28 17:59:16,4.3673,126.5051,28.833,5.3,mww: 7,3.674,us: 5,"Pulau-Pulau Talaud, Indonesia",earthquake: 0,3.35,0.071,19.0,us,us: 5,0-10 km: 0,shallow,moderate,31.394255,-24.960379
4093,8,4,2023-08-28 19:55:30,-6.7888,116.5211,500.0,7.1,mww: 7,2.377,us: 5,"180 km NNE of Gili Air, Indonesia",earthquake: 0,1.928,0.037,70.0,us,us: 5,0-10 km: 0,deep,major,73.55573,1.504079
4094,8,4,2023-08-28 20:06:53,-6.8165,116.6136,514.072,5.5,mb: 0,2.306,us: 5,"180 km NNE of Gili Air, Indonesia",earthquake: 0,6.017,0.067,77.0,us,us: 5,0-10 km: 0,deep,moderate,4.0650206,60.75688
4095,8,4,2023-08-28 20:08:06,-7.0269,117.2121,481.974,5.7,mb: 0,1.874,us: 5,"156 km N of Pototano, Indonesia",earthquake: 0,5.134,0.043,192.0,us,us: 5,0-10 km: 0,deep,moderate,1.7978562,60.04815
4096,8,4,2023-08-28 22:01:31,54.7494,-161.2277,54.392,4.6,mb: 0,0.544,us: 5,"78 km ESE of King Cove, Alaska",earthquake: 0,5.076,0.062,77.0,us,us: 5,0-10 km: 0,shallow,light,-38.699036,28.77457
4097,8,4,2023-08-28 22:32:12,16.4377,-96.3647,52.626,4.9,mb: 0,0.709,us: 5,"7 km NNW of San José Lachiguirí, Mexico",earthquake: 0,4.271,0.041,186.0,us,us: 5,0-10 km: 0,shallow,light,-24.425732,52.714916
4098,8,4,2023-08-28 23:25:01,-43.8022,-73.2189,77.393,5.0,mwr: 6,1.17,us: 5,"68 km WNW of La Junta, Chile",earthquake: 0,4.616,0.08,15.0,us,us: 5,0-10 km: 0,intermediate,moderate,62.52325,-42.725384
4099,8,4,2023-08-29 04:34:42,-5.5578,129.9456,203.0,5.9,mww: 7,3.485,us: 5,"270 km SSE of Amahai, Indonesia",earthquake: 0,1.88,0.052,36.0,us,us: 5,0-10 km: 0,intermediate,moderate,44.525517,-35.36246
4100,8,4,2023-08-29 04:58:15,38.967,32.9223,7.802,4.8,mwr: 6,0.939,us: 5,"19 km SW of Kulu, Turkey",earthquake: 0,1.867,0.045,48.0,us,us: 5,0-10 km: 0,shallow,light,14.293968,-59.22197
4101,8,4,2023-08-29 04:59:23,9.9367,-78.4562,33.948,5.5,mww: 7,2.323,us: 5,"56 km NNE of Narganá, Panama",earthquake: 0,3.395,0.054,33.0,us,us: 5,0-10 km: 0,shallow,moderate,52.781303,-48.601658
4102,8,4,2023-08-29 10:15:27,13.1887,143.8269,144.472,5.2,mb: 0,1.089,us: 5,"91 km W of Umatac Village, Guam",earthquake: 0,5.93,0.027,468.0,us,us: 5,0-10 km: 0,intermediate,moderate,-10.364005,54.40309
4103,8,4,2023-08-29 12:50:10,-57.486,-26.0261,74.26,4.9,mb: 0,6.702,us: 5,South Sandwich Islands region,earthquake: 0,5.489,0.075,56.0,us,us: 5,0-10 km: 0,intermediate,light,-27.251936,-52.741108
4104,8,4,2023-08-29 13:17:44,10.2421,121.8504,10.0,4.7,mb: 0,9.133,us: 5,"24 km SW of Magdalena, Philippines",earthquake: 0,1.81,0.091,36.0,us,us: 5,0-10 km: 0,shallow,light,-5.7534647,-1.607722
4105,8,4,2023-08-29 20:53:17,-1.1104,-15.8615,10.0,4.6,mb: 0,6.94,us: 5,north of Ascension Island,earthquake: 0,1.873,0.111,26.0,us,us: 5,0-10 km: 0,shallow,light,-30.135735,-4.9812865
4106,8,4,2023-08-29 21:31:30,-0.4475,-80.3221,40.091,4.6,mb: 0,0.488,us: 5,"20 km NE of Bahía de Caráquez, Ecuador",earthquake: 0,6.146,0.086,40.0,us,us: 5,0-10 km: 0,shallow,light,-44.313034,0.6855563
4107,8,4,2023-08-29 22:38:01,-8.5178,118.3393,132.424,4.6,mb: 0,0.636,us: 5,"13 km W of Dompu, Indonesia",earthquake: 0,5.067,0.088,38.0,us,us: 5,0-10 km: 0,intermediate,light,41.628555,36.918404
4108,8,4,2023-08-30 02:17:06,-6.1023,103.9727,48.125,5.0,mb: 0,3.26,us: 5,"160 km WSW of Bandar Lampung, Indonesia",earthquake: 0,5.807,0.076,56.0,us,us: 5,0-10 km: 0,shallow,moderate,30.031504,30.805017
4109,8,4,2023-08-30 03:32:55,30.7563,140.1401,104.94,4.6,mb: 0,2.368,us: 5,"Izu Islands, Japan region",earthquake: 0,3.722,0.07,61.0,us,us: 5,0-10 km: 0,intermediate,light,7.3126316,31.657219
4110,8,4,2023-08-30 04:38:14,55.4374,162.654,35.0,4.8,mb: 0,3.372,us: 5,"88 km S of Ust’-Kamchatsk Staryy, Russia",earthquake: 0,1.856,0.031,322.0,us,us: 5,0-10 km: 0,shallow,light,-6.8248134,43.91447
4111,8,4,2023-08-30 07:39:28,-22.5031,-12.7687,10.0,5.1,mb: 0,26.847,us: 5,southern Mid-Atlantic Ridge,earthquake: 0,1.793,0.079,52.0,us,us: 5,20-30 km: 2,shallow,moderate,-24.88997,-39.907066
4112,8,4,2023-08-30 12:11:38,-22.2243,-175.2463,41.177,4.8,mb: 0,1.05,us: 5,"102 km SSW of ‘Ohonua, Tonga",earthquake: 0,1.835,0.1,31.0,us,us: 5,0-10 km: 0,shallow,light,-65.675705,-13.785867
4113,8,4,2023-08-30 13:15:01,-36.3316,-72.5524,51.688,4.6,mwr: 6,0.661,us: 5,"5 km S of Quirihue, Chile",earthquake: 0,4.943,0.046,46.0,us,us: 5,0-10 km: 0,shallow,light,64.53315,-44.981564
4114,8,4,2023-08-30 13:55:54,-14.7383,168.0239,10.0,5.3,mww: 7,6.79,us: 5,"107 km ENE of Port-Olry, Vanuatu",earthquake: 0,1.824,0.086,13.0,us,us: 5,0-10 km: 0,shallow,moderate,41.823017,-25.345442
4115,8,4,2023-08-30 14:17:08,-29.446,-71.3456,43.104,5.3,mww: 7,0.48,us: 5,"51 km N of La Serena, Chile",earthquake: 0,4.457,0.057,30.0,us,us: 5,0-10 km: 0,shallow,moderate,61.72498,-40.95223
4116,8,4,2023-08-30 14:35:12,-29.4569,-71.3597,40.417,4.6,mb: 0,0.472,us: 5,"50 km NNW of La Serena, Chile",earthquake: 0,7.6,0.125,19.0,us,us: 5,0-10 km: 0,shallow,light,-46.488735,-12.8331
4117,8,4,2023-08-30 18:59:24,54.8166,-161.2124,46.578,5.1,mww: 7,0.503,us: 5,Alaska Peninsula,earthquake: 0,4.479,0.047,44.0,us,us: 5,0-10 km: 0,shallow,moderate,26.426119,-66.56941
4118,8,4,2023-08-30 21:10:16,-30.1765,-178.3206,79.831,4.6,mb: 0,0.976,us: 5,"Kermadec Islands, New Zealand",earthquake: 0,6.665,0.114,23.0,us,us: 5,0-10 km: 0,intermediate,light,-50.93918,-11.204811
4119,8,4,2023-08-30 21:20:20,-10.8336,164.4588,10.0,5.0,mb: 0,4.653,us: 5,"146 km W of Lata, Solomon Islands",earthquake: 0,1.862,0.083,46.0,us,us: 5,0-10 km: 0,shallow,moderate,9.872247,-9.473493
4120,8,4,2023-08-31 02:44:36,-28.0102,-13.3034,10.0,4.9,mb: 0,27.968,us: 5,southern Mid-Atlantic Ridge,earthquake: 0,1.82,0.091,39.0,us,us: 5,20-30 km: 2,shallow,light,-25.334133,-40.42019
4121,8,4,2023-08-31 06:29:07,-22.0608,-179.542,564.001,4.6,mb: 0,4.133,us: 5,south of the Fiji Islands,earthquake: 0,8.217,0.041,213.0,us,us: 5,0-10 km: 0,deep,light,-10.006029,67.29283
4122,8,4,2023-08-31 07:13:25,51.2722,-178.5311,48.515,4.7,mb: 0,0.333,us: 5,"Andreanof Islands, Aleutian Islands, Alaska",earthquake: 0,5.546,0.031,328.0,us,us: 5,0-10 km: 0,shallow,light,-17.27434,50.480682
4123,8,4,2023-08-31 09:38:11,-1.4705,-77.6831,183.826,4.6,mb: 0,0.342,us: 5,"35 km E of Puyo, Ecuador",earthquake: 0,5.269,0.03,334.0,us,us: 5,0-10 km: 0,intermediate,light,-18.750418,55.375378
4124,8,4,2023-08-31 10:29:28,-9.4768,123.9031,47.151,5.4,mww: 7,0.453,us: 5,"19 km NE of Naisano Dua, Indonesia",earthquake: 0,4.95,0.093,11.0,us,us: 5,0-10 km: 0,shallow,moderate,30.261093,-20.623251
4125,8,4,2023-08-31 11:02:10,-60.2016,-24.8897,38.327,4.7,mb: 0,8.636,us: 5,South Sandwich Islands region,earthquake: 0,3.52,0.113,24.0,us,us: 5,0-10 km: 0,shallow,light,-31.114637,-49.381447
4126,8,4,2023-08-31 16:53:12,34.6691,69.5179,14.895,4.6,mb: 0,0.412,us: 5,"23 km SSW of Tagāb, Afghanistan",earthquake: 0,4.247,0.057,95.0,us,us: 5,0-10 km: 0,shallow,light,2.4457824,29.318716
4127,8,4,2023-08-31 18:45:19,38.0851,73.0729,50.206,4.8,mb: 0,1.71,us: 5,"78 km W of Murghob, Tajikistan",earthquake: 0,6.22,0.058,92.0,us,us: 5,0-10 km: 0,shallow,light,8.037726,34.22812
4128,8,4,2023-08-31 19:18:37,-20.0729,-175.4463,149.933,4.8,mb: 0,1.06,us: 5,"117 km WSW of Pangai, Tonga",earthquake: 0,3.055,0.07,62.0,us,us: 5,0-10 km: 0,intermediate,light,-51.48885,-3.5275254
4129,8,4,2023-08-31 19:33:42,-9.8238,160.2109,22.741,5.1,mb: 0,0.462,us: 5,"51 km SSE of Honiara, Solomon Islands",earthquake: 0,4.011,0.039,214.0,us,us: 5,0-10 km: 0,shallow,moderate,19.652044,49.427715
4130,9,1,2023-09-01 02:19:07,5.1836,-76.6737,10.0,4.9,mb: 0,1.516,us: 5,"2 km NNE of Istmina, Colombia",earthquake: 0,1.85,0.073,59.0,us,us: 5,0-10 km: 0,shallow,light,-34.03382,1.5881939
4131,9,1,2023-09-01 10:01:32,-58.7823,-25.4423,29.457,5.0,mb: 0,15.86,us: 5,South Sandwich Islands region,earthquake: 0,4.279,0.067,72.0,us,us: 5,10-20 km: 1,shallow,moderate,-26.29201,-51.51239
4132,9,1,2023-09-01 10:54:53,18.7828,145.9381,10.0,4.6,mb: 0,3.525,us: 5,"Pagan region, Northern Mariana Islands",earthquake: 0,1.882,0.109,25.0,us,us: 5,0-10 km: 0,shallow,light,-14.507984,5.312356
4133,9,1,2023-09-01 12:02:34,45.3876,148.3937,139.594,4.7,mb: 0,4.217,us: 5,"44 km ENE of Kuril’sk, Russia",earthquake: 0,3.399,0.04,189.0,us,us: 5,0-10 km: 0,intermediate,light,2.278343,43.94648
4134,9,1,2023-09-01 15:05:57,-18.1166,168.1388,35.0,4.8,mb: 0,4.319,us: 5,"45 km SSW of Port-Vila, Vanuatu",earthquake: 0,1.872,0.094,37.0,us,us: 5,0-10 km: 0,shallow,light,7.4946795,-13.900591
4135,9,1,2023-09-01 18:25:38,0.764,95.83,18.915,4.8,mb: 0,3.639,us: 5,"199 km SSW of Sinabang, Indonesia",earthquake: 0,3.564,0.061,94.0,us,us: 5,0-10 km: 0,shallow,light,21.095263,33.630432
4136,9,1,2023-09-01 19:09:00,-4.4157,143.8415,118.264,5.3,mww: 7,3.657,us: 5,"46 km SSW of Angoram, Papua New Guinea",earthquake: 0,3.334,0.058,29.0,us,us: 5,0-10 km: 0,intermediate,moderate,33.538246,-17.905308
4137,9,1,2023-09-01 20:49:54,50.6792,156.313,137.0,6.1,mww: 7,2.58,us: 5,"13 km E of Severo-Kuril’sk, Russia",earthquake: 0,1.823,0.033,90.0,us,us: 5,0-10 km: 0,intermediate,strong,35.716248,-42.82898
4138,9,1,2023-09-01 22:44:43,-5.5823,150.9226,82.557,4.6,mb: 0,1.854,us: 5,"87 km E of Kimbe, Papua New Guinea",earthquake: 0,7.947,0.113,23.0,us,us: 5,0-10 km: 0,intermediate,light,42.36803,22.846449
4139,9,1,2023-09-02 01:55:09,26.7107,54.2544,15.977,4.8,mb: 0,2.486,us: 5,"28 km NE of Kīsh, Iran",earthquake: 0,3.946,0.048,136.0,us,us: 5,0-10 km: 0,shallow,light,0.6707855,31.914686
4140,9,1,2023-09-02 02:08:40,-6.1517,147.5585,67.731,4.6,mb: 0,3.256,us: 5,"55 km NW of Finschhafen, Papua New Guinea",earthquake: 0,5.765,0.1,31.0,us,us: 5,0-10 km: 0,shallow,light,37.088478,26.646206
4141,9,1,2023-09-02 06:56:57,-9.857,160.3817,10.0,4.9,mb: 0,0.597,us: 5,"66 km SE of Honiara, Solomon Islands",earthquake: 0,1.888,0.086,42.0,us,us: 5,0-10 km: 0,shallow,light,9.210625,-9.649664
4142,9,1,2023-09-02 11:11:01,-8.2098,-74.2328,150.781,5.3,mww: 7,4.549,us: 5,"39 km ENE of San Fernando, Peru",earthquake: 0,5.185,0.068,21.0,us,us: 5,0-10 km: 0,intermediate,moderate,58.660023,-44.1974
4143,9,1,2023-09-02 14:11:13,-15.4974,-75.0063,39.511,4.9,mb: 0,3.919,us: 5,"22 km SE of San Juan, Peru",earthquake: 0,6.773,0.039,210.0,us,us: 5,0-10 km: 0,shallow,light,-57.331238,2.0785112
4144,9,1,2023-09-02 14:26:09,-25.51,179.7302,465.988,4.7,mb: 0,4.263,us: 5,south of the Fiji Islands,earthquake: 0,7.669,0.071,60.0,us,us: 5,0-10 km: 0,deep,light,5.2935753,61.945953
4145,9,1,2023-09-02 15:03:05,43.0476,144.2535,100.014,4.6,mb: 0,1.312,us: 5,"12 km NW of Kushiro, Japan",earthquake: 0,7.142,0.055,100.0,us,us: 5,0-10 km: 0,intermediate,light,7.927712,39.685036
4146,9,1,2023-09-03 03:51:54,-17.1651,-172.445,10.0,5.0,mb: 0,2.09,us: 5,"196 km SE of Hihifo, Tonga",earthquake: 0,1.307,0.115,25.0,us,us: 5,0-10 km: 0,shallow,moderate,-68.026596,-16.185894
4147,9,1,2023-09-03 06:21:20,-59.2425,-25.545,33.527,4.8,mb: 0,15.472,us: 5,South Sandwich Islands region,earthquake: 0,4.843,0.074,57.0,us,us: 5,10-20 km: 1,shallow,light,-27.293648,-51.777203
4148,9,1,2023-09-03 09:59:03,9.2199,93.8879,10.0,4.7,mb: 0,6.64,us: 5,"298 km SSE of Port Blair, India",earthquake: 0,1.867,0.08,47.0,us,us: 5,0-10 km: 0,shallow,light,-3.9240062,1.7089014
4149,9,1,2023-09-03 10:22:26,-59.866,-26.2485,35.0,4.6,mb: 0,7.896,us: 5,South Sandwich Islands region,earthquake: 0,1.973,0.103,28.0,us,us: 5,0-10 km: 0,shallow,light,-30.677076,-45.824947
4150,9,1,2023-09-03 10:28:56,-5.333,153.758,55.114,5.1,mww: 7,1.952,us: 5,"198 km ESE of Kokopo, Papua New Guinea",earthquake: 0,5.373,0.093,11.0,us,us: 5,0-10 km: 0,shallow,moderate,29.103426,-19.341274
4151,9,1,2023-09-03 16:35:57,40.3087,48.227,68.322,4.9,mww: 7,1.235,us: 5,"7 km ESE of Kyurdarmir, Azerbaijan",earthquake: 0,5.811,0.075,17.0,us,us: 5,0-10 km: 0,shallow,light,14.368798,-35.768562
4152,9,1,2023-09-03 18:15:09,4.924,125.6615,109.192,4.7,mb: 0,2.133,us: 5,"57 km SSE of Sarangani, Philippines",earthquake: 0,6.029,0.064,75.0,us,us: 5,0-10 km: 0,intermediate,light,31.422258,41.413437
4153,9,1,2023-09-03 21:29:58,6.8178,147.9139,10.0,5.5,mww: 7,7.366,us: 5,"State of Yap, Federated States of Micronesia",earthquake: 0,1.742,0.066,22.0,us,us: 5,0-10 km: 0,shallow,moderate,34.55594,-31.558023
4154,9,1,2023-09-03 21:40:53,8.7962,122.4767,10.0,4.8,mb: 0,3.519,us: 5,"60 km WSW of Cabangahan, Philippines",earthquake: 0,1.798,0.107,27.0,us,us: 5,0-10 km: 0,shallow,light,-7.7814302,-4.3847437
4155,9,1,2023-09-03 23:24:22,-18.9438,65.4196,10.0,4.6,mb: 0,2.097,us: 5,"225 km ENE of Port Mathurin, Mauritius",earthquake: 0,1.832,0.101,29.0,us,us: 5,0-10 km: 0,shallow,light,-20.442373,-37.437664
4156,9,1,2023-09-03 23:57:54,-5.2002,150.1443,261.568,4.6,mb: 0,2.248,us: 5,"38 km N of Kimbe, Papua New Guinea",earthquake: 0,6.724,0.092,35.0,us,us: 5,0-10 km: 0,intermediate,light,45.608055,35.099518
4157,9,1,2023-09-04 07:50:58,24.75,122.4667,36.935,4.6,mb: 0,0.57,us: 5,"62 km WNW of Yonakuni, Japan",earthquake: 0,8.418,0.136,18.0,us,us: 5,0-10 km: 0,shallow,light,43.206875,9.0519085
4158,9,1,2023-09-04 09:11:16,2.1697,127.241,104.328,5.0,mb: 0,1.394,us: 5,"98 km WNW of Tobelo, Indonesia",earthquake: 0,5.548,0.055,106.0,us,us: 5,0-10 km: 0,intermediate,moderate,28.862097,42.683956
4159,9,1,2023-09-04 13:52:16,-47.2899,-12.5902,10.0,5.0,mb: 0,16.601,us: 5,southern Mid-Atlantic Ridge,earthquake: 0,1.796,0.091,38.0,us,us: 5,10-20 km: 1,shallow,moderate,-25.9489,-43.97829
4160,9,1,2023-09-04 13:56:55,22.2841,119.8579,11.54,4.6,mb: 0,1.237,us: 5,"59 km SW of Kaohsiung, Taiwan",earthquake: 0,4.633,0.125,19.0,us,us: 5,0-10 km: 0,shallow,light,25.358692,9.205041
4161,9,1,2023-09-04 14:11:17,-2.2909,-12.4184,10.0,4.7,mb: 0,5.929,us: 5,north of Ascension Island,earthquake: 0,1.821,0.133,17.0,us,us: 5,0-10 km: 0,shallow,light,-29.017805,-8.713257
4162,9,1,2023-09-04 14:47:29,-2.369,-12.3731,10.0,5.1,mb: 0,5.87,us: 5,north of Ascension Island,earthquake: 0,1.826,0.041,190.0,us,us: 5,0-10 km: 0,shallow,moderate,-24.669317,46.795967
4163,9,1,2023-09-04 20:14:16,-65.8497,-175.6489,10.0,4.6,mb: 0,13.135,us: 5,Pacific-Antarctic Ridge,earthquake: 0,1.808,0.126,19.0,us,us: 5,10-20 km: 1,shallow,light,-39.831,-35.514603
4164,9,1,2023-09-04 23:16:56,-56.0601,-143.7612,10.0,4.8,mb: 0,27.589,us: 5,Pacific-Antarctic Ridge,earthquake: 0,1.839,0.116,23.0,us,us: 5,20-30 km: 2,shallow,light,-38.669186,-35.235943
4165,9,1,2023-09-05 00:54:30,-4.7442,141.3004,10.539,4.8,mb: 0,2.294,us: 5,"152 km N of Kiunga, Papua New Guinea",earthquake: 0,3.75,0.079,50.0,us,us: 5,0-10 km: 0,shallow,light,25.10473,26.840124
4166,9,1,2023-09-05 00:55:23,-23.9538,175.5059,11.0,5.7,mww: 7,6.621,us: 5,south of the Fiji Islands,earthquake: 0,1.668,0.052,35.0,us,us: 5,0-10 km: 0,shallow,moderate,41.751266,-30.245226
4167,9,1,2023-09-05 01:16:06,-23.9206,175.4472,10.669,4.7,mb: 0,6.61,us: 5,south of the Fiji Islands,earthquake: 0,3.713,0.152,14.0,us,us: 5,0-10 km: 0,shallow,light,-3.4801953,-28.932386
4168,9,1,2023-09-05 04:11:33,-29.8587,-179.1916,319.035,4.9,mb: 0,1.257,us: 5,Kermadec Islands region,earthquake: 0,5.325,0.038,224.0,us,us: 5,0-10 km: 0,deep,light,-52.2045,0.20124711
4169,9,1,2023-09-05 04:12:27,5.6574,126.5287,78.2,4.7,mb: 0,1.691,us: 5,"86 km SSE of Pondaguitan, Philippines",earthquake: 0,5.185,0.075,55.0,us,us: 5,0-10 km: 0,intermediate,light,30.107544,33.967567
4170,9,1,2023-09-05 04:27:16,35.7004,140.1358,66.527,4.9,mb: 0,1.772,us: 5,"6 km NNW of Yotsukaidō, Japan",earthquake: 0,5.112,0.048,134.0,us,us: 5,0-10 km: 0,shallow,light,2.5359912,38.993607
4171,9,1,2023-09-05 04:30:28,-4.7134,131.0449,42.872,4.6,mb: 0,2.149,us: 5,"214 km WNW of Tual, Indonesia",earthquake: 0,7.118,0.119,21.0,us,us: 5,0-10 km: 0,shallow,light,42.569878,21.348097
4172,9,1,2023-09-05 07:22:06,23.0443,124.4637,10.0,4.8,mww: 7,1.345,us: 5,"147 km SSE of Ishigaki, Japan",earthquake: 0,1.844,0.083,14.0,us,us: 5,0-10 km: 0,shallow,light,20.08514,-45.77654
4173,9,1,2023-09-05 08:38:50,-4.3075,102.1942,55.212,4.9,mb: 0,0.761,us: 5,"56 km S of Bengkulu, Indonesia",earthquake: 0,5.886,0.083,45.0,us,us: 5,0-10 km: 0,shallow,light,30.293213,30.206728
4174,9,1,2023-09-05 09:30:40,23.5353,120.3047,11.597,4.9,mww: 7,0.379,us: 5,"15 km WNW of Pizitou, Taiwan",earthquake: 0,4.102,0.086,13.0,us,us: 5,0-10 km: 0,shallow,light,18.607393,-39.415173
4175,9,1,2023-09-05 12:12:36,-56.8696,-140.9198,10.0,4.8,mb: 0,25.974,us: 5,Pacific-Antarctic Ridge,earthquake: 0,1.925,0.125,20.0,us,us: 5,20-30 km: 2,shallow,light,-39.10378,-35.549538
4176,9,1,2023-09-05 14:58:03,2.5656,95.8459,23.817,5.1,mb: 0,2.135,us: 5,"60 km W of Sinabang, Indonesia",earthquake: 0,4.292,0.072,62.0,us,us: 5,0-10 km: 0,shallow,moderate,23.738228,30.098335
4177,9,1,2023-09-05 15:03:16,-5.3081,142.8841,49.0,5.8,mww: 7,5.877,us: 5,"Enga, Papua New Guinea",earthquake: 0,1.847,0.061,26.0,us,us: 5,0-10 km: 0,shallow,moderate,40.11828,-32.954395
4178,9,1,2023-09-05 15:42:20,-5.4349,34.9283,10.0,5.1,mww: 7,4.358,us: 5,"37 km SSE of Ikungi, Tanzania",earthquake: 0,1.85,0.098,10.0,us,us: 5,0-10 km: 0,shallow,moderate,30.213585,-28.387968
4179,9,1,2023-09-05 17:50:20,-5.0279,-11.5582,10.0,5.0,mb: 0,4.026,us: 5,Ascension Island region,earthquake: 0,1.811,0.058,99.0,us,us: 5,0-10 km: 0,shallow,moderate,-29.26867,3.1911418
4180,9,1,2023-09-05 18:02:04,36.4881,70.444,203.373,4.6,mb: 0,2.255,us: 5,"53 km E of Farkhār, Afghanistan",earthquake: 0,4.978,0.044,163.0,us,us: 5,0-10 km: 0,intermediate,light,3.675279,45.312035
4181,9,1,2023-09-06 00:07:08,2.68,127.0446,48.8,4.9,mb: 0,1.923,us: 5,"150 km NW of Tobelo, Indonesia",earthquake: 0,5.94,0.07,64.0,us,us: 5,0-10 km: 0,shallow,light,29.529013,37.644043
4182,9,1,2023-09-06 01:30:50,-6.5323,104.4164,35.0,4.8,mb: 0,2.602,us: 5,"153 km SW of Bandar Lampung, Indonesia",earthquake: 0,1.915,0.09,38.0,us,us: 5,0-10 km: 0,shallow,light,2.53557,-5.340863
4183,9,1,2023-09-06 06:53:38,13.0504,120.6453,13.049,4.9,mb: 0,10.195,us: 5,"8 km WSW of Santa Cruz, Philippines",earthquake: 0,3.31,0.076,54.0,us,us: 5,10-20 km: 1,shallow,light,20.869406,27.52306
4184,9,1,2023-09-06 07:51:57,7.0227,125.5087,13.273,4.9,mb: 0,0.084,us: 5,"4 km ESE of Bato, Philippines",earthquake: 0,4.426,0.081,47.0,us,us: 5,0-10 km: 0,shallow,light,26.05928,27.54179
4185,9,1,2023-09-06 11:11:47,-16.9492,-172.2013,10.0,4.9,mb: 0,2.407,us: 5,"202 km ESE of Hihifo, Tonga",earthquake: 0,1.851,0.081,48.0,us,us: 5,0-10 km: 0,shallow,light,-64.48407,-8.519796
4186,9,1,2023-09-06 15:52:16,41.4904,130.0784,644.879,4.9,mb: 0,3.047,us: 5,"34 km E of Hoemul-li, North Korea",earthquake: 0,7.004,0.045,154.0,us,us: 5,0-10 km: 0,deep,light,3.24411,59.177315
4187,9,1,2023-09-06 17:03:45,-19.974,-173.1899,10.0,4.8,mb: 0,1.524,us: 5,"121 km ESE of Fangale’ounga, Tonga",earthquake: 0,1.875,0.124,20.0,us,us: 5,0-10 km: 0,shallow,light,-62.62665,-17.901083
4188,9,1,2023-09-06 23:48:04,-30.2737,-71.4817,36.0,6.3,mww: 7,0.412,us: 5,"38 km SSW of Coquimbo, Chile",earthquake: 0,1.522,0.04,60.0,us,us: 5,0-10 km: 0,shallow,strong,59.807575,-34.21399
4189,9,1,2023-09-06 23:53:14,-6.7386,129.5326,149.372,4.8,mb: 0,4.66,us: 5,Banda Sea,earthquake: 0,2.18,0.07,63.0,us,us: 5,0-10 km: 0,intermediate,light,41.595734,40.2334
4190,9,1,2023-09-07 02:50:46,-55.6481,-123.4256,10.0,4.7,mb: 0,28.166,us: 5,southern East Pacific Rise,earthquake: 0,1.78,0.13,18.0,us,us: 5,20-30 km: 2,shallow,light,-39.61241,-35.976578
4191,9,1,2023-09-07 04:49:25,-55.4432,-128.2299,10.0,5.3,mww: 7,30.37,us: 5,Pacific-Antarctic Ridge,earthquake: 0,1.836,0.098,10.0,us,us: 5,30-40 km: 3,shallow,moderate,62.07604,-26.504814
4192,9,1,2023-09-07 05:01:02,-55.3678,-127.9775,10.0,5.1,mb: 0,30.304,us: 5,Pacific-Antarctic Ridge,earthquake: 0,1.805,0.098,34.0,us,us: 5,30-40 km: 3,shallow,moderate,-37.21013,-34.833317
4193,9,1,2023-09-07 15:40:52,37.6407,141.886,43.428,4.7,mb: 0,3.138,us: 5,"80 km E of Minami-Sōma, Japan",earthquake: 0,4.199,0.194,9.0,us,us: 5,0-10 km: 0,shallow,light,-11.641836,-18.116423
4194,9,1,2023-09-07 16:35:41,8.0379,-38.1646,10.0,4.7,mb: 0,13.957,us: 5,central Mid-Atlantic Ridge,earthquake: 0,1.862,0.05,125.0,us,us: 5,10-20 km: 1,shallow,light,-35.286953,5.985654
4195,9,1,2023-09-07 19:20:13,4.405,127.7487,130.486,5.1,mww: 7,3.416,us: 5,"276 km ESE of Sarangani, Philippines",earthquake: 0,5.16,0.093,11.0,us,us: 5,0-10 km: 0,intermediate,moderate,30.112865,-16.368322
4196,9,1,2023-09-07 23:02:17,56.2176,163.9087,10.0,4.8,mww: 7,4.425,us: 5,"88 km E of Ust’-Kamchatsk Staryy, Russia",earthquake: 0,1.776,0.098,10.0,us,us: 5,0-10 km: 0,shallow,light,20.447865,-42.758945
4197,9,1,2023-09-07 23:07:47,56.2361,163.8025,10.0,4.8,mb: 0,4.396,us: 5,"82 km E of Ust’-Kamchatsk Staryy, Russia",earthquake: 0,1.803,0.037,226.0,us,us: 5,0-10 km: 0,shallow,light,-6.6809597,37.131317
4198,9,1,2023-09-07 23:27:03,-31.2377,-177.7174,10.0,4.7,mb: 0,1.977,us: 5,Kermadec Islands region,earthquake: 0,1.855,0.104,28.0,us,us: 5,0-10 km: 0,shallow,light,-64.998276,-15.079825
4199,9,2,2023-09-08 07:37:46,11.2827,57.5508,10.0,4.6,mb: 0,13.649,us: 5,Owen Fracture Zone region,earthquake: 0,1.916,0.126,19.0,us,us: 5,10-20 km: 1,shallow,light,-21.467695,-8.660314
4200,9,2,2023-09-08 09:09:57,-32.7996,-179.3741,79.0,6.6,mww: 7,3.741,us: 5,south of the Kermadec Islands,earthquake: 0,1.928,0.052,36.0,us,us: 5,0-10 km: 0,intermediate,strong,58.498936,-34.34066
4201,9,2,2023-09-08 09:28:48,38.9143,142.1007,40.452,5.2,mwr: 6,2.036,us: 5,"37 km ESE of Ōfunato, Japan",earthquake: 0,5.902,0.089,12.0,us,us: 5,0-10 km: 0,shallow,moderate,18.690073,-36.63702
4202,9,2,2023-09-08 10:54:47,19.0392,145.8277,133.784,5.2,mb: 0,3.784,us: 5,"Maug Islands region, Northern Mariana Islands",earthquake: 0,6.394,0.024,562.0,us,us: 5,0-10 km: 0,intermediate,moderate,-11.377928,54.632748
4203,9,2,2023-09-08 15:23:59,29.254,129.6253,10.0,4.6,mb: 0,2.689,us: 5,"89 km N of Tatsugō, Japan",earthquake: 0,1.886,0.112,24.0,us,us: 5,0-10 km: 0,shallow,light,-16.116812,7.4810324
4204,9,2,2023-09-08 15:53:18,19.3843,-105.0882,14.0,5.6,mww: 7,3.651,us: 5,"12 km W of Emiliano Zapata, Mexico",earthquake: 0,1.856,0.032,91.0,us,us: 5,0-10 km: 0,shallow,moderate,48.165813,-50.667736
4205,9,2,2023-09-08 16:34:49,-19.0323,-175.5564,216.61,5.2,mb: 0,1.523,us: 5,"152 km WNW of Fangale’ounga, Tonga",earthquake: 0,5.769,0.067,74.0,us,us: 5,0-10 km: 0,intermediate,moderate,-50.181126,-2.5895643
4206,9,2,2023-09-08 16:37:11,19.436,-104.981,13.0,5.8,mww: 7,3.546,us: 5,"5 km NNW of Emiliano Zapata, Mexico",earthquake: 0,1.84,0.03,105.0,us,us: 5,0-10 km: 0,shallow,moderate,47.63883,-50.515263
4207,9,2,2023-09-08 17:08:26,25.2465,128.2464,10.0,4.6,mb: 0,1.583,us: 5,"113 km SSE of Itoman, Japan",earthquake: 0,1.864,0.091,41.0,us,us: 5,0-10 km: 0,shallow,light,-13.874916,11.491905
4208,9,2,2023-09-08 17:25:34,29.2862,129.3355,10.0,4.6,mb: 0,2.417,us: 5,"96 km NNW of Tatsugō, Japan",earthquake: 0,1.864,0.095,37.0,us,us: 5,0-10 km: 0,shallow,light,-14.509069,10.893133
4209,9,2,2023-09-08 17:28:52,29.1423,129.5972,22.323,5.0,mww: 7,2.472,us: 5,"76 km N of Tatsugō, Japan",earthquake: 0,4.102,0.063,24.0,us,us: 5,0-10 km: 0,shallow,moderate,20.701456,-39.131454
4210,9,2,2023-09-08 18:08:14,29.2727,129.4376,11.359,5.1,mww: 7,2.396,us: 5,"92 km N of Tatsugō, Japan",earthquake: 0,3.302,0.05,39.0,us,us: 5,0-10 km: 0,shallow,moderate,22.44676,-39.45346
4211,9,2,2023-09-08 19:32:24,29.2975,129.45,11.94,4.7,mb: 0,2.369,us: 5,"95 km N of Tatsugō, Japan",earthquake: 0,3.837,0.081,52.0,us,us: 5,0-10 km: 0,shallow,light,7.7189226,27.169601
4212,9,2,2023-09-08 19:33:41,30.3347,94.8244,34.851,4.8,mb: 0,3.268,us: 5,"204 km NNE of Shi Yomi, India",earthquake: 0,4.537,0.052,113.0,us,us: 5,0-10 km: 0,shallow,light,1.7886512,31.864786
4213,9,2,2023-09-08 20:32:00,-32.193,-13.8094,10.0,5.0,mb: 0,17.746,us: 5,southern Mid-Atlantic Ridge,earthquake: 0,1.797,0.065,80.0,us,us: 5,10-20 km: 1,shallow,moderate,-24.130981,-39.736652
4214,9,2,2023-09-08 22:09:49,25.0871,124.7906,75.722,4.7,mb: 0,0.867,us: 5,"47 km N of Tarama, Japan",earthquake: 0,6.028,0.062,79.0,us,us: 5,0-10 km: 0,intermediate,light,11.55837,34.326443
4215,9,2,2023-09-08 22:11:01,31.058,-8.3847,19.0,6.8,mww: 7,0.988,us: 5,"Al Haouz, Morocco",earthquake: 0,3.098,0.032,95.0,us,us: 5,0-10 km: 0,shallow,strong,39.228214,-47.45891
4216,9,2,2023-09-08 22:30:44,31.0364,-8.3516,10.0,4.9,mb: 0,0.957,us: 5,"50 km WSW of Oukaïmedene, Morocco",earthquake: 0,1.864,0.071,62.0,us,us: 5,0-10 km: 0,shallow,light,-25.2072,22.82628
4217,9,2,2023-09-08 22:47:02,29.3341,129.2823,10.0,4.9,mb: 0,2.392,us: 5,"102 km NNW of Tatsugō, Japan",earthquake: 0,1.875,0.132,18.0,us,us: 5,0-10 km: 0,shallow,light,-17.661806,4.233489
4218,9,2,2023-09-09 00:06:14,-6.8316,116.5593,512.824,5.6,mww: 7,2.321,us: 5,"176 km NNE of Gili Air, Indonesia",earthquake: 0,3.898,0.098,10.0,us,us: 5,0-10 km: 0,deep,moderate,71.39713,1.7986625
4219,9,2,2023-09-09 00:45:43,-18.8902,168.9232,164.408,5.0,mb: 0,3.953,us: 5,"81 km NNW of Isangel, Vanuatu",earthquake: 0,3.789,0.049,131.0,us,us: 5,0-10 km: 0,intermediate,moderate,34.959988,47.352146
4220,9,2,2023-09-09 02:38:46,-32.6771,-177.5688,10.0,4.9,mb: 0,3.418,us: 5,south of the Kermadec Islands,earthquake: 0,1.84,0.136,18.0,us,us: 5,0-10 km: 0,shallow,light,-64.923996,-21.54045
4221,9,2,2023-09-09 02:41:34,33.5214,132.0013,78.987,4.6,mb: 0,1.578,us: 5,"37 km ENE of Kitsuki, Japan",earthquake: 0,6.539,0.112,24.0,us,us: 5,0-10 km: 0,intermediate,light,14.908451,29.282692
4222,9,2,2023-09-09 03:03:36,29.3358,129.3672,10.0,4.7,mb: 0,2.361,us: 5,"100 km NNW of Tatsugō, Japan",earthquake: 0,1.861,0.063,79.0,us,us: 5,0-10 km: 0,shallow,light,-9.972496,21.09139
4223,9,2,2023-09-09 03:09:49,-4.7589,-105.5478,10.0,5.8,mww: 7,15.772,us: 5,central East Pacific Rise,earthquake: 0,1.5,0.044,50.0,us,us: 5,10-20 km: 1,shallow,moderate,48.02038,-48.215782
4224,9,2,2023-09-09 05:02:50,-7.3801,128.5175,151.225,4.7,mb: 0,4.82,us: 5,"209 km NE of Lospalos, Timor Leste",earthquake: 0,7.593,0.071,61.0,us,us: 5,0-10 km: 0,intermediate,light,44.087273,32.8363
4225,9,2,2023-09-09 08:20:04,2.1503,-101.9782,10.0,4.7,mb: 0,12.022,us: 5,Galapagos Triple Junction region,earthquake: 0,1.935,0.055,102.0,us,us: 5,10-20 km: 1,shallow,light,-36.43617,3.9783113
4226,9,2,2023-09-09 08:28:34,2.0695,-101.7437,10.0,4.6,mb: 0,11.775,us: 5,Galapagos Triple Junction region,earthquake: 0,1.946,0.063,75.0,us,us: 5,10-20 km: 1,shallow,light,-36.075615,2.8321657
4227,9,2,2023-09-09 09:28:28,29.3745,129.1647,10.0,4.7,mb: 0,2.401,us: 5,"110 km NNW of Tatsugō, Japan",earthquake: 0,1.881,0.068,73.0,us,us: 5,0-10 km: 0,shallow,light,-10.132178,19.993021
4228,9,2,2023-09-09 10:11:54,12.0223,143.9359,10.0,4.8,mb: 0,1.804,us: 5,"158 km SSW of Merizo Village, Guam",earthquake: 0,1.884,0.052,127.0,us,us: 5,0-10 km: 0,shallow,light,5.251049,7.6170673
4229,9,2,2023-09-09 10:18:30,24.6464,92.7849,47.764,4.8,mb: 0,5.249,us: 5,"19 km ENE of Lāla, India",earthquake: 0,5.251,0.043,165.0,us,us: 5,0-10 km: 0,shallow,light,0.76796055,39.12785
4230,9,2,2023-09-09 11:52:09,-24.7961,-175.6274,10.0,4.9,mb: 0,3.63,us: 5,south of Tonga,earthquake: 0,1.845,0.11,28.0,us,us: 5,0-10 km: 0,shallow,light,-66.60036,-15.682835
4231,9,2,2023-09-09 11:56:42,2.0453,-101.0758,10.0,4.6,mb: 0,11.121,us: 5,Galapagos Triple Junction region,earthquake: 0,1.92,0.039,199.0,us,us: 5,10-20 km: 1,shallow,light,-24.400475,48.42733
4232,9,2,2023-09-09 12:24:16,-33.557,-178.7128,10.0,4.6,mb: 0,4.335,us: 5,south of the Kermadec Islands,earthquake: 0,1.898,0.157,16.0,us,us: 5,0-10 km: 0,shallow,light,-59.414185,-26.316015
4233,9,2,2023-09-09 14:43:24,0.0018,119.7663,13.0,6.0,mww: 7,1.498,us: 5,"101 km N of Palu, Indonesia",earthquake: 0,1.772,0.068,21.0,us,us: 5,0-10 km: 0,shallow,strong,39.498997,-34.540802
4234,9,2,2023-09-09 16:37:35,-24.1847,-176.463,11.96,4.6,mb: 0,3.218,us: 5,south of the Fiji Islands,earthquake: 0,3.987,0.103,32.0,us,us: 5,0-10 km: 0,shallow,light,-56.18381,-12.367602
4235,9,2,2023-09-09 18:06:00,51.6502,177.7924,75.879,4.8,mb: 0,0.537,us: 5,"Rat Islands, Aleutian Islands, Alaska",earthquake: 0,4.315,0.027,421.0,us,us: 5,0-10 km: 0,intermediate,light,-10.096564,53.273598
4236,9,2,2023-09-09 18:21:29,-1.3591,26.6854,10.0,4.6,mb: 0,4.121,us: 5,"194 km NNE of Kindu, Democratic Republic of the Congo",earthquake: 0,1.797,0.057,103.0,us,us: 5,0-10 km: 0,shallow,light,-6.7839203,8.019377
4237,9,2,2023-09-09 19:07:47,-29.7932,-176.3443,10.0,4.6,mb: 0,1.472,us: 5,Kermadec Islands region,earthquake: 0,1.884,0.1,30.0,us,us: 5,0-10 km: 0,shallow,light,-64.29918,-14.329218
4238,9,2,2023-09-10 00:10:51,30.4554,94.829,10.0,4.6,mb: 0,3.295,us: 5,"217 km NNE of Shi Yomi, India",earthquake: 0,1.769,0.08,46.0,us,us: 5,0-10 km: 0,shallow,light,-16.693007,17.645348
4239,9,2,2023-09-10 04:41:34,-5.4663,146.9717,207.345,4.8,mb: 0,3.917,us: 5,"134 km ESE of Madang, Papua New Guinea",earthquake: 0,5.292,0.057,96.0,us,us: 5,0-10 km: 0,intermediate,light,37.997494,44.13958
4240,9,2,2023-09-10 05:28:32,29.3174,129.306,10.838,4.8,mb: 0,2.399,us: 5,"100 km NNW of Tatsugō, Japan",earthquake: 0,4.053,0.041,179.0,us,us: 5,0-10 km: 0,shallow,light,-1.1854461,38.71808
4241,9,2,2023-09-10 05:33:14,10.9175,143.1667,10.0,4.8,mb: 0,3.133,us: 5,south of the Mariana Islands,earthquake: 0,1.987,0.073,64.0,us,us: 5,0-10 km: 0,shallow,light,-1.0181048,4.2373896
4242,9,2,2023-09-10 05:42:40,2.3262,127.5239,87.377,4.9,mb: 0,1.552,us: 5,"85 km NW of Tobelo, Indonesia",earthquake: 0,7.2,0.06,87.0,us,us: 5,0-10 km: 0,intermediate,light,30.564785,40.056175
4243,9,2,2023-09-10 07:46:02,2.0344,-102.1088,10.0,4.6,mb: 0,12.123,us: 5,Galapagos Triple Junction region,earthquake: 0,1.938,0.037,222.0,us,us: 5,10-20 km: 1,shallow,light,-23.78139,48.714966
4244,9,2,2023-09-10 09:55:07,-27.9471,-66.5837,161.384,4.6,mb: 0,3.254,us: 5,"48 km SSW of Andalgalá, Argentina",earthquake: 0,7.34,0.074,54.0,us,us: 5,0-10 km: 0,intermediate,light,-47.186573,-0.9136274
4245,9,2,2023-09-10 10:21:01,1.6239,127.0086,116.075,4.9,mb: 0,0.919,us: 5,"101 km NNW of Ternate, Indonesia",earthquake: 0,4.196,0.045,159.0,us,us: 5,0-10 km: 0,intermediate,light,24.026342,50.32484
4246,9,2,2023-09-10 11:34:32,10.7749,-62.4114,82.466,4.6,mb: 0,3.651,us: 5,"25 km NNW of Güiria, Venezuela",earthquake: 0,6.074,0.034,266.0,us,us: 5,0-10 km: 0,intermediate,light,-22.24043,53.99512
4247,9,2,2023-09-10 13:03:56,54.274,-160.9245,26.363,5.0,mww: 7,1.033,us: 5,"121 km SSW of Sand Point, Alaska",earthquake: 0,4.534,0.048,42.0,us,us: 5,0-10 km: 0,shallow,moderate,26.300852,-66.83018
4248,9,2,2023-09-10 15:01:59,29.2562,129.4839,10.0,5.3,mww: 7,2.397,us: 5,"90 km N of Tatsugō, Japan",earthquake: 0,1.837,0.063,24.0,us,us: 5,0-10 km: 0,shallow,moderate,26.147375,-45.15872
4249,9,2,2023-09-10 15:03:17,-28.7389,-177.2589,40.546,5.3,mww: 7,0.774,us: 5,Kermadec Islands region,earthquake: 0,4.832,0.083,14.0,us,us: 5,0-10 km: 0,shallow,moderate,67.83449,-36.3074
4250,9,2,2023-09-10 16:30:18,-32.6411,-177.6704,10.0,4.8,mb: 0,3.375,us: 5,south of the Kermadec Islands,earthquake: 0,1.816,0.077,52.0,us,us: 5,0-10 km: 0,shallow,light,-65.17282,-7.635073
4251,9,2,2023-09-10 17:58:28,31.1037,131.503,43.648,4.6,mb: 0,0.986,us: 5,"49 km SSE of Kushima, Japan",earthquake: 0,6.693,0.069,64.0,us,us: 5,0-10 km: 0,shallow,light,11.502093,32.007484
4252,9,2,2023-09-10 18:03:10,-49.9549,-7.773,10.0,4.6,mb: 0,21.907,us: 5,southern Mid-Atlantic Ridge,earthquake: 0,0.802,0.151,13.0,us,us: 5,20-30 km: 2,shallow,light,-36.58377,-42.47106
4253,9,2,2023-09-10 18:55:13,-31.3096,-68.7576,111.972,4.6,mb: 0,0.243,us: 5,"26 km WNW of Albardón, Argentina",earthquake: 0,1.628,0.041,175.0,us,us: 5,0-10 km: 0,intermediate,light,-61.902527,1.2248174
4254,9,2,2023-09-10 21:43:49,35.0542,44.7295,10.0,4.7,mb: 0,0.636,us: 5,"20 km NNE of Ţūz Khūrmātū, Iraq",earthquake: 0,1.832,0.051,117.0,us,us: 5,0-10 km: 0,shallow,light,-17.82656,29.083256
4255,9,2,2023-09-10 22:36:53,-32.8015,-179.3752,82.812,4.6,mb: 0,3.743,us: 5,south of the Kermadec Islands,earthquake: 0,7.447,0.137,16.0,us,us: 5,0-10 km: 0,intermediate,light,-50.321518,-12.683683
4256,9,2,2023-09-11 01:09:47,-16.6022,-174.1327,135.995,4.6,mb: 0,2.039,us: 5,"80 km SSW of Hihifo, Tonga",earthquake: 0,5.438,0.193,8.0,us,us: 5,0-10 km: 0,intermediate,light,-47.381077,-19.421787
4257,9,2,2023-09-11 05:14:06,-55.9543,-27.5796,90.209,5.0,mb: 0,5.38,us: 5,South Sandwich Islands region,earthquake: 0,6.99,0.075,60.0,us,us: 5,0-10 km: 0,intermediate,moderate,-27.575827,-53.554657
4258,9,2,2023-09-11 06:14:20,-3.0567,139.681,73.082,4.8,mb: 0,1.154,us: 5,"117 km WSW of Abepura, Indonesia",earthquake: 0,6.906,0.062,82.0,us,us: 5,0-10 km: 0,intermediate,light,31.142986,38.954014
4259,9,2,2023-09-11 09:20:56,0.7352,-26.0932,10.0,5.9,mww: 7,11.765,us: 5,central Mid-Atlantic Ridge,earthquake: 0,1.785,0.069,20.0,us,us: 5,10-20 km: 1,shallow,moderate,48.574177,-47.321564
4260,9,2,2023-09-11 10:03:28,-22.7193,-174.9823,10.0,4.7,mb: 0,1.555,us: 5,"152 km S of ‘Ohonua, Tonga",earthquake: 0,1.9,0.133,17.0,us,us: 5,0-10 km: 0,shallow,light,-62.11115,-20.423323
4261,9,2,2023-09-11 10:56:11,-8.1797,158.4249,91.886,4.8,mb: 0,1.957,us: 5,"128 km W of Buala, Solomon Islands",earthquake: 0,5.778,0.071,61.0,us,us: 5,0-10 km: 0,intermediate,light,35.7682,38.487087
4262,9,2,2023-09-11 12:51:33,1.1246,127.4888,151.0,6.0,mww: 7,0.371,us: 5,"38 km NNE of Ternate, Indonesia",earthquake: 0,1.893,0.045,47.0,us,us: 5,0-10 km: 0,intermediate,strong,43.754284,-35.721268
4263,9,2,2023-09-11 13:37:08,-27.1693,-71.1762,21.043,5.5,mww: 7,0.755,us: 5,"86 km WNW of Copiapó, Chile",earthquake: 0,3.402,0.083,14.0,us,us: 5,0-10 km: 0,shallow,moderate,62.383656,-30.422441
4264,9,2,2023-09-11 16:46:11,29.2861,129.4905,10.0,4.9,mb: 0,2.367,us: 5,"93 km N of Tatsugō, Japan",earthquake: 0,1.058,0.046,150.0,us,us: 5,0-10 km: 0,shallow,light,-10.700636,32.718403
4265,9,2,2023-09-11 17:30:11,19.1729,121.1431,37.809,4.9,mb: 0,4.135,us: 5,"62 km N of Namuac, Philippines",earthquake: 0,5.093,0.048,135.0,us,us: 5,0-10 km: 0,shallow,light,1.5548398,37.553978
4266,9,2,2023-09-11 17:32:00,24.3645,94.8511,110.242,5.0,mww: 7,3.39,us: 5,"83 km ESE of Wāngjing, India",earthquake: 0,5.096,0.089,12.0,us,us: 5,0-10 km: 0,intermediate,moderate,14.948859,-34.905785
4267,9,2,2023-09-11 22:09:28,5.6435,94.9752,99.979,4.6,mb: 0,2.006,us: 5,"41 km WNW of Banda Aceh, Indonesia",earthquake: 0,6.532,0.066,68.0,us,us: 5,0-10 km: 0,intermediate,light,29.876534,34.96601
4268,9,2,2023-09-11 22:51:06,55.4742,166.4214,13.592,5.3,mww: 7,5.176,us: 5,"260 km ESE of Ust’-Kamchatsk Staryy, Russia",earthquake: 0,3.592,0.052,36.0,us,us: 5,0-10 km: 0,shallow,moderate,27.83008,-41.157074
4269,9,2,2023-09-11 23:09:43,-37.0901,78.2249,10.0,4.7,mb: 0,0.877,us: 5,Mid-Indian Ridge,earthquake: 0,1.9,0.118,22.0,us,us: 5,0-10 km: 0,shallow,light,-17.891745,-38.578022
4270,9,2,2023-09-12 01:00:37,46.042,152.0928,35.0,4.6,mb: 0,6.508,us: 5,Kuril Islands,earthquake: 0,1.81,0.053,106.0,us,us: 5,0-10 km: 0,shallow,light,-6.167468,29.95702
4271,9,2,2023-09-12 01:18:51,-10.2681,161.4926,71.087,5.1,mww: 7,1.731,us: 5,"51 km WNW of Kirakira, Solomon Islands",earthquake: 0,4.427,0.086,13.0,us,us: 5,0-10 km: 0,intermediate,moderate,30.03333,-18.865812
4272,9,2,2023-09-12 01:38:54,-22.3635,169.7685,10.0,5.0,mb: 0,2.162,us: 5,"214 km ESE of Tadine, New Caledonia",earthquake: 0,1.852,0.093,37.0,us,us: 5,0-10 km: 0,shallow,moderate,10.563834,-13.015345
4273,9,2,2023-09-12 02:40:50,15.1471,-93.4529,64.444,5.1,mww: 7,1.697,us: 5,"45 km SW of La Esperanza (El Zapotal), Mexico",earthquake: 0,5.176,0.048,42.0,us,us: 5,0-10 km: 0,shallow,moderate,54.898434,-48.121708
4274,9,2,2023-09-12 04:58:37,-20.6565,-68.5181,110.914,5.3,mww: 7,0.985,us: 5,"Tarapaca, Chile",earthquake: 0,4.464,0.057,30.0,us,us: 5,0-10 km: 0,intermediate,moderate,60.470608,-42.15847
4275,9,2,2023-09-12 08:57:26,28.1179,130.2821,10.0,4.9,mb: 0,2.195,us: 5,"76 km ESE of Tatsugō, Japan",earthquake: 0,1.83,0.072,61.0,us,us: 5,0-10 km: 0,shallow,light,-8.391663,18.056936
4276,9,2,2023-09-12 10:43:54,31.6835,140.5426,69.766,4.6,mb: 0,1.555,us: 5,"Izu Islands, Japan region",earthquake: 0,6.139,0.054,101.0,us,us: 5,0-10 km: 0,shallow,light,9.671893,36.350372
4277,9,2,2023-09-12 11:03:17,19.2355,121.2293,31.11,6.2,mww: 7,4.083,us: 5,"69 km N of Namuac, Philippines",earthquake: 0,3.219,0.062,25.0,us,us: 5,0-10 km: 0,shallow,strong,35.85745,-45.381435
4278,9,2,2023-09-12 13:58:01,30.1815,142.1535,10.0,4.8,mb: 0,3.54,us: 5,"Izu Islands, Japan region",earthquake: 0,1.844,0.098,32.0,us,us: 5,0-10 km: 0,shallow,light,-12.682074,10.310174
4279,9,2,2023-09-12 17:17:08,-18.8464,-173.9221,67.026,4.6,mb: 0,0.21,us: 5,"22 km SSE of Neiafu, Tonga",earthquake: 0,5.667,0.165,14.0,us,us: 5,0-10 km: 0,shallow,light,-50.538517,-17.205814
4280,9,2,2023-09-12 21:48:57,53.9618,-164.0795,46.756,4.9,mb: 0,0.592,us: 5,"108 km SSW of False Pass, Alaska",earthquake: 0,4.925,0.044,163.0,us,us: 5,0-10 km: 0,shallow,light,-26.624159,35.08932
4281,9,2,2023-09-12 23:17:37,51.4926,-176.4217,49.544,5.0,mb: 0,0.37,us: 5,"44 km SSE of Adak, Alaska",earthquake: 0,4.831,0.038,222.0,us,us: 5,0-10 km: 0,shallow,moderate,-26.404295,35.631504
4282,9,2,2023-09-13 00:05:36,70.585,-14.6672,10.0,4.6,mb: 0,2.442,us: 5,"222 km WSW of Olonkinbyen, Svalbard and Jan Mayen",earthquake: 0,1.861,0.063,75.0,us,us: 5,0-10 km: 0,shallow,light,-26.401297,28.263998
4283,9,2,2023-09-13 00:06:28,70.5451,-14.3183,10.0,4.9,mb: 0,6.403,us: 5,"210 km WSW of Olonkinbyen, Svalbard and Jan Mayen",earthquake: 0,1.842,0.048,137.0,us,us: 5,0-10 km: 0,shallow,light,-25.574062,30.677385
4284,9,2,2023-09-13 00:53:57,18.4162,-105.5971,10.0,4.6,mb: 0,1.174,us: 5,"126 km SSW of Emiliano Zapata, Mexico",earthquake: 0,1.953,0.049,126.0,us,us: 5,0-10 km: 0,shallow,light,-36.242676,6.285738
4285,9,2,2023-09-13 02:33:08,70.6481,-14.6524,10.0,5.1,mww: 7,2.059,us: 5,"220 km W of Olonkinbyen, Svalbard and Jan Mayen",earthquake: 0,1.811,0.043,53.0,us,us: 5,0-10 km: 0,shallow,moderate,22.26913,-61.725353
4286,9,2,2023-09-13 05:34:33,-5.754,110.1746,650.655,5.0,mb: 0,1.314,us: 5,"100 km NW of Batang, Indonesia",earthquake: 0,5.56,0.042,179.0,us,us: 5,0-10 km: 0,deep,moderate,2.3623755,60.94638
4287,9,2,2023-09-13 09:16:08,48.8833,156.1449,29.599,4.6,mb: 0,4.343,us: 5,"199 km S of Severo-Kuril’sk, Russia",earthquake: 0,5.568,0.064,73.0,us,us: 5,0-10 km: 0,shallow,light,7.3091464,37.70336
4288,9,2,2023-09-13 11:36:54,-9.6539,159.8291,45.099,5.2,mww: 7,0.244,us: 5,"13 km ENE of Malango, Solomon Islands",earthquake: 0,1.604,0.086,13.0,us,us: 5,0-10 km: 0,shallow,moderate,40.88914,-24.85459
4289,9,2,2023-09-13 11:49:15,-36.2299,-97.9312,10.0,6.1,mww: 7,13.319,us: 5,West Chile Rise,earthquake: 0,1.845,0.05,39.0,us,us: 5,10-20 km: 1,shallow,strong,60.181076,-34.076042
4290,9,2,2023-09-13 16:22:25,-23.0798,-175.1278,10.0,4.6,mb: 0,1.902,us: 5,"193 km S of ‘Ohonua, Tonga",earthquake: 0,1.905,0.137,16.0,us,us: 5,0-10 km: 0,shallow,light,-61.324806,-21.595812
4291,9,2,2023-09-13 16:45:03,-23.0514,170.0367,10.0,5.0,mww: 7,2.429,us: 5,"264 km E of Vao, New Caledonia",earthquake: 0,1.825,0.078,16.0,us,us: 5,0-10 km: 0,shallow,moderate,43.435905,-24.010862
4292,9,2,2023-09-13 17:51:07,15.2251,39.473,10.0,5.0,mww: 7,4.926,us: 5,"42 km S of Massawa, Eritrea",earthquake: 0,1.432,0.093,11.0,us,us: 5,0-10 km: 0,shallow,moderate,27.859257,-31.649124
4293,9,2,2023-09-14 05:53:16,31.0181,-8.3703,8.722,4.6,mb: 0,0.971,us: 5,"52 km WSW of Oukaïmedene, Morocco",earthquake: 0,4.297,0.095,33.0,us,us: 5,0-10 km: 0,shallow,light,1.7832474,23.246452
4294,9,2,2023-09-14 06:19:35,-10.9865,113.3733,10.0,4.6,mb: 0,2.616,us: 5,"298 km S of Kencong, Indonesia",earthquake: 0,1.938,0.173,10.0,us,us: 5,0-10 km: 0,shallow,light,-9.505041,-23.62484
4295,9,2,2023-09-14 07:01:04,6.7906,-73.0327,158.809,5.1,mww: 7,0.894,us: 5,"7 km WNW of Cepitá, Colombia",earthquake: 0,6.035,0.065,23.0,us,us: 5,0-10 km: 0,intermediate,moderate,58.016747,-44.839714
4296,9,2,2023-09-14 07:19:49,-36.3035,-99.571,10.0,4.9,mb: 0,22.334,us: 5,southeast of Easter Island,earthquake: 0,1.894,0.043,171.0,us,us: 5,20-30 km: 2,shallow,light,-61.830353,0.2049766
4297,9,2,2023-09-14 13:18:10,-60.7934,-34.3301,10.0,4.6,mb: 0,6.63,us: 5,Scotia Sea,earthquake: 0,1.882,0.193,13.0,us,us: 5,0-10 km: 0,shallow,light,-38.495007,-42.49274
4298,9,2,2023-09-14 13:46:01,8.012,124.8651,10.0,4.6,mb: 0,1.174,us: 5,"3 km S of Basak, Philippines",earthquake: 0,1.88,0.105,28.0,us,us: 5,0-10 km: 0,shallow,light,-8.900205,-5.0333934
4299,9,2,2023-09-14 14:25:06,5.2515,-76.7301,10.0,5.2,mww: 7,1.516,us: 5,"9 km S of El Cantón de San Pablo, Colombia",earthquake: 0,1.808,0.06,27.0,us,us: 5,0-10 km: 0,shallow,moderate,52.64378,-52.156643
4300,9,2,2023-09-14 19:58:42,-6.1561,149.5901,40.0,5.6,mww: 7,3.222,us: 5,"7 km NE of Kandrian, Papua New Guinea",earthquake: 0,1.62,0.073,18.0,us,us: 5,0-10 km: 0,shallow,moderate,39.810104,-31.344797
4301,9,2,2023-09-14 22:51:25,-36.4961,-98.0875,10.0,5.6,mww: 7,13.394,us: 5,southeast of Easter Island,earthquake: 0,1.676,0.057,30.0,us,us: 5,10-20 km: 1,shallow,moderate,61.12896,-29.95819
4302,9,2,2023-09-14 23:15:31,-6.516,149.5054,10.0,5.0,mb: 0,3.513,us: 5,"34 km S of Kandrian, Papua New Guinea",earthquake: 0,1.764,0.07,65.0,us,us: 5,0-10 km: 0,shallow,moderate,6.4108677,-1.752466
4303,9,2,2023-09-14 23:51:26,-57.9461,-25.2568,45.872,5.1,mb: 0,7.271,us: 5,South Sandwich Islands region,earthquake: 0,4.943,0.081,49.0,us,us: 5,0-10 km: 0,shallow,moderate,-26.943235,-52.211754
4304,9,3,2023-09-15 00:44:57,9.6119,138.7297,10.0,4.6,mb: 0,12.206,us: 5,"67 km E of Colonia, Micronesia",earthquake: 0,1.93,0.141,15.0,us,us: 5,10-20 km: 1,shallow,light,-15.094154,-8.854424
4305,9,3,2023-09-15 00:46:56,-48.8722,123.885,10.0,4.6,mb: 0,16.69,us: 5,western Indian-Antarctic Ridge,earthquake: 0,1.731,0.125,19.0,us,us: 5,10-20 km: 1,shallow,light,-11.620645,-38.68804
4306,9,3,2023-09-15 02:37:46,-60.7689,-23.7438,10.0,5.1,mb: 0,13.696,us: 5,South Sandwich Islands region,earthquake: 0,1.802,0.091,41.0,us,us: 5,10-20 km: 1,shallow,moderate,-26.339838,-45.481533
4307,9,3,2023-09-15 02:48:01,-30.1266,60.3583,10.0,4.6,mb: 0,9.841,us: 5,Southwest Indian Ridge,earthquake: 0,1.772,0.137,17.0,us,us: 5,0-10 km: 0,shallow,light,-16.807371,-36.484127
4308,9,3,2023-09-15 04:26:47,15.4943,145.8433,4.874,4.7,mb: 0,0.264,us: 5,"32 km NNE of Saipan, Northern Mariana Islands",volcanic eruption: 2,4.621,0.085,42.0,us,us: 5,0-10 km: 0,shallow,light,30.240934,9.883821
4309,9,3,2023-09-15 04:28:47,15.454,145.7736,9.921,4.7,mb: 0,2.051,us: 5,"26 km N of Saipan, Northern Mariana Islands",volcanic eruption: 2,5.211,0.102,30.0,us,us: 5,0-10 km: 0,shallow,light,30.24949,9.887075
4310,9,3,2023-09-15 06:19:55,15.5082,145.5699,9.966,4.6,mb: 0,2.025,us: 5,"38 km NNW of Saipan, Northern Mariana Islands",volcanic eruption: 2,6.236,0.173,10.0,us,us: 5,0-10 km: 0,shallow,light,30.291527,9.831637
4311,9,3,2023-09-15 06:22:28,15.5257,145.6122,8.736,4.6,mb: 0,0.338,us: 5,"37 km NNW of Saipan, Northern Mariana Islands",volcanic eruption: 2,5.48,0.141,15.0,us,us: 5,0-10 km: 0,shallow,light,30.277058,9.860606
4312,9,3,2023-09-15 08:00:48,15.5466,145.5517,10.0,4.8,mb: 0,0.388,us: 5,"42 km NNW of Saipan, Northern Mariana Islands",volcanic eruption: 2,1.924,0.109,26.0,us,us: 5,0-10 km: 0,shallow,light,30.238865,9.850113
4313,9,3,2023-09-15 09:30:03,-60.3746,-26.1018,10.0,5.0,mb: 0,14.608,us: 5,South Sandwich Islands region,earthquake: 0,1.966,0.097,34.0,us,us: 5,10-20 km: 1,shallow,moderate,-27.476519,-44.8013
4314,9,3,2023-09-15 13:02:25,-30.1101,-177.7841,36.697,5.1,mb: 0,0.854,us: 5,"Kermadec Islands, New Zealand",earthquake: 0,5.95,0.043,177.0,us,us: 5,0-10 km: 0,shallow,moderate,-58.149227,0.24469379
4315,9,3,2023-09-15 17:04:30,-15.5185,-174.4221,184.12,4.8,mb: 0,3.014,us: 5,"82 km NW of Hihifo, Tonga",earthquake: 0,5.401,0.06,89.0,us,us: 5,0-10 km: 0,intermediate,light,-50.65327,-2.7561986
4316,9,3,2023-09-15 18:07:39,-27.3052,-71.5671,8.0,5.7,mww: 7,1.08,us: 5,"122 km W of Copiapó, Chile",earthquake: 0,1.693,0.043,53.0,us,us: 5,0-10 km: 0,shallow,moderate,60.75469,-35.91025
4317,9,3,2023-09-15 18:16:01,1.1311,126.3201,12.114,5.0,mb: 0,1.106,us: 5,"124 km WNW of Ternate, Indonesia",earthquake: 0,3.536,0.054,124.0,us,us: 5,0-10 km: 0,shallow,moderate,20.45731,37.06248
4318,9,3,2023-09-15 23:07:01,-24.2258,-175.6664,35.0,5.0,mb: 0,3.072,us: 5,south of Tonga,earthquake: 0,1.838,0.048,136.0,us,us: 5,0-10 km: 0,shallow,moderate,-62.128998,-2.0160532
4319,9,3,2023-09-16 01:29:19,-5.8118,102.9512,31.44,4.8,mb: 0,1.442,us: 5,"200 km S of Pagar Alam, Indonesia",earthquake: 0,4.828,0.074,57.0,us,us: 5,0-10 km: 0,shallow,light,28.729546,29.920687
4320,9,3,2023-09-16 02:01:54,-30.6066,-178.1079,55.142,5.0,mb: 0,1.35,us: 5,"Kermadec Islands, New Zealand",earthquake: 0,6.679,0.063,82.0,us,us: 5,0-10 km: 0,shallow,moderate,-54.734318,-5.8360634
4321,9,3,2023-09-16 03:07:03,-5.9764,151.2983,35.0,4.7,mb: 0,1.972,us: 5,"136 km ESE of Kimbe, Papua New Guinea",earthquake: 0,1.878,0.093,35.0,us,us: 5,0-10 km: 0,shallow,light,2.3421564,-9.834445
4322,9,3,2023-09-16 08:39:33,-5.8995,151.2804,35.0,4.8,mb: 0,1.912,us: 5,"132 km ESE of Kimbe, Papua New Guinea",earthquake: 0,1.62,0.071,62.0,us,us: 5,0-10 km: 0,shallow,light,6.724689,-2.7316623
4323,9,3,2023-09-16 10:04:52,3.8828,126.2644,8.99,4.9,mb: 0,3.239,us: 5,"190 km SSE of Sarangani, Philippines",earthquake: 0,3.383,0.073,62.0,us,us: 5,0-10 km: 0,shallow,light,23.68264,28.69524
4324,9,3,2023-09-16 13:29:30,6.73,-72.9926,157.783,4.9,mb: 0,0.837,us: 5,"3 km SW of Cepitá, Colombia",earthquake: 0,6.494,0.024,527.0,us,us: 5,0-10 km: 0,intermediate,light,-14.820171,55.711685
4325,9,3,2023-09-16 13:47:56,-13.7282,66.2319,10.0,5.5,mww: 7,6.59,us: 5,Mid-Indian Ridge,earthquake: 0,1.797,0.086,13.0,us,us: 5,0-10 km: 0,shallow,moderate,45.63046,-27.196308
4326,9,3,2023-09-16 17:31:13,-57.9544,-25.2839,47.769,5.0,mb: 0,7.261,us: 5,South Sandwich Islands region,earthquake: 0,4.884,0.078,60.0,us,us: 5,0-10 km: 0,shallow,moderate,-26.882301,-52.115135
4327,9,3,2023-09-16 19:14:12,-41.2022,-89.1569,10.0,4.6,mb: 0,11.145,us: 5,southeast of Easter Island,earthquake: 0,1.954,0.091,36.0,us,us: 5,10-20 km: 1,shallow,light,-33.16397,-32.72204
4328,9,3,2023-09-16 19:52:43,-20.1956,-175.3031,160.443,4.6,mb: 0,0.974,us: 5,"104 km N of Nuku‘alofa, Tonga",earthquake: 0,7.05,0.123,20.0,us,us: 5,0-10 km: 0,intermediate,light,-48.750675,-9.277558
4329,9,3,2023-09-16 20:06:27,-24.1866,-175.9771,35.0,4.6,mb: 0,3.086,us: 5,south of Tonga,earthquake: 0,1.928,0.207,7.0,us,us: 5,0-10 km: 0,shallow,light,-52.251637,-27.306911
4330,9,3,2023-09-16 20:53:13,-13.5646,167.1697,227.198,4.6,mb: 0,8.527,us: 5,"53 km NW of Sola, Vanuatu",earthquake: 0,4.973,0.066,69.0,us,us: 5,0-10 km: 0,intermediate,light,39.210873,43.314194
4331,9,3,2023-09-16 21:17:39,-0.4861,133.1929,10.0,5.0,mb: 0,1.964,us: 5,"91 km ENE of Fef, Indonesia",earthquake: 0,1.81,0.078,53.0,us,us: 5,0-10 km: 0,shallow,moderate,4.3653398,-2.4454243
4332,9,3,2023-09-17 02:18:05,-37.6948,-75.333,10.0,4.8,mww: 7,1.954,us: 5,"Off the coast of Bio-Bio, Chile",earthquake: 0,1.783,0.06,27.0,us,us: 5,0-10 km: 0,shallow,light,65.12325,-43.03277
4333,9,3,2023-09-17 04:01:46,-29.4341,-71.2613,47.896,5.1,mww: 7,0.483,us: 5,"52 km N of La Serena, Chile",earthquake: 0,1.021,0.051,37.0,us,us: 5,0-10 km: 0,shallow,moderate,61.98061,-38.20505
4334,9,3,2023-09-17 11:28:11,50.8131,-130.3127,10.0,5.5,mww: 7,1.396,us: 5,"229 km W of Port McNeill, Canada",earthquake: 0,1.862,0.027,133.0,us,us: 5,0-10 km: 0,shallow,moderate,25.40942,-62.813828
4335,9,3,2023-09-17 11:53:59,-10.1917,161.395,88.568,4.9,mww: 7,1.611,us: 5,"64 km WNW of Kirakira, Solomon Islands",earthquake: 0,6.566,0.098,10.0,us,us: 5,0-10 km: 0,intermediate,light,28.418732,-17.778002
4336,9,3,2023-09-17 12:58:45,-15.6323,168.18,10.0,4.7,mb: 0,6.135,us: 5,"96 km ENE of Norsup, Vanuatu",earthquake: 0,1.882,0.108,27.0,us,us: 5,0-10 km: 0,shallow,light,3.9567225,-17.04763
4337,9,3,2023-09-17 16:23:31,38.8027,71.7603,11.548,4.6,mb: 0,0.675,us: 5,"52 km SSE of Karakenja, Tajikistan",earthquake: 0,4.273,0.054,103.0,us,us: 5,0-10 km: 0,shallow,light,2.2555618,29.690569
4338,9,3,2023-09-18 00:55:04,-10.3946,161.397,81.286,4.6,mb: 0,1.715,us: 5,"57 km W of Kirakira, Solomon Islands",earthquake: 0,7.218,0.088,38.0,us,us: 5,0-10 km: 0,intermediate,light,39.00073,28.053837
4339,9,3,2023-09-18 02:54:03,13.1968,120.3441,35.0,4.9,mb: 0,10.053,us: 5,"25 km W of Tayaman, Philippines",earthquake: 0,1.832,0.065,75.0,us,us: 5,10-20 km: 1,shallow,light,0.25183758,5.6328163
4340,9,3,2023-09-18 03:10:14,44.0201,11.6768,10.0,5.1,mww: 7,0.586,us: 5,"7 km SE of Marradi, Italy",earthquake: 0,1.769,0.045,48.0,us,us: 5,0-10 km: 0,shallow,moderate,21.015085,-58.55644
4341,9,3,2023-09-18 03:43:21,28.5597,129.9661,35.0,4.6,mb: 0,2.281,us: 5,"37 km ENE of Tatsugō, Japan",earthquake: 0,1.909,0.114,23.0,us,us: 5,0-10 km: 0,shallow,light,-16.417673,6.9993057
4342,9,3,2023-09-18 06:24:03,-22.475,69.0561,10.0,4.7,mb: 0,5.958,us: 5,Mid-Indian Ridge,earthquake: 0,1.852,0.091,41.0,us,us: 5,0-10 km: 0,shallow,light,-21.15695,-37.882202
4343,9,3,2023-09-18 09:11:20,-9.7616,159.4313,10.0,4.6,mb: 0,0.602,us: 5,"32 km WSW of Malango, Solomon Islands",earthquake: 0,1.876,0.091,36.0,us,us: 5,0-10 km: 0,shallow,light,1.8892822,-10.938466
4344,9,3,2023-09-18 11:02:01,13.0093,121.1304,10.0,4.9,mb: 0,7.35,us: 5,"24 km SW of Victoria, Philippines",earthquake: 0,1.857,0.054,106.0,us,us: 5,0-10 km: 0,shallow,light,5.682085,7.001567
4345,9,3,2023-09-18 13:21:23,26.5312,125.2312,176.0,6.3,mww: 7,2.324,us: 5,"191 km N of Hirara, Japan",earthquake: 0,1.844,0.044,49.0,us,us: 5,0-10 km: 0,intermediate,strong,37.429607,-42.29684
4346,9,3,2023-09-18 13:37:40,54.041,159.6407,107.657,4.6,mb: 0,1.179,us: 5,"98 km SE of Mil’kovo, Russia",earthquake: 0,5.88,0.058,88.0,us,us: 5,0-10 km: 0,intermediate,light,7.784647,39.989075
4347,9,3,2023-09-18 15:19:31,-14.4155,167.2585,205.529,4.7,mb: 0,6.728,us: 5,Vanuatu,earthquake: 0,4.035,0.053,109.0,us,us: 5,0-10 km: 0,intermediate,light,37.73174,45.63721
4348,9,3,2023-09-18 16:23:57,17.2845,-46.3232,10.0,4.6,mb: 0,13.591,us: 5,northern Mid-Atlantic Ridge,earthquake: 0,1.904,0.151,13.0,us,us: 5,10-20 km: 1,shallow,light,-30.481592,-10.480326
4349,9,3,2023-09-18 16:40:40,-3.6042,149.5724,10.0,4.6,mb: 0,2.65,us: 5,"177 km SW of Kavieng, Papua New Guinea",earthquake: 0,1.877,0.107,26.0,us,us: 5,0-10 km: 0,shallow,light,-1.0174537,-12.245002
4350,9,3,2023-09-18 16:42:38,-3.5068,149.2612,10.0,4.6,mb: 0,2.975,us: 5,"199 km WSW of Kavieng, Papua New Guinea",earthquake: 0,1.892,0.122,20.0,us,us: 5,0-10 km: 0,shallow,light,-2.543535,-14.991388
4351,9,3,2023-09-18 16:49:25,-55.3686,-128.5952,10.0,5.0,mb: 0,30.308,us: 5,Pacific-Antarctic Ridge,earthquake: 0,1.742,0.109,27.0,us,us: 5,30-40 km: 3,shallow,moderate,-37.810265,-35.01236
4352,9,3,2023-09-18 17:06:03,-55.3993,-128.6543,10.0,4.8,mb: 0,30.307,us: 5,Pacific-Antarctic Ridge,earthquake: 0,1.724,0.095,34.0,us,us: 5,30-40 km: 3,shallow,light,-37.494728,-34.332993
4353,9,3,2023-09-18 19:33:03,38.5226,141.6584,51.0,5.5,mww: 7,2.31,us: 5,"20 km ENE of Onagawa Chō, Japan",earthquake: 0,1.879,0.051,37.0,us,us: 5,0-10 km: 0,shallow,moderate,32.216465,-43.149986
4354,9,3,2023-09-18 19:44:43,-14.7679,167.3486,158.746,4.8,mb: 0,6.449,us: 5,Vanuatu,earthquake: 0,4.951,0.07,63.0,us,us: 5,0-10 km: 0,intermediate,light,38.658073,40.795525
4355,9,3,2023-09-18 22:40:57,-9.998,160.8342,10.0,4.9,mb: 0,1.036,us: 5,"115 km ESE of Honiara, Solomon Islands",earthquake: 0,1.821,0.062,82.0,us,us: 5,0-10 km: 0,shallow,light,9.689421,-1.6829983
4356,9,3,2023-09-19 00:18:43,-55.1585,-128.5119,10.0,4.6,mb: 0,35.019,us: 5,Pacific-Antarctic Ridge,earthquake: 0,1.846,0.193,8.0,us,us: 5,30-40 km: 3,shallow,light,-49.25995,-30.985115
4357,9,3,2023-09-19 00:27:45,-22.4928,-174.1706,10.0,4.7,mb: 0,1.629,us: 5,"151 km SSE of ‘Ohonua, Tonga",earthquake: 0,1.822,0.115,23.0,us,us: 5,0-10 km: 0,shallow,light,-63.54988,-16.371193
4358,9,3,2023-09-19 03:28:25,-13.2246,167.2073,231.929,4.9,mb: 0,7.803,us: 5,"81 km NNW of Sola, Vanuatu",earthquake: 0,3.513,0.049,130.0,us,us: 5,0-10 km: 0,intermediate,light,37.5585,46.14793
4359,9,3,2023-09-19 04:32:17,6.1041,126.9186,81.367,4.6,mb: 0,1.64,us: 5,"86 km ESE of Pondaguitan, Philippines",earthquake: 0,5.821,0.073,56.0,us,us: 5,0-10 km: 0,intermediate,light,29.952528,34.257973
4360,9,3,2023-09-19 05:28:39,37.4019,73.0686,54.312,4.6,mb: 0,2.3,us: 5,"83 km NE of Khandūd, Afghanistan",earthquake: 0,6.713,0.072,57.0,us,us: 5,0-10 km: 0,shallow,light,9.74615,33.247303
4361,9,3,2023-09-19 06:22:36,30.9964,141.9897,8.0,5.8,mww: 7,2.806,us: 5,"Izu Islands, Japan region",earthquake: 0,1.84,0.042,55.0,us,us: 5,0-10 km: 0,shallow,moderate,32.333843,-44.74013
4362,9,3,2023-09-19 07:32:12,41.8778,144.2878,41.778,4.6,mb: 0,0.854,us: 5,"Hokkaido, Japan region",earthquake: 0,2.783,0.072,57.0,us,us: 5,0-10 km: 0,shallow,light,-13.315227,16.960571
4363,9,3,2023-09-19 12:16:33,-5.2663,103.6856,60.758,4.9,mb: 0,1.157,us: 5,"southern Sumatra, Indonesia",earthquake: 0,6.375,0.063,82.0,us,us: 5,0-10 km: 0,shallow,light,31.063555,38.020973
4364,9,3,2023-09-19 16:04:10,51.5124,16.1605,5.0,4.6,mb: 0,1.168,us: 5,"6 km E of Polkowice, Poland",earthquake: 0,1.846,0.057,91.0,us,us: 5,0-10 km: 0,shallow,light,-24.324717,28.178194
4365,9,3,2023-09-19 21:10:54,10.8218,144.0692,10.0,4.8,mb: 0,2.859,us: 5,south of the Mariana Islands,earthquake: 0,1.847,0.094,35.0,us,us: 5,0-10 km: 0,shallow,light,-6.2378244,-1.4559469
4366,9,3,2023-09-19 21:14:49,-43.704,171.1198,11.712,5.5,mww: 7,0.049,us: 5,"Canterbury, New Zealand",earthquake: 0,2.759,0.051,37.0,us,us: 5,0-10 km: 0,shallow,moderate,51.317074,-23.240366
4367,9,3,2023-09-19 22:17:47,30.9761,142.008,10.0,5.2,mww: 7,2.832,us: 5,"Izu Islands, Japan region",earthquake: 0,1.784,0.057,30.0,us,us: 5,0-10 km: 0,shallow,moderate,25.699764,-44.17597
4368,9,3,2023-09-19 23:27:23,-56.0477,-27.2539,107.651,4.6,mb: 0,5.581,us: 5,South Sandwich Islands region,earthquake: 0,6.89,0.125,19.0,us,us: 5,0-10 km: 0,intermediate,light,-32.055702,-53.450428
4369,9,3,2023-09-20 00:27:17,-36.4701,-96.903,10.0,4.9,mb: 0,19.865,us: 5,West Chile Rise,earthquake: 0,1.817,0.084,45.0,us,us: 5,10-20 km: 1,shallow,light,-31.909113,-32.1772
4370,9,3,2023-09-20 00:49:13,40.3436,144.9931,10.0,4.7,mb: 0,2.17,us: 5,"257 km SSE of Hiroo, Japan",earthquake: 0,1.87,0.085,43.0,us,us: 5,0-10 km: 0,shallow,light,-13.942897,14.637879
4371,9,3,2023-09-20 02:38:32,-29.7599,-177.6606,49.864,5.1,mb: 0,0.545,us: 5,"Kermadec Islands, New Zealand",earthquake: 0,3.747,0.157,13.0,us,us: 5,0-10 km: 0,shallow,moderate,-53.174404,-16.519186
4372,9,3,2023-09-20 08:50:26,-17.8917,-178.5857,565.235,4.6,mb: 0,3.206,us: 5,"223 km E of Levuka, Fiji",earthquake: 0,6.188,0.029,356.0,us,us: 5,0-10 km: 0,deep,light,-10.129091,65.10034
4373,9,3,2023-09-20 09:32:30,-14.6967,167.995,10.0,5.0,mww: 7,6.811,us: 5,"102 km SSE of Sola, Vanuatu",earthquake: 0,1.86,0.08,15.0,us,us: 5,0-10 km: 0,shallow,moderate,42.55595,-23.701818
4374,9,3,2023-09-20 14:45:27,-4.5602,-105.6816,10.0,5.2,mb: 0,15.854,us: 5,central East Pacific Rise,earthquake: 0,1.883,0.027,462.0,us,us: 5,10-20 km: 1,shallow,moderate,-15.257947,53.862843
4375,9,3,2023-09-20 14:45:56,-4.5869,-105.6088,10.0,5.9,mww: 7,15.789,us: 5,central East Pacific Rise,earthquake: 0,1.866,0.05,39.0,us,us: 5,10-20 km: 1,shallow,moderate,47.974934,-48.02072
4376,9,3,2023-09-20 15:28:25,-4.6444,-106.2024,10.0,4.6,mb: 0,22.602,us: 5,central East Pacific Rise,earthquake: 0,1.903,0.059,86.0,us,us: 5,20-30 km: 2,shallow,light,-36.892372,2.631116
4377,9,3,2023-09-20 19:22:32,-44.8936,35.2016,10.0,5.7,mww: 7,16.775,us: 5,Prince Edward Islands region,earthquake: 0,1.796,0.08,15.0,us,us: 5,10-20 km: 1,shallow,moderate,56.787014,-25.842031
4378,9,3,2023-09-20 22:17:33,46.7898,146.2071,347.753,4.6,mb: 0,2.371,us: 5,"216 km NW of Kuril’sk, Russia",earthquake: 0,5.389,0.043,157.0,us,us: 5,0-10 km: 0,deep,light,4.946381,54.634167
4379,9,3,2023-09-21 01:13:58,54.9138,-160.3674,50.348,5.4,mww: 7,0.441,us: 5,"47 km S of Sand Point, Alaska",earthquake: 0,4.79,0.048,42.0,us,us: 5,0-10 km: 0,shallow,moderate,26.68273,-66.064125
4380,9,3,2023-09-21 04:07:05,0.2972,98.4256,29.383,4.6,mb: 0,1.312,us: 5,"75 km ESE of Teluk Dalam, Indonesia",earthquake: 0,6.951,0.119,21.0,us,us: 5,0-10 km: 0,shallow,light,36.19705,19.118698
4381,9,3,2023-09-21 09:48:23,13.8086,144.6809,151.861,5.0,mb: 0,0.284,us: 5,"36 km NNW of Dededo Village, Guam",earthquake: 0,2.615,0.028,398.0,us,us: 5,0-10 km: 0,intermediate,moderate,-9.378141,54.27906
4382,9,3,2023-09-21 15:20:31,-30.6653,-178.2396,34.0,5.6,mww: 7,1.426,us: 5,"Kermadec Islands, New Zealand",earthquake: 0,1.653,0.056,31.0,us,us: 5,0-10 km: 0,shallow,moderate,63.791664,-33.68405
4383,9,3,2023-09-21 18:23:22,-6.2583,122.647,10.45,4.6,mb: 0,3.135,us: 5,"88 km S of Baubau, Indonesia",earthquake: 0,4.443,0.089,38.0,us,us: 5,0-10 km: 0,shallow,light,29.736649,23.435165
4384,9,3,2023-09-21 21:11:48,-14.0192,167.2467,185.0,6.1,mww: 7,7.084,us: 5,Vanuatu,earthquake: 0,1.868,0.054,33.0,us,us: 5,0-10 km: 0,intermediate,strong,44.63465,-35.828915
4385,9,3,2023-09-21 21:22:12,30.966,141.8013,12.765,5.7,mww: 7,2.728,us: 5,"Izu Islands, Japan region",earthquake: 0,3.656,0.052,35.0,us,us: 5,0-10 km: 0,shallow,moderate,30.65738,-43.521378
4386,9,3,2023-09-21 22:41:40,79.5846,-18.4638,10.0,4.7,mb: 0,5.681,us: 5,eastern Greenland,earthquake: 0,1.854,0.053,109.0,us,us: 5,0-10 km: 0,shallow,light,-26.113146,29.705313
4387,9,4,2023-09-22 00:05:52,-3.7342,152.0903,10.0,4.6,mb: 0,0.46,us: 5,"52 km N of Rabaul, Papua New Guinea",earthquake: 0,1.643,0.132,17.0,us,us: 5,0-10 km: 0,shallow,light,-3.3228066,-16.701563
4388,9,4,2023-09-22 00:45:48,14.9036,108.2093,10.0,4.6,mb: 0,2.946,us: 5,"48 km S of Trà My, Vietnam",earthquake: 0,1.841,0.101,29.0,us,us: 5,0-10 km: 0,shallow,light,-8.030073,-2.656166
4389,9,4,2023-09-22 00:46:51,31.0567,142.0367,10.0,4.7,mb: 0,2.788,us: 5,"Izu Islands, Japan region",earthquake: 0,1.832,0.058,91.0,us,us: 5,0-10 km: 0,shallow,light,-9.627373,22.619001
4390,9,4,2023-09-22 01:11:42,-3.7656,151.9866,10.0,5.1,mb: 0,0.458,us: 5,"51 km NNW of Rabaul, Papua New Guinea",earthquake: 0,1.875,0.069,67.0,us,us: 5,0-10 km: 0,shallow,moderate,6.3713274,-1.5272229
4391,9,4,2023-09-22 02:11:55,-8.7467,-74.431,137.536,4.9,mb: 0,4.0,us: 5,Central Peru,earthquake: 0,5.658,0.027,423.0,us,us: 5,0-10 km: 0,intermediate,light,-16.329737,55.506176
4392,9,4,2023-09-22 08:20:57,-25.3126,-179.8954,452.253,4.9,mb: 0,4.29,us: 5,south of the Fiji Islands,earthquake: 0,8.024,0.053,111.0,us,us: 5,0-10 km: 0,deep,light,-7.9108396,69.367676
4393,9,4,2023-09-22 09:04:40,54.8986,-160.4219,43.165,5.0,mww: 7,0.453,us: 5,"48 km S of Sand Point, Alaska",earthquake: 0,4.514,0.048,41.0,us,us: 5,0-10 km: 0,shallow,moderate,26.347357,-66.82231
4394,9,4,2023-09-22 14:59:16,-7.0623,129.7277,147.0,5.8,mww: 7,2.529,us: 5,"Kepulauan Babar, Indonesia",earthquake: 0,1.938,0.042,55.0,us,us: 5,0-10 km: 0,intermediate,moderate,44.024055,-35.2945
4395,9,4,2023-09-22 16:19:32,-14.9131,166.9028,39.211,5.4,mww: 7,6.136,us: 5,"23 km NW of Port-Olry, Vanuatu",earthquake: 0,3.013,0.062,25.0,us,us: 5,0-10 km: 0,shallow,moderate,40.346054,-28.55572
4396,9,4,2023-09-22 16:24:36,-25.794,70.4326,10.0,4.6,mb: 0,8.862,us: 5,Mid-Indian Ridge,earthquake: 0,1.895,0.137,18.0,us,us: 5,0-10 km: 0,shallow,light,-17.053381,-36.227413
4397,9,4,2023-09-22 16:33:14,30.9131,142.0334,10.0,5.0,mb: 0,2.894,us: 5,"Izu Islands, Japan region",earthquake: 0,1.904,0.04,202.0,us,us: 5,0-10 km: 0,shallow,moderate,-8.148962,38.694324
4398,9,4,2023-09-22 16:45:16,-25.775,70.5481,10.0,4.6,mb: 0,8.929,us: 5,Mid-Indian Ridge,earthquake: 0,1.866,0.122,24.0,us,us: 5,0-10 km: 0,shallow,light,-18.485888,-37.187775
4399,9,4,2023-09-22 22:13:50,-18.9268,-174.3148,132.048,4.8,mb: 0,0.407,us: 5,"46 km SW of Neiafu, Tonga",earthquake: 0,3.999,0.061,84.0,us,us: 5,0-10 km: 0,intermediate,light,-51.647846,-3.3185174
4400,9,4,2023-09-23 00:37:41,-25.7399,70.4012,10.0,4.6,mb: 0,40.087,us: 5,Mid-Indian Ridge,earthquake: 0,1.922,0.152,13.0,us,us: 5,40-50 km: 4,shallow,light,-16.15552,-35.44397
4401,9,4,2023-09-23 13:25:31,-55.0891,-128.6438,10.0,4.8,mb: 0,30.004,us: 5,Pacific-Antarctic Ridge,earthquake: 0,1.903,0.121,25.0,us,us: 5,30-40 km: 3,shallow,light,-38.828014,-35.39817
4402,9,4,2023-09-23 14:24:34,17.1447,96.1004,10.0,4.8,mb: 0,3.006,us: 5,"38 km N of Yangon, Myanmar",earthquake: 0,1.841,0.062,80.0,us,us: 5,0-10 km: 0,shallow,light,-0.26266965,6.9043303
4403,9,4,2023-09-23 16:52:07,-5.3189,29.8743,10.0,4.7,mb: 0,4.764,us: 5,"56 km SSE of Kigoma, Tanzania",earthquake: 0,1.911,0.137,16.0,us,us: 5,0-10 km: 0,shallow,light,-27.894495,-8.881745
4404,9,4,2023-09-24 01:27:34,1.9095,96.9269,33.273,5.2,mb: 0,2.142,us: 5,"87 km SE of Sinabang, Indonesia",earthquake: 0,4.108,0.052,123.0,us,us: 5,0-10 km: 0,shallow,moderate,19.813847,37.21483
4405,9,4,2023-09-24 09:36:07,-4.4087,153.487,108.148,4.6,mb: 0,1.337,us: 5,"135 km E of Kokopo, Papua New Guinea",earthquake: 0,6.167,0.054,102.0,us,us: 5,0-10 km: 0,intermediate,light,33.262524,42.546154
4406,9,4,2023-09-24 15:01:37,52.6283,-171.7732,108.872,5.0,mb: 0,1.093,us: 5,"172 km ENE of Atka, Alaska",earthquake: 0,5.323,0.023,615.0,us,us: 5,0-10 km: 0,intermediate,moderate,-13.246422,55.736042
4407,9,4,2023-09-24 16:34:31,7.0637,94.6399,10.0,4.8,mb: 0,5.931,us: 5,"149 km NNW of Sabang, Indonesia",earthquake: 0,1.829,0.107,29.0,us,us: 5,0-10 km: 0,shallow,light,-6.9669757,-4.4493523
4408,9,4,2023-09-24 21:01:37,6.9366,94.6214,10.0,4.6,mb: 0,5.954,us: 5,"138 km NNW of Sabang, Indonesia",earthquake: 0,1.813,0.074,55.0,us,us: 5,0-10 km: 0,shallow,light,-2.4187353,1.6107916
4409,9,4,2023-09-24 21:24:57,-20.4581,-174.2816,35.0,4.6,mb: 0,0.633,us: 5,"71 km S of Pangai, Tonga",earthquake: 0,1.347,0.102,29.0,us,us: 5,0-10 km: 0,shallow,light,-63.369133,-13.918659
4410,9,4,2023-09-24 23:50:39,-14.4615,173.5713,609.92,4.7,mb: 0,5.404,us: 5,Fiji region,earthquake: 0,6.711,0.052,114.0,us,us: 5,0-10 km: 0,deep,light,3.3423505,61.648884
4411,9,4,2023-09-25 01:28:54,-1.084,10.1909,10.0,4.6,mb: 0,12.347,us: 5,"42 km S of Lambaréné, Gabon",earthquake: 0,1.86,0.076,52.0,us,us: 5,10-20 km: 1,shallow,light,-30.460192,-0.21875933
4412,9,4,2023-09-25 04:12:20,-55.9123,-28.3764,156.202,4.9,mb: 0,4.936,us: 5,South Sandwich Islands region,earthquake: 0,3.039,0.065,74.0,us,us: 5,0-10 km: 0,intermediate,light,-24.321098,-53.56553
4413,9,4,2023-09-25 05:11:20,-7.1307,129.1247,177.076,4.8,mb: 0,2.705,us: 5,"280 km ENE of Lospalos, Timor Leste",earthquake: 0,5.118,0.061,82.0,us,us: 5,0-10 km: 0,intermediate,light,37.695316,42.63507
4414,9,4,2023-09-25 05:21:56,-24.5106,-177.0001,98.016,4.7,mb: 0,3.715,us: 5,south of the Fiji Islands,earthquake: 0,6.604,0.081,47.0,us,us: 5,0-10 km: 0,intermediate,light,-52.329876,-6.7551904
4415,9,4,2023-09-25 06:57:45,13.8654,-91.9861,35.0,4.6,mb: 0,1.071,us: 5,"48 km S of Champerico, Guatemala",earthquake: 0,1.934,0.032,284.0,us,us: 5,0-10 km: 0,shallow,light,-21.009726,50.582413
4416,9,4,2023-09-25 15:48:49,-6.928,130.0115,90.45,4.7,mb: 0,2.393,us: 5,Banda Sea,earthquake: 0,5.642,0.087,40.0,us,us: 5,0-10 km: 0,intermediate,light,36.792583,29.260866
4417,9,4,2023-09-25 16:36:47,-60.1657,-27.4716,82.09,4.6,mb: 0,7.657,us: 5,South Sandwich Islands region,earthquake: 0,7.085,0.137,16.0,us,us: 5,0-10 km: 0,intermediate,light,-31.814894,-53.665886
4418,9,4,2023-09-25 22:43:42,-60.2375,-27.8481,10.358,4.6,mb: 0,7.582,us: 5,South Sandwich Islands region,earthquake: 0,4.594,0.103,28.0,us,us: 5,0-10 km: 0,shallow,light,-30.358852,-50.824505
4419,9,4,2023-09-26 01:39:43,4.7109,127.5053,94.0,5.9,mww: 7,3.027,us: 5,"234 km SE of Pondaguitan, Philippines",earthquake: 0,1.864,0.04,60.0,us,us: 5,0-10 km: 0,intermediate,moderate,42.681946,-35.806686
4420,9,4,2023-09-26 06:21:38,15.0877,-104.3164,10.0,5.4,mww: 7,3.316,us: 5,"off the coast of Michoacan, Mexico",earthquake: 0,1.909,0.075,17.0,us,us: 5,0-10 km: 0,shallow,moderate,53.355816,-53.15555
4421,9,4,2023-09-26 06:50:30,-10.3341,161.5134,87.597,4.6,mb: 0,1.781,us: 5,"46 km WNW of Kirakira, Solomon Islands",earthquake: 0,6.783,0.105,27.0,us,us: 5,0-10 km: 0,intermediate,light,39.692955,26.959545
4422,9,4,2023-09-26 08:04:07,13.2103,145.0112,49.051,4.8,mb: 0,0.402,us: 5,"29 km ESE of Inarajan Village, Guam",earthquake: 0,5.006,0.066,71.0,us,us: 5,0-10 km: 0,shallow,light,24.605145,36.4839
4423,9,4,2023-09-26 14:05:30,-23.4315,-179.8079,530.455,5.2,mww: 7,4.821,us: 5,south of the Fiji Islands,earthquake: 0,4.99,0.098,10.0,us,us: 5,0-10 km: 0,deep,moderate,73.83648,4.8988676
4424,9,4,2023-09-26 17:40:52,17.4403,-94.5971,142.937,4.8,mb: 0,0.443,us: 5,"10 km W of Niños Héroes, Mexico",earthquake: 0,4.198,0.036,239.0,us,us: 5,0-10 km: 0,intermediate,light,-22.641293,53.213783
4425,9,4,2023-09-26 20:05:12,18.2549,146.8184,57.179,4.6,mb: 0,3.161,us: 5,"Pagan region, Northern Mariana Islands",earthquake: 0,7.698,0.091,38.0,us,us: 5,0-10 km: 0,shallow,light,52.230556,17.954033
4426,9,4,2023-09-27 02:14:27,54.9808,-160.3805,53.325,4.7,mww: 7,0.373,us: 5,"40 km S of Sand Point, Alaska",earthquake: 0,1.792,0.083,14.0,us,us: 5,0-10 km: 0,shallow,light,25.296732,-68.8242
4427,9,4,2023-09-27 02:54:44,31.4154,141.7419,11.753,5.0,mb: 0,2.354,us: 5,"Izu Islands, Japan region",earthquake: 0,4.062,0.037,234.0,us,us: 5,0-10 km: 0,shallow,moderate,-4.717895,41.405273
4428,9,4,2023-09-27 05:32:35,-27.2504,-177.5016,10.372,4.7,mb: 0,2.023,us: 5,Kermadec Islands region,earthquake: 0,3.67,0.138,16.0,us,us: 5,0-10 km: 0,shallow,light,-54.714523,-14.461866
4429,9,4,2023-09-27 09:51:05,56.4507,-168.2598,8.79,4.6,mww: 7,0.73,us: 5,"80 km ESE of Saint George, Alaska",earthquake: 0,4.188,0.071,19.0,us,us: 5,0-10 km: 0,shallow,light,26.09972,-68.4575
4430,9,4,2023-09-27 16:04:04,14.9835,-94.0217,44.712,4.6,mb: 0,1.795,us: 5,"102 km SSW of Manuel Ávila Camacho (Ponte Duro), Mexico",earthquake: 0,10.628,0.05,121.0,us,us: 5,0-10 km: 0,shallow,light,-46.330505,6.1561694
4431,9,4,2023-09-27 16:15:20,-3.3385,128.858,17.573,5.0,mb: 0,1.573,us: 5,"6 km W of Amahai, Indonesia",earthquake: 0,4.056,0.06,89.0,us,us: 5,0-10 km: 0,shallow,moderate,21.071926,35.322315
4432,9,4,2023-09-27 17:37:35,-53.5274,-134.774,10.0,5.6,mww: 7,31.771,us: 5,Pacific-Antarctic Ridge,earthquake: 0,1.693,0.086,13.0,us,us: 5,30-40 km: 3,shallow,moderate,62.389324,-27.267118
4433,9,4,2023-09-27 17:47:21,0.8622,93.1129,10.0,5.5,mww: 7,4.483,us: 5,off the west coast of northern Sumatra,earthquake: 0,1.804,0.061,26.0,us,us: 5,0-10 km: 0,shallow,moderate,36.45089,-31.821722
4434,9,4,2023-09-27 18:00:40,-18.8999,-178.0139,613.904,4.8,mb: 0,3.475,us: 5,"296 km ESE of Levuka, Fiji",earthquake: 0,5.921,0.046,147.0,us,us: 5,0-10 km: 0,deep,light,-10.229937,69.40996
4435,9,4,2023-09-27 22:32:59,-2.7226,128.7449,23.65,4.7,mb: 0,2.13,us: 5,"68 km NNW of Masohi, Indonesia",earthquake: 0,4.696,0.078,49.0,us,us: 5,0-10 km: 0,shallow,light,27.529293,25.94626
4436,9,4,2023-09-28 00:08:01,2.6204,66.3947,10.0,4.6,mb: 0,14.981,us: 5,Carlsberg Ridge,earthquake: 0,1.813,0.087,40.0,us,us: 5,10-20 km: 1,shallow,light,-27.07564,-2.4326375
4437,9,4,2023-09-28 00:14:00,0.7959,-26.0973,10.0,4.9,mb: 0,11.795,us: 5,central Mid-Atlantic Ridge,earthquake: 0,1.839,0.074,57.0,us,us: 5,10-20 km: 1,shallow,light,-32.187218,1.4927849
4438,9,4,2023-09-28 01:22:05,11.7134,43.1605,10.727,4.6,mb: 0,0.238,us: 5,"13 km N of Djibouti, Djibouti",earthquake: 0,4.885,0.103,28.0,us,us: 5,0-10 km: 0,shallow,light,26.929874,21.23477
4439,9,4,2023-09-28 01:43:33,-15.1407,-173.458,16.067,5.0,mb: 0,2.938,us: 5,"97 km NNE of Hihifo, Tonga",earthquake: 0,4.181,0.05,127.0,us,us: 5,0-10 km: 0,shallow,moderate,-59.01111,-1.2250875
4440,9,4,2023-09-28 03:56:00,1.9903,97.4814,50.637,4.6,mb: 0,0.688,us: 5,"47 km SW of Singkil, Indonesia",earthquake: 0,3.114,0.173,10.0,us,us: 5,0-10 km: 0,shallow,light,-15.313338,-15.585502
4441,9,4,2023-09-28 05:53:12,11.6384,43.23,10.839,4.6,mb: 0,0.173,us: 5,"10 km ENE of Djibouti, Djibouti",earthquake: 0,5.258,0.091,37.0,us,us: 5,0-10 km: 0,shallow,light,26.907873,21.324415
4442,9,4,2023-09-28 09:05:39,-2.8762,126.5562,11.046,4.9,mb: 0,3.713,us: 5,"110 km SE of Sanana, Indonesia",earthquake: 0,3.766,0.084,58.0,us,us: 5,0-10 km: 0,shallow,light,24.835152,27.93054
4443,9,4,2023-09-28 11:16:43,-6.611,129.6152,146.025,4.6,mb: 0,2.095,us: 5,Banda Sea,earthquake: 0,5.664,0.075,53.0,us,us: 5,0-10 km: 0,intermediate,light,41.200912,37.063652
4444,9,4,2023-09-28 14:00:45,-6.3631,130.1749,171.316,4.8,mb: 0,1.848,us: 5,"296 km WSW of Tual, Indonesia",earthquake: 0,7.492,0.062,80.0,us,us: 5,0-10 km: 0,intermediate,light,36.429317,43.33275
4445,9,4,2023-09-28 14:40:25,-15.5866,167.741,125.0,6.1,mww: 7,5.93,us: 5,"62 km E of Luganville, Vanuatu",earthquake: 0,1.883,0.038,67.0,us,us: 5,0-10 km: 0,intermediate,strong,43.76753,-36.29796
4446,9,4,2023-09-28 17:06:29,8.9872,126.473,68.191,4.9,mb: 0,2.101,us: 5,"20 km ENE of Aras-asan, Philippines",earthquake: 0,4.132,0.038,214.0,us,us: 5,0-10 km: 0,shallow,light,20.95958,50.63476
4447,9,4,2023-09-28 17:26:43,12.5402,126.0155,10.0,4.7,mb: 0,5.453,us: 5,"68 km ENE of Alugan, Philippines",earthquake: 0,1.82,0.051,116.0,us,us: 5,0-10 km: 0,shallow,light,4.7797613,7.149953
4448,9,4,2023-09-28 17:40:06,44.3313,148.671,30.0,5.8,mww: 7,4.374,us: 5,"117 km SSE of Kuril’sk, Russia",earthquake: 0,1.756,0.053,34.0,us,us: 5,0-10 km: 0,shallow,moderate,33.33517,-43.87697
4449,9,4,2023-09-28 19:21:14,-5.2534,152.8231,27.0,5.7,mww: 7,1.243,us: 5,"117 km SSE of Kokopo, Papua New Guinea",earthquake: 0,1.726,0.061,26.0,us,us: 5,0-10 km: 0,shallow,moderate,39.780445,-32.425655
4450,9,4,2023-09-28 19:43:37,-5.9177,149.1913,92.416,5.0,mb: 0,3.422,us: 5,"50 km NW of Kandrian, Papua New Guinea",earthquake: 0,3.229,0.042,182.0,us,us: 5,0-10 km: 0,intermediate,moderate,22.054024,50.359905
4451,9,4,2023-09-28 19:45:16,-6.784,147.7769,63.779,4.9,mb: 0,2.675,us: 5,"26 km SSW of Finschhafen, Papua New Guinea",earthquake: 0,6.33,0.104,29.0,us,us: 5,0-10 km: 0,shallow,light,37.988766,24.974152
4452,9,4,2023-09-28 19:46:18,13.2684,-90.1755,66.631,4.6,mb: 0,0.738,us: 5,"52 km SW of Acajutla, El Salvador",earthquake: 0,5.251,0.039,198.0,us,us: 5,0-10 km: 0,shallow,light,-23.993528,53.236008
4453,9,4,2023-09-28 21:12:00,-5.2707,152.7318,31.327,4.6,mb: 0,1.213,us: 5,"114 km SSE of Kokopo, Papua New Guinea",earthquake: 0,5.945,0.119,21.0,us,us: 5,0-10 km: 0,shallow,light,33.920467,19.112606
4454,9,4,2023-09-28 23:27:48,-19.315,-177.9564,595.604,4.9,mb: 0,3.176,us: 5,Fiji region,earthquake: 0,7.334,0.06,87.0,us,us: 5,0-10 km: 0,deep,light,-9.822199,70.94162
4455,9,4,2023-09-29 00:14:35,-5.2457,152.7435,35.0,4.7,mb: 0,16.049,us: 5,"112 km SSE of Kokopo, Papua New Guinea",earthquake: 0,1.933,0.079,48.0,us,us: 5,10-20 km: 1,shallow,light,4.3747377,-6.9499564
4456,9,4,2023-09-29 01:19:36,-4.6058,153.2711,50.884,5.6,mww: 7,1.179,us: 5,"114 km ESE of Kokopo, Papua New Guinea",earthquake: 0,3.69,0.063,24.0,us,us: 5,0-10 km: 0,shallow,moderate,34.983555,-23.473707
4457,9,4,2023-09-29 01:53:17,-5.1954,152.8589,35.0,5.0,mb: 0,1.215,us: 5,"114 km SE of Kokopo, Papua New Guinea",earthquake: 0,1.466,0.046,150.0,us,us: 5,0-10 km: 0,shallow,moderate,11.812639,2.6663082
4458,9,4,2023-09-29 08:58:02,-14.7815,-177.8041,364.519,4.7,mb: 0,0.562,us: 5,"61 km SSE of Alo, Wallis and Futuna",earthquake: 0,4.718,0.069,64.0,us,us: 5,0-10 km: 0,deep,light,-5.825091,69.37036
4459,9,4,2023-09-29 10:42:55,-6.8209,144.6576,10.0,4.6,mb: 0,3.567,us: 5,"94 km SE of Ialibu, Papua New Guinea",earthquake: 0,1.897,0.146,14.0,us,us: 5,0-10 km: 0,shallow,light,-5.092785,-18.662819
4460,9,4,2023-09-29 15:44:57,40.0644,144.1888,10.0,4.6,mb: 0,2.099,us: 5,"197 km ENE of Miyako, Japan",earthquake: 0,1.854,0.057,92.0,us,us: 5,0-10 km: 0,shallow,light,-7.9748473,23.812544
4461,9,4,2023-09-29 16:51:36,-8.9346,152.7769,10.0,5.1,mww: 7,4.752,us: 5,"296 km ENE of Alotau, Papua New Guinea",earthquake: 0,1.851,0.093,11.0,us,us: 5,0-10 km: 0,shallow,moderate,41.102886,-23.595926
4462,9,4,2023-09-29 18:21:05,23.1726,142.9082,81.652,4.6,mb: 0,3.961,us: 5,"Volcano Islands, Japan region",earthquake: 0,5.755,0.066,76.0,us,us: 5,0-10 km: 0,intermediate,light,11.690075,34.263298
4463,9,4,2023-09-29 19:05:45,38.4809,-30.347,14.127,5.0,mww: 7,1.119,us: 5,"122 km SE of Lajes das Flores, Portugal",earthquake: 0,3.294,0.05,39.0,us,us: 5,0-10 km: 0,shallow,moderate,19.973661,-58.93491
4464,9,4,2023-09-29 19:42:48,-23.238,-175.1186,10.0,4.8,mb: 0,2.06,us: 5,"210 km S of ‘Ohonua, Tonga",earthquake: 0,1.788,0.109,33.0,us,us: 5,0-10 km: 0,shallow,light,-65.017624,-14.728734
4465,9,4,2023-09-29 22:36:09,-57.9717,-25.4371,35.0,5.2,mb: 0,7.195,us: 5,South Sandwich Islands region,earthquake: 0,1.85,0.065,77.0,us,us: 5,0-10 km: 0,shallow,moderate,-25.073336,-47.545235
4466,9,4,2023-09-29 22:58:25,-19.3382,-178.4723,591.828,4.7,mb: 0,8.079,us: 5,"272 km ESE of Levuka, Fiji",earthquake: 0,11.292,0.142,15.0,us,us: 5,0-10 km: 0,deep,light,-8.066497,77.26216
4467,9,4,2023-09-30 00:31:59,-52.8414,140.1915,10.0,5.8,mww: 7,11.023,us: 5,west of Macquarie Island,earthquake: 0,1.811,0.062,25.0,us,us: 5,10-20 km: 1,shallow,moderate,51.55005,-24.184984
4468,9,4,2023-09-30 06:08:09,-60.8467,-26.7251,10.0,4.7,mb: 0,17.303,us: 5,South Sandwich Islands region,earthquake: 0,1.91,0.118,22.0,us,us: 5,10-20 km: 1,shallow,light,-32.356937,-44.322598
4469,9,4,2023-09-30 06:10:41,-22.5012,171.6511,86.832,4.9,mb: 0,3.888,us: 5,southeast of the Loyalty Islands,earthquake: 0,7.857,0.108,27.0,us,us: 5,0-10 km: 0,intermediate,light,40.454395,23.637417
4470,9,4,2023-09-30 06:33:43,-9.0912,105.4816,10.0,4.9,mb: 0,1.366,us: 5,"260 km SSW of Pelabuhanratu, Indonesia",earthquake: 0,1.858,0.079,50.0,us,us: 5,0-10 km: 0,shallow,light,4.2689996,-3.8194509
4471,9,4,2023-09-30 10:08:02,-23.4604,-174.7971,10.0,4.8,mb: 0,2.311,us: 5,"235 km S of ‘Ohonua, Tonga",earthquake: 0,1.921,0.131,18.0,us,us: 5,0-10 km: 0,shallow,light,-62.96385,-19.803448
4472,9,4,2023-09-30 18:17:27,-11.4659,166.1696,77.884,4.6,mb: 0,6.443,us: 5,"91 km SSE of Lata, Solomon Islands",earthquake: 0,6.642,0.119,24.0,us,us: 5,0-10 km: 0,intermediate,light,41.287045,21.739712
4473,9,4,2023-09-30 19:14:05,-16.2105,-174.029,111.669,4.6,mb: 0,2.425,us: 5,"37 km SW of Hihifo, Tonga",earthquake: 0,5.882,0.059,90.0,us,us: 5,0-10 km: 0,intermediate,light,-52.583958,-3.3391497
4474,9,4,2023-09-30 20:36:40,-9.0631,158.28,10.0,4.6,mb: 0,1.688,us: 5,"172 km WNW of Malango, Solomon Islands",earthquake: 0,1.824,0.105,27.0,us,us: 5,0-10 km: 0,shallow,light,0.13704664,-12.987361
4475,9,4,2023-09-30 23:30:30,-4.3429,152.6996,65.434,4.9,mb: 0,0.555,us: 5,"47 km E of Kokopo, Papua New Guinea",earthquake: 0,5.801,0.097,33.0,us,us: 5,0-10 km: 0,shallow,light,37.79151,25.116224
4476,10,1,2023-10-01 00:18:40,-10.6211,113.1065,10.0,4.7,mb: 0,2.373,us: 5,"260 km S of Kencong, Indonesia",earthquake: 0,1.867,0.097,33.0,us,us: 5,0-10 km: 0,shallow,light,0.5526246,-9.208336
4477,10,1,2023-10-01 04:00:24,-6.9332,106.7791,113.044,5.3,mb: 0,1.012,us: 5,"16 km W of Sukabumi, Indonesia",earthquake: 0,4.938,0.044,171.0,us,us: 5,0-10 km: 0,intermediate,moderate,22.03514,49.52255
4478,10,1,2023-10-01 04:04:21,-20.3051,-173.4047,10.0,4.9,mb: 0,1.009,us: 5,"113 km ESE of Pangai, Tonga",earthquake: 0,1.863,0.15,14.0,us,us: 5,0-10 km: 0,shallow,light,-57.45831,-23.97467
4479,10,1,2023-10-01 05:42:16,43.6815,-28.9193,10.0,4.7,mb: 0,19.042,us: 5,northern Mid-Atlantic Ridge,earthquake: 0,1.92,0.071,60.0,us,us: 5,10-20 km: 1,shallow,light,-25.636194,21.565142
4480,10,1,2023-10-01 06:37:05,43.6775,-28.9352,10.0,4.7,mb: 0,14.213,us: 5,northern Mid-Atlantic Ridge,earthquake: 0,1.869,0.058,90.0,us,us: 5,10-20 km: 1,shallow,light,-23.370686,28.945387
4481,10,1,2023-10-01 10:25:48,-4.2427,143.1405,109.324,4.6,mb: 0,2.978,us: 5,"35 km E of Ambunti, Papua New Guinea",earthquake: 0,7.619,0.09,37.0,us,us: 5,0-10 km: 0,intermediate,light,43.72458,30.72779
4482,10,1,2023-10-01 12:54:14,-15.9509,-173.7898,76.823,4.9,mb: 0,3.546,us: 5,"0 km ENE of Hihifo, Tonga",earthquake: 0,7.089,0.033,291.0,us,us: 5,0-10 km: 0,intermediate,light,-21.282974,56.234314
4483,10,1,2023-10-01 22:54:27,8.033,126.6357,78.009,4.6,mb: 0,1.419,us: 5,"21 km ENE of Santa Maria, Philippines",earthquake: 0,6.491,0.067,67.0,us,us: 5,0-10 km: 0,intermediate,light,29.485863,34.933662
4484,10,1,2023-10-02 00:49:12,43.6842,-128.5479,10.0,4.7,mb: 0,2.473,us: 5,off the coast of Oregon,earthquake: 0,2.012,0.043,166.0,us,us: 5,0-10 km: 0,shallow,light,-26.051178,34.045715
4485,10,1,2023-10-02 01:54:51,-22.8322,-174.7924,10.0,4.6,mb: 0,1.698,us: 5,"165 km S of ‘Ohonua, Tonga",earthquake: 0,1.94,0.193,8.0,us,us: 5,0-10 km: 0,shallow,light,-53.429832,-27.093473
4486,10,1,2023-10-02 02:06:10,-57.1117,-30.1791,10.0,5.2,mb: 0,4.557,us: 5,South Sandwich Islands region,earthquake: 0,1.813,0.089,42.0,us,us: 5,0-10 km: 0,shallow,moderate,-25.893764,-45.53482
4487,10,1,2023-10-02 02:33:43,28.7973,142.6035,10.0,5.0,mb: 0,1.735,us: 5,"Bonin Islands, Japan region",earthquake: 0,1.821,0.051,121.0,us,us: 5,0-10 km: 0,shallow,moderate,-11.043562,29.979992
4488,10,1,2023-10-02 03:33:47,-55.037,-129.742,10.0,4.6,mb: 0,33.796,us: 5,Pacific-Antarctic Ridge,earthquake: 0,1.774,0.146,14.0,us,us: 5,30-40 km: 3,shallow,light,-40.5016,-36.614044
4489,10,1,2023-10-02 05:34:19,-20.8121,-178.7246,598.336,4.6,mb: 0,3.309,us: 5,Fiji region,earthquake: 0,2.532,0.033,281.0,us,us: 5,0-10 km: 0,deep,light,-9.844057,65.86543
4490,10,1,2023-10-02 06:28:18,-6.826,129.9373,80.354,4.7,mww: 7,4.513,us: 5,Banda Sea,earthquake: 0,6.563,0.098,10.0,us,us: 5,0-10 km: 0,intermediate,light,28.214182,-17.318361
4491,10,1,2023-10-02 06:36:26,-56.6353,-25.6802,29.114,4.7,mb: 0,6.583,us: 5,South Sandwich Islands region,earthquake: 0,5.571,0.092,38.0,us,us: 5,0-10 km: 0,shallow,light,-29.451723,-51.80413
4492,10,1,2023-10-02 08:29:44,43.314,17.4175,10.0,4.6,mb: 0,1.444,us: 5,"6 km S of Grude, Bosnia and Herzegovina",earthquake: 0,1.851,0.077,50.0,us,us: 5,0-10 km: 0,shallow,light,-23.580612,19.937098
4493,10,1,2023-10-02 08:29:58,29.7481,139.9314,10.0,4.6,mb: 0,3.305,us: 5,"Izu Islands, Japan region",earthquake: 0,1.714,0.061,81.0,us,us: 5,0-10 km: 0,shallow,light,-10.3483,21.41639
4494,10,1,2023-10-02 08:46:30,31.025,142.0459,10.0,4.7,mb: 0,2.817,us: 5,"Izu Islands, Japan region",earthquake: 0,1.847,0.06,83.0,us,us: 5,0-10 km: 0,shallow,light,-9.693645,21.701315
4495,10,1,2023-10-02 08:58:37,-4.1801,134.0052,10.0,5.3,mww: 7,2.154,us: 5,"189 km WSW of Nabire, Indonesia",earthquake: 0,1.816,0.056,31.0,us,us: 5,0-10 km: 0,shallow,moderate,38.15877,-28.458979
4496,10,1,2023-10-02 12:45:15,25.9206,90.5798,10.0,4.9,mww: 7,3.799,us: 5,"28 km S of Goālpāra, India",earthquake: 0,1.834,0.098,10.0,us,us: 5,0-10 km: 0,shallow,light,19.83201,-48.215813
4497,10,1,2023-10-02 13:15:07,29.8074,139.9758,10.0,4.6,mb: 0,3.301,us: 5,"Izu Islands, Japan region",earthquake: 0,1.838,0.07,61.0,us,us: 5,0-10 km: 0,shallow,light,-11.247467,18.77629
4498,10,1,2023-10-02 13:48:14,29.7729,140.1554,10.0,4.6,mb: 0,3.21,us: 5,"Izu Islands, Japan region",earthquake: 0,1.917,0.165,11.0,us,us: 5,0-10 km: 0,shallow,light,-17.383057,-9.6182575
4499,10,1,2023-10-02 14:03:39,38.7862,71.6977,13.494,5.3,mww: 7,0.695,us: 5,"52 km SSE of Karakenja, Tajikistan",earthquake: 0,3.067,0.061,26.0,us,us: 5,0-10 km: 0,shallow,moderate,22.05647,-55.261868
4500,10,1,2023-10-02 14:17:57,29.8135,140.0454,10.0,5.0,mb: 0,3.298,us: 5,"Izu Islands, Japan region",earthquake: 0,1.785,0.037,237.0,us,us: 5,0-10 km: 0,shallow,moderate,-7.39341,39.84144
4501,10,1,2023-10-02 16:30:29,32.834,141.7442,10.0,4.6,mb: 0,1.647,us: 5,"288 km SSE of Katsuura, Japan",earthquake: 0,1.8,0.095,33.0,us,us: 5,0-10 km: 0,shallow,light,-14.886098,10.908679
4502,10,1,2023-10-02 21:30:08,12.1905,123.6276,10.0,4.9,mb: 0,5.44,us: 5,"6 km NE of Tigbaw, Philippines",earthquake: 0,1.876,0.061,83.0,us,us: 5,0-10 km: 0,shallow,light,0.9994334,6.1735854
4503,10,1,2023-10-02 23:34:38,44.1944,148.4954,35.0,4.6,mb: 0,4.248,us: 5,"124 km SSE of Kuril’sk, Russia",earthquake: 0,1.952,0.086,40.0,us,us: 5,0-10 km: 0,shallow,light,-14.551247,15.005957
4504,10,1,2023-10-03 01:56:17,-4.543,153.6881,86.0,5.7,mww: 7,1.56,us: 5,"159 km E of Kokopo, Papua New Guinea",earthquake: 0,1.858,0.065,23.0,us,us: 5,0-10 km: 0,intermediate,moderate,41.174225,-32.84668
4505,10,1,2023-10-03 04:01:13,-56.7267,-25.871,35.0,4.6,mb: 0,6.509,us: 5,South Sandwich Islands region,earthquake: 0,1.954,0.129,18.0,us,us: 5,0-10 km: 0,shallow,light,-34.04314,-44.11268
4506,10,1,2023-10-03 04:46:20,-4.4723,153.4276,115.674,4.6,mb: 0,1.291,us: 5,"129 km E of Kokopo, Papua New Guinea",earthquake: 0,5.123,0.058,88.0,us,us: 5,0-10 km: 0,intermediate,light,34.806026,41.68287
4507,10,1,2023-10-03 07:19:35,29.8552,140.0377,13.871,4.7,mb: 0,3.256,us: 5,"Izu Islands, Japan region",earthquake: 0,4.073,0.123,20.0,us,us: 5,0-10 km: 0,shallow,light,25.213188,9.166016
4508,10,1,2023-10-03 08:29:19,29.8291,139.9757,10.0,5.0,mb: 0,3.279,us: 5,"Izu Islands, Japan region",earthquake: 0,1.769,0.051,125.0,us,us: 5,0-10 km: 0,shallow,moderate,-11.072497,30.384113
4509,10,1,2023-10-03 08:30:25,29.8059,139.7985,10.0,4.9,mb: 0,5.047,us: 5,"Izu Islands, Japan region",earthquake: 0,1.802,0.092,37.0,us,us: 5,0-10 km: 0,shallow,light,-11.584072,10.740644
4510,10,1,2023-10-03 08:37:53,29.7746,140.0191,10.0,4.6,mb: 0,3.28,us: 5,"Izu Islands, Japan region",earthquake: 0,1.794,0.102,29.0,us,us: 5,0-10 km: 0,shallow,light,-15.270627,8.980985
4511,10,1,2023-10-03 08:55:50,29.459,81.2188,10.0,4.9,mb: 0,3.933,us: 5,"34 km NE of Dipayal, Nepal",earthquake: 0,1.76,0.059,91.0,us,us: 5,0-10 km: 0,shallow,light,-13.258183,26.585756
4512,10,1,2023-10-03 09:21:03,29.4973,81.242,13.0,5.7,mww: 7,3.93,us: 5,"39 km NE of Dipayal, Nepal",earthquake: 0,1.784,0.052,36.0,us,us: 5,0-10 km: 0,shallow,moderate,31.82226,-47.38911
4513,10,1,2023-10-03 09:28:43,29.2397,81.2051,10.0,4.8,mb: 0,3.861,us: 5,"25 km E of Dipayal, Nepal",earthquake: 0,1.815,0.07,64.0,us,us: 5,0-10 km: 0,shallow,light,-16.59784,21.315353
4514,10,1,2023-10-03 10:29:09,29.6778,140.2037,10.0,4.7,mb: 0,3.109,us: 5,"Izu Islands, Japan region",earthquake: 0,1.863,0.11,25.0,us,us: 5,0-10 km: 0,shallow,light,-16.066748,8.106917
4515,10,1,2023-10-03 11:34:10,29.8691,140.0071,10.0,4.6,mb: 0,3.24,us: 5,"Izu Islands, Japan region",earthquake: 0,1.868,0.075,54.0,us,us: 5,0-10 km: 0,shallow,light,-11.516639,17.664276
4516,10,1,2023-10-03 11:34:10,29.5637,81.257,10.0,4.8,mb: 0,3.946,us: 5,"45 km NE of Dipayal, Nepal",earthquake: 0,1.841,0.068,67.0,us,us: 5,0-10 km: 0,shallow,light,-16.632784,21.39391
4517,10,1,2023-10-03 11:38:04,29.9183,140.0108,10.0,6.0,mww: 7,3.192,us: 5,"Izu Islands, Japan region",earthquake: 0,1.661,0.043,53.0,us,us: 5,0-10 km: 0,shallow,strong,33.64889,-45.32209
4518,10,1,2023-10-03 12:32:24,29.9541,139.9053,10.0,4.6,mb: 0,3.153,us: 5,"Izu Islands, Japan region",earthquake: 0,1.803,0.061,82.0,us,us: 5,0-10 km: 0,shallow,light,-10.242899,21.535093
4519,10,1,2023-10-03 13:20:31,38.8846,71.8269,8.506,4.6,mb: 0,0.593,us: 5,"46 km SE of Karakenja, Tajikistan",earthquake: 0,4.004,0.079,48.0,us,us: 5,0-10 km: 0,shallow,light,2.7825851,24.723463
4520,10,1,2023-10-03 13:39:00,29.849,140.0971,10.0,4.6,mb: 0,3.265,us: 5,"Izu Islands, Japan region",earthquake: 0,1.363,0.086,40.0,us,us: 5,0-10 km: 0,shallow,light,-14.310663,12.322031
4521,10,1,2023-10-03 13:53:04,4.5477,127.5947,82.879,5.1,mb: 0,3.209,us: 5,"254 km ESE of Sarangani, Philippines",earthquake: 0,5.768,0.039,210.0,us,us: 5,0-10 km: 0,intermediate,moderate,20.914873,50.20074
4522,10,1,2023-10-03 15:18:25,29.8987,139.9648,10.0,4.6,mb: 0,3.209,us: 5,"Izu Islands, Japan region",earthquake: 0,1.074,0.064,74.0,us,us: 5,0-10 km: 0,shallow,light,-10.961117,20.733831
4523,10,1,2023-10-03 15:21:10,29.7705,139.8096,10.0,4.7,mb: 0,3.335,us: 5,"Izu Islands, Japan region",earthquake: 0,1.829,0.045,148.0,us,us: 5,0-10 km: 0,shallow,light,-9.462526,31.847837
4524,10,1,2023-10-03 15:22:35,29.8738,140.0784,6.0,5.8,mww: 7,3.239,us: 5,"Izu Islands, Japan region",earthquake: 0,1.755,0.052,36.0,us,us: 5,0-10 km: 0,shallow,moderate,32.069336,-45.392445
4525,10,1,2023-10-03 15:27:27,29.7644,139.8887,10.0,5.0,mb: 0,3.34,us: 5,"Izu Islands, Japan region",earthquake: 0,1.848,0.101,31.0,us,us: 5,0-10 km: 0,shallow,moderate,-11.57902,10.26567
4526,10,1,2023-10-03 18:58:25,3.3965,-84.178,17.721,4.6,mb: 0,5.054,us: 5,off the coast of Central America,earthquake: 0,4.314,0.057,98.0,us,us: 5,0-10 km: 0,shallow,light,-38.963272,4.5172825
4527,10,1,2023-10-03 19:04:29,-19.882,-173.562,10.0,5.0,mb: 0,0.744,us: 5,"80 km E of Fangale’ounga, Tonga",earthquake: 0,1.738,0.063,84.0,us,us: 5,0-10 km: 0,shallow,moderate,-63.61981,-4.694427
4528,10,1,2023-10-03 19:16:58,28.3705,138.7659,518.824,5.3,mww: 7,3.285,us: 5,"Bonin Islands, Japan region",earthquake: 0,4.415,0.086,13.0,us,us: 5,0-10 km: 0,deep,moderate,70.439545,1.215139
4529,10,1,2023-10-03 19:27:13,29.872,140.0144,10.0,4.9,mb: 0,3.238,us: 5,"Izu Islands, Japan region",earthquake: 0,1.793,0.043,172.0,us,us: 5,0-10 km: 0,shallow,light,-10.072418,34.235344
4530,10,1,2023-10-03 20:32:35,29.8599,140.0114,10.0,5.2,mww: 7,3.25,us: 5,"Izu Islands, Japan region",earthquake: 0,1.718,0.062,25.0,us,us: 5,0-10 km: 0,shallow,moderate,25.396894,-44.664772
4531,10,1,2023-10-03 21:19:22,29.8882,140.4697,10.0,4.8,mb: 0,3.165,us: 5,"Izu Islands, Japan region",earthquake: 0,1.862,0.094,35.0,us,us: 5,0-10 km: 0,shallow,light,-12.531217,10.659905
4532,10,1,2023-10-03 21:21:01,-23.5517,-179.9897,536.188,4.7,mb: 0,5.025,us: 5,south of the Fiji Islands,earthquake: 0,7.088,0.046,143.0,us,us: 5,0-10 km: 0,deep,light,-9.469082,69.18799
4533,10,1,2023-10-03 22:17:05,-5.179,102.2641,32.221,4.9,mb: 0,1.066,us: 5,"152 km S of Bengkulu, Indonesia",earthquake: 0,5.346,0.092,37.0,us,us: 5,0-10 km: 0,shallow,light,29.346489,28.584658
4534,10,1,2023-10-03 22:38:45,30.0149,139.8442,10.0,4.7,mb: 0,3.091,us: 5,"Izu Islands, Japan region",earthquake: 0,1.894,0.063,76.0,us,us: 5,0-10 km: 0,shallow,light,-9.963386,20.719135
4535,10,1,2023-10-04 00:13:45,29.964,140.0704,10.0,5.5,mww: 7,3.149,us: 5,"Izu Islands, Japan region",earthquake: 0,1.788,0.065,23.0,us,us: 5,0-10 km: 0,shallow,moderate,28.796688,-45.561844
4536,10,1,2023-10-04 02:19:06,29.9723,140.2052,10.0,5.6,mww: 7,3.151,us: 5,"Izu Islands, Japan region",earthquake: 0,1.74,0.069,20.0,us,us: 5,0-10 km: 0,shallow,moderate,29.373852,-45.900406
4537,10,1,2023-10-04 03:35:10,19.2007,121.2365,27.0,5.7,mww: 7,3.602,us: 5,"Babuyan Islands region, Philippines",earthquake: 0,1.739,0.046,45.0,us,us: 5,0-10 km: 0,shallow,moderate,31.340303,-44.938404
4538,10,1,2023-10-04 04:55:47,31.0417,141.862,10.0,5.6,mww: 7,2.701,us: 5,"Izu Islands, Japan region",earthquake: 0,1.744,0.047,43.0,us,us: 5,0-10 km: 0,shallow,moderate,30.804127,-44.915497
4539,10,1,2023-10-04 05:57:17,30.8019,142.0655,8.0,5.5,mww: 7,2.997,us: 5,"Izu Islands, Japan region",earthquake: 0,1.682,0.057,30.0,us,us: 5,0-10 km: 0,shallow,moderate,29.166862,-45.153778
4540,10,1,2023-10-04 10:47:53,29.7781,140.0295,10.0,4.7,mb: 0,3.278,us: 5,"Izu Islands, Japan region",earthquake: 0,1.87,0.067,68.0,us,us: 5,0-10 km: 0,shallow,light,-10.255817,19.61538
4541,10,1,2023-10-04 11:00:12,30.7532,142.0621,10.0,4.9,mb: 0,3.033,us: 5,"Izu Islands, Japan region",earthquake: 0,1.86,0.064,78.0,us,us: 5,0-10 km: 0,shallow,light,-8.199446,19.914257
4542,10,1,2023-10-04 11:03:06,-12.1244,-75.8444,89.717,4.6,mb: 0,0.986,us: 5,"10 km NNW of Huancaya, Peru",earthquake: 0,8.291,0.107,26.0,us,us: 5,0-10 km: 0,intermediate,light,-44.957348,-9.146177
4543,10,1,2023-10-04 11:05:18,29.7389,140.0585,10.0,5.3,mww: 7,3.231,us: 5,"Izu Islands, Japan region",earthquake: 0,1.858,0.062,25.0,us,us: 5,0-10 km: 0,shallow,moderate,26.11335,-44.960686
4544,10,1,2023-10-04 11:11:44,-9.3367,124.7888,29.389,4.6,mb: 0,0.662,us: 5,"27 km SSW of Atambua, Indonesia",earthquake: 0,5.512,0.129,19.0,us,us: 5,0-10 km: 0,shallow,light,33.450294,18.145351
4545,10,1,2023-10-04 11:13:20,30.7434,141.8692,10.0,5.0,mww: 7,2.94,us: 5,"Izu Islands, Japan region",earthquake: 0,1.856,0.083,14.0,us,us: 5,0-10 km: 0,shallow,moderate,21.238647,-45.91447
4546,10,1,2023-10-04 11:21:47,5.3171,126.0438,113.0,6.4,mww: 7,1.801,us: 5,"65 km E of Sarangani, Philippines",earthquake: 0,1.901,0.037,71.0,us,us: 5,0-10 km: 0,intermediate,strong,42.856728,-37.045918
4547,10,1,2023-10-04 12:03:32,-22.6478,-175.1519,10.0,4.9,mb: 0,1.472,us: 5,"146 km S of ‘Ohonua, Tonga",earthquake: 0,1.878,0.083,45.0,us,us: 5,0-10 km: 0,shallow,light,-64.98823,-8.801924
4548,10,1,2023-10-04 13:58:12,-56.7269,-25.6989,32.78,4.9,mb: 0,6.6,us: 5,South Sandwich Islands region,earthquake: 0,4.736,0.109,26.0,us,us: 5,0-10 km: 0,shallow,light,-30.590286,-51.404392
4549,10,1,2023-10-04 13:59:51,-56.5033,-25.2008,10.0,4.7,mb: 0,6.804,us: 5,South Sandwich Islands region,earthquake: 0,1.89,0.111,27.0,us,us: 5,0-10 km: 0,shallow,light,-31.406292,-44.720722
4550,10,1,2023-10-04 16:11:59,64.4897,-17.7682,10.0,5.0,mb: 0,1.555,us: 5,"126 km W of Höfn, Iceland",earthquake: 0,1.819,0.052,118.0,us,us: 5,0-10 km: 0,shallow,moderate,-25.520016,30.452272
4551,10,1,2023-10-04 16:18:24,-20.5296,-177.6099,503.172,4.7,mb: 0,2.339,us: 5,"250 km WNW of Houma, Tonga",earthquake: 0,6.5,0.043,167.0,us,us: 5,0-10 km: 0,deep,light,-9.192651,68.44986
4552,10,1,2023-10-04 17:22:41,29.9176,140.1414,10.0,5.2,mww: 7,3.2,us: 5,"Izu Islands, Japan region",earthquake: 0,1.782,0.068,21.0,us,us: 5,0-10 km: 0,shallow,moderate,24.94356,-45.07745
4553,10,1,2023-10-04 18:20:24,29.729,140.3267,10.0,4.6,mb: 0,3.092,us: 5,"Izu Islands, Japan region",earthquake: 0,1.813,0.088,38.0,us,us: 5,0-10 km: 0,shallow,light,-14.169749,12.027904
4554,10,1,2023-10-04 18:30:16,29.8675,140.0623,10.0,5.0,mb: 0,3.245,us: 5,"Izu Islands, Japan region",earthquake: 0,1.666,0.035,256.0,us,us: 5,0-10 km: 0,shallow,moderate,-7.138061,40.464565
4555,10,1,2023-10-04 18:33:45,12.3381,-88.295,35.0,4.6,mb: 0,1.124,us: 5,"98 km SSW of Intipucá, El Salvador",earthquake: 0,1.958,0.061,80.0,us,us: 5,0-10 km: 0,shallow,light,-35.38347,3.6649861
4556,10,1,2023-10-04 21:01:46,-20.6583,169.4199,42.917,5.3,mww: 7,2.675,us: 5,"124 km S of Isangel, Vanuatu",earthquake: 0,4.228,0.089,12.0,us,us: 5,0-10 km: 0,shallow,moderate,32.43753,-21.714828
4557,10,1,2023-10-04 22:22:03,-18.1296,-178.3065,547.753,5.3,mb: 0,3.487,us: 5,"251 km E of Levuka, Fiji",earthquake: 0,4.534,0.04,215.0,us,us: 5,0-10 km: 0,deep,moderate,-9.367339,67.04612
4558,10,1,2023-10-04 23:18:09,29.8095,140.0285,10.0,5.3,mww: 7,3.301,us: 5,"Izu Islands, Japan region",earthquake: 0,1.729,0.069,20.0,us,us: 5,0-10 km: 0,shallow,moderate,25.554514,-45.449974
4559,10,1,2023-10-04 23:19:09,30.1843,139.9953,10.0,5.1,mb: 0,6.514,us: 5,"Izu Islands, Japan region",earthquake: 0,1.856,0.086,44.0,us,us: 5,0-10 km: 0,shallow,moderate,-10.805563,10.694631
4560,10,1,2023-10-04 23:47:20,31.0223,141.7953,10.0,5.1,mww: 7,2.68,us: 5,"Izu Islands, Japan region",earthquake: 0,1.81,0.068,21.0,us,us: 5,0-10 km: 0,shallow,moderate,24.36887,-44.607056
4561,10,1,2023-10-05 01:05:10,29.9611,140.089,10.0,5.2,mww: 7,3.153,us: 5,"Izu Islands, Japan region",earthquake: 0,1.805,0.068,21.0,us,us: 5,0-10 km: 0,shallow,moderate,24.9424,-45.071888
4562,10,1,2023-10-05 01:40:26,31.1077,141.7475,10.0,4.7,mb: 0,2.588,us: 5,"Izu Islands, Japan region",earthquake: 0,1.863,0.068,67.0,us,us: 5,0-10 km: 0,shallow,light,-10.330366,19.42998
4563,10,1,2023-10-05 01:42:24,-4.4647,153.4548,115.866,5.4,mww: 7,1.316,us: 5,"132 km E of Kokopo, Papua New Guinea",earthquake: 0,4.621,0.071,19.0,us,us: 5,0-10 km: 0,intermediate,moderate,33.131344,-18.33657
4564,10,1,2023-10-05 01:59:58,29.8466,139.9904,10.0,6.1,mww: 7,3.262,us: 5,"Izu Islands, Japan region",earthquake: 0,1.77,0.041,57.0,us,us: 5,0-10 km: 0,shallow,strong,34.062954,-45.393803
4565,10,1,2023-10-05 02:06:32,29.8971,139.98,10.0,5.4,mww: 7,3.211,us: 5,"Izu Islands, Japan region",earthquake: 0,1.794,0.098,10.0,us,us: 5,0-10 km: 0,shallow,moderate,23.664171,-46.743404
4566,10,1,2023-10-05 02:15:14,29.9226,139.9345,10.0,5.3,mww: 7,3.185,us: 5,"Izu Islands, Japan region",earthquake: 0,0.814,0.075,17.0,us,us: 5,0-10 km: 0,shallow,moderate,24.866177,-46.059975
4567,10,1,2023-10-05 02:53:13,29.9443,139.8719,10.0,5.7,mww: 7,3.162,us: 5,"Izu Islands, Japan region",earthquake: 0,1.819,0.055,32.0,us,us: 5,0-10 km: 0,shallow,moderate,31.401722,-45.488747
4568,10,1,2023-10-05 03:13:16,30.0425,139.7843,10.0,4.7,mb: 0,3.067,us: 5,"Izu Islands, Japan region",earthquake: 0,1.882,0.115,23.0,us,us: 5,0-10 km: 0,shallow,light,-16.49005,7.471
4569,10,1,2023-10-05 03:38:23,4.3363,125.7723,107.765,4.6,mb: 0,2.722,us: 5,"122 km SSE of Sarangani, Philippines",earthquake: 0,7.741,0.128,18.0,us,us: 5,0-10 km: 0,intermediate,light,43.361496,13.416765
4570,10,1,2023-10-05 04:00:01,30.0033,139.8586,10.0,5.2,mb: 0,3.107,us: 5,"Izu Islands, Japan region",earthquake: 0,1.844,0.042,183.0,us,us: 5,0-10 km: 0,shallow,moderate,-10.430708,35.68067
4571,10,1,2023-10-05 04:25:45,-4.4736,127.0835,10.0,5.0,mb: 0,2.813,us: 5,"149 km SW of Ambon, Indonesia",earthquake: 0,1.869,0.084,46.0,us,us: 5,0-10 km: 0,shallow,moderate,3.5733051,-3.2952688
4572,10,1,2023-10-05 05:24:35,30.0714,139.6806,10.0,4.6,mb: 0,3.693,us: 5,"Izu Islands, Japan region",earthquake: 0,1.883,0.084,43.0,us,us: 5,0-10 km: 0,shallow,light,-13.8248205,12.688301
4573,10,1,2023-10-05 05:41:14,29.9491,140.0941,10.0,5.0,mww: 7,3.166,us: 5,"Izu Islands, Japan region",earthquake: 0,1.844,0.098,10.0,us,us: 5,0-10 km: 0,shallow,moderate,20.483662,-46.745785
4574,10,1,2023-10-05 05:45:11,30.0745,139.8708,10.0,4.8,mb: 0,3.032,us: 5,"Izu Islands, Japan region",earthquake: 0,1.824,0.068,70.0,us,us: 5,0-10 km: 0,shallow,light,-9.185329,19.389324
4575,10,1,2023-10-05 06:22:12,30.0884,140.0279,10.0,5.7,mww: 7,3.023,us: 5,"Izu Islands, Japan region",earthquake: 0,1.486,0.053,34.0,us,us: 5,0-10 km: 0,shallow,moderate,31.464108,-45.45756
4576,10,1,2023-10-05 06:48:23,30.0975,140.0015,10.0,5.2,mww: 7,3.013,us: 5,"Izu Islands, Japan region",earthquake: 0,1.8,0.086,13.0,us,us: 5,0-10 km: 0,shallow,moderate,23.4763,-46.187557
4577,10,1,2023-10-05 08:45:15,29.9023,139.9513,10.0,4.7,mb: 0,3.205,us: 5,"Izu Islands, Japan region",earthquake: 0,1.884,0.055,107.0,us,us: 5,0-10 km: 0,shallow,light,-9.789232,25.710339
4578,10,1,2023-10-05 08:50:54,30.006,139.8909,10.0,4.8,mb: 0,3.101,us: 5,"Izu Islands, Japan region",earthquake: 0,1.825,0.04,193.0,us,us: 5,0-10 km: 0,shallow,light,-8.227698,37.983925
4579,10,1,2023-10-05 11:05:36,-17.8316,-172.3409,10.0,4.6,mb: 0,2.604,us: 5,"195 km ENE of Neiafu, Tonga",earthquake: 0,1.554,0.141,16.0,us,us: 5,0-10 km: 0,shallow,light,-60.12699,-21.48986
4580,10,1,2023-10-05 11:56:33,30.0282,139.9077,10.919,4.8,mb: 0,3.079,us: 5,"Izu Islands, Japan region",earthquake: 0,3.65,0.054,104.0,us,us: 5,0-10 km: 0,shallow,light,2.0046759,33.674088
4581,10,1,2023-10-05 12:01:03,29.7501,140.2069,10.0,4.9,mb: 0,3.167,us: 5,"Izu Islands, Japan region",earthquake: 0,1.826,0.051,122.0,us,us: 5,0-10 km: 0,shallow,light,-10.712881,29.936905
4582,10,1,2023-10-05 12:34:44,30.0685,139.8708,10.0,4.6,mb: 0,3.038,us: 5,"Izu Islands, Japan region",earthquake: 0,1.68,0.091,36.0,us,us: 5,0-10 km: 0,shallow,light,-14.437053,11.610386
4583,10,1,2023-10-05 13:39:54,29.9617,139.784,10.0,5.0,mb: 0,3.144,us: 5,"Izu Islands, Japan region",earthquake: 0,1.84,0.037,241.0,us,us: 5,0-10 km: 0,shallow,moderate,-7.314561,39.97065
4584,10,1,2023-10-05 13:40:36,-14.9333,-177.4173,8.351,4.6,mb: 0,0.923,us: 5,"101 km SE of Alo, Wallis and Futuna",earthquake: 0,3.86,0.182,11.0,us,us: 5,0-10 km: 0,shallow,light,-54.76367,-25.22757
4585,10,1,2023-10-05 13:56:57,30.0791,139.9485,10.0,4.6,mb: 0,3.564,us: 5,"Izu Islands, Japan region",earthquake: 0,1.862,0.088,42.0,us,us: 5,0-10 km: 0,shallow,light,-14.083841,12.1953535
4586,10,1,2023-10-05 14:53:10,30.1309,140.0364,10.0,4.9,mww: 7,2.981,us: 5,"Izu Islands, Japan region",earthquake: 0,1.788,0.083,14.0,us,us: 5,0-10 km: 0,shallow,light,20.674997,-45.94301
4587,10,1,2023-10-05 16:11:34,30.0338,139.923,11.356,4.9,mb: 0,3.073,us: 5,"Izu Islands, Japan region",earthquake: 0,2.217,0.07,66.0,us,us: 5,0-10 km: 0,shallow,light,-8.473186,18.448198
4588,10,1,2023-10-05 16:25:04,30.0335,139.864,9.771,4.8,mb: 0,3.568,us: 5,"Izu Islands, Japan region",earthquake: 0,3.083,0.086,46.0,us,us: 5,0-10 km: 0,shallow,light,-11.257055,12.409874
4589,10,1,2023-10-05 16:58:29,30.1963,139.7874,10.0,4.6,mb: 0,5.768,us: 5,"Izu Islands, Japan region",earthquake: 0,1.873,0.109,29.0,us,us: 5,0-10 km: 0,shallow,light,-15.988391,8.13392
4590,10,1,2023-10-05 20:53:01,30.1043,140.0594,10.0,4.6,mb: 0,3.009,us: 5,"Izu Islands, Japan region",earthquake: 0,1.847,0.103,29.0,us,us: 5,0-10 km: 0,shallow,light,-15.45255,8.813599
4591,10,1,2023-10-05 20:55:06,0.6912,-77.9134,10.0,4.8,mwr: 6,0.129,us: 5,"8 km NNE of El Ángel, Ecuador",earthquake: 0,1.749,0.083,14.0,us,us: 5,0-10 km: 0,shallow,light,56.09024,-52.520367
4592,10,1,2023-10-05 21:53:57,30.1459,139.7655,10.0,4.7,mb: 0,6.15,us: 5,"Izu Islands, Japan region",earthquake: 0,1.902,0.087,40.0,us,us: 5,0-10 km: 0,shallow,light,-13.326514,12.209
4593,10,1,2023-10-05 21:56:36,31.1734,141.8975,10.0,5.2,mww: 7,2.622,us: 5,"Izu Islands, Japan region",earthquake: 0,1.776,0.059,28.0,us,us: 5,0-10 km: 0,shallow,moderate,25.551172,-44.349247
4594,10,1,2023-10-06 00:42:12,43.9725,148.1275,35.0,4.7,mb: 0,3.993,us: 5,"114 km E of Shikotan, Russia",earthquake: 0,1.875,0.045,147.0,us,us: 5,0-10 km: 0,shallow,light,-6.7878075,32.50652
4595,10,1,2023-10-06 01:24:14,30.7613,141.9852,10.0,4.9,mb: 0,2.986,us: 5,"Izu Islands, Japan region",earthquake: 0,1.868,0.075,58.0,us,us: 5,0-10 km: 0,shallow,light,-8.73408,17.58281
4596,10,1,2023-10-06 01:30:29,30.1858,139.919,10.0,4.9,mb: 0,2.922,us: 5,"Izu Islands, Japan region",earthquake: 0,1.836,0.049,134.0,us,us: 5,0-10 km: 0,shallow,light,-10.6092825,31.251406
4597,10,1,2023-10-06 01:31:17,30.1409,139.9683,10.0,6.1,mww: 7,2.968,us: 5,"Izu Islands, Japan region",earthquake: 0,1.791,0.047,43.0,us,us: 5,0-10 km: 0,shallow,strong,34.04824,-45.473255
4598,10,1,2023-10-06 02:03:49,29.8778,140.0437,10.0,4.6,mb: 0,3.352,us: 5,"Izu Islands, Japan region",earthquake: 0,1.856,0.141,15.0,us,us: 5,0-10 km: 0,shallow,light,-17.588533,3.717984
4599,10,1,2023-10-06 02:05:38,30.0655,139.7295,10.0,4.7,mb: 0,3.041,us: 5,"Izu Islands, Japan region",earthquake: 0,1.884,0.069,63.0,us,us: 5,0-10 km: 0,shallow,light,-10.4444275,19.051664
4600,10,1,2023-10-06 02:40:26,29.9956,139.9181,10.0,4.6,mb: 0,3.116,us: 5,"Izu Islands, Japan region",earthquake: 0,1.851,0.094,35.0,us,us: 5,0-10 km: 0,shallow,light,-14.541526,11.0590925
4601,10,1,2023-10-06 03:28:05,3.8796,-82.562,10.0,5.4,mww: 7,4.514,us: 5,south of Panama,earthquake: 0,1.824,0.06,27.0,us,us: 5,0-10 km: 0,shallow,moderate,52.284447,-52.462044
4602,10,1,2023-10-06 03:49:09,47.2404,153.9347,10.0,5.1,mb: 0,6.352,us: 5,Kuril Islands,earthquake: 0,1.916,0.067,74.0,us,us: 5,0-10 km: 0,shallow,moderate,-6.387317,25.14274
4603,10,1,2023-10-06 03:49:10,30.2769,138.5664,440.885,4.9,mb: 0,3.023,us: 5,"Izu Islands, Japan region",earthquake: 0,6.286,0.025,523.0,us,us: 5,0-10 km: 0,deep,light,-8.411417,56.860043
4604,10,1,2023-10-06 03:58:03,-3.1955,142.9216,10.0,4.6,mb: 0,2.317,us: 5,"63 km E of Aitape, Papua New Guinea",earthquake: 0,1.862,0.117,24.0,us,us: 5,0-10 km: 0,shallow,light,-2.2577002,-14.029235
4605,10,1,2023-10-06 04:35:17,47.2296,153.9465,10.0,5.0,mb: 0,6.359,us: 5,Kuril Islands,earthquake: 0,1.892,0.056,102.0,us,us: 5,0-10 km: 0,shallow,moderate,-6.4943647,25.802813
4606,10,1,2023-10-06 04:57:03,31.1964,141.908,10.0,5.1,mb: 0,2.611,us: 5,"Izu Islands, Japan region",earthquake: 0,1.865,0.046,155.0,us,us: 5,0-10 km: 0,shallow,moderate,-10.702487,34.045223
4607,10,1,2023-10-06 05:20:58,30.0967,139.9792,10.0,4.9,mb: 0,3.013,us: 5,"Izu Islands, Japan region",earthquake: 0,1.884,0.058,93.0,us,us: 5,0-10 km: 0,shallow,light,-10.4948845,26.77691
4608,10,1,2023-10-06 05:49:22,30.1062,139.991,10.0,5.5,mww: 7,3.004,us: 5,"Izu Islands, Japan region",earthquake: 0,1.839,0.049,40.0,us,us: 5,0-10 km: 0,shallow,moderate,29.760836,-44.79348
4609,10,1,2023-10-06 06:54:34,30.1326,139.7779,10.0,4.7,mb: 0,2.974,us: 5,"Izu Islands, Japan region",earthquake: 0,1.572,0.097,32.0,us,us: 5,0-10 km: 0,shallow,light,-14.16223,10.157022
4610,10,1,2023-10-06 07:09:55,29.846,140.3236,10.0,4.7,mb: 0,3.192,us: 5,"Izu Islands, Japan region",earthquake: 0,1.881,0.104,28.0,us,us: 5,0-10 km: 0,shallow,light,-15.472612,8.94979
4611,10,1,2023-10-06 10:41:31,-5.5719,147.1656,178.961,4.9,mb: 0,3.808,us: 5,"128 km N of Lae, Papua New Guinea",earthquake: 0,6.739,0.054,110.0,us,us: 5,0-10 km: 0,intermediate,light,36.508873,44.2308
4612,10,1,2023-10-06 11:28:06,47.2598,153.8359,10.0,4.6,mb: 0,6.358,us: 5,Kuril Islands,earthquake: 0,1.898,0.093,34.0,us,us: 5,0-10 km: 0,shallow,light,-14.7443695,14.7873125
4613,10,1,2023-10-06 11:39:16,47.2634,153.9576,10.0,4.8,mb: 0,6.324,us: 5,Kuril Islands,earthquake: 0,1.859,0.062,80.0,us,us: 5,0-10 km: 0,shallow,light,-6.725241,24.355715
4614,10,1,2023-10-06 13:06:57,30.0909,140.0943,10.0,4.9,mb: 0,3.025,us: 5,"Izu Islands, Japan region",earthquake: 0,1.854,0.048,142.0,us,us: 5,0-10 km: 0,shallow,light,-10.545284,31.90512
4615,10,1,2023-10-06 13:15:27,30.1985,140.1588,10.0,5.0,mww: 7,2.923,us: 5,"Izu Islands, Japan region",earthquake: 0,1.782,0.062,25.0,us,us: 5,0-10 km: 0,shallow,moderate,24.353144,-43.69795
4616,10,1,2023-10-06 14:38:46,29.7418,140.0433,10.0,4.6,mb: 0,3.241,us: 5,"Izu Islands, Japan region",earthquake: 0,1.854,0.084,42.0,us,us: 5,0-10 km: 0,shallow,light,-13.836607,12.618744
4617,10,1,2023-10-06 16:13:11,30.0026,140.0224,10.0,4.6,mb: 0,3.108,us: 5,"Izu Islands, Japan region",earthquake: 0,1.881,0.095,37.0,us,us: 5,0-10 km: 0,shallow,light,-14.567677,10.9601
4618,10,1,2023-10-06 19:02:21,47.2147,154.0209,31.02,4.6,mb: 0,6.355,us: 5,Kuril Islands,earthquake: 0,5.087,0.056,103.0,us,us: 5,0-10 km: 0,shallow,light,6.208914,38.227142
4619,10,1,2023-10-06 19:21:20,47.165,154.208,10.0,4.9,mb: 0,6.358,us: 5,Kuril Islands,earthquake: 0,1.825,0.045,166.0,us,us: 5,0-10 km: 0,shallow,light,-6.6968875,33.923775
4620,10,1,2023-10-06 19:45:15,31.2105,137.5261,10.0,4.7,mb: 0,2.699,us: 5,"299 km SSE of Kushimoto, Japan",earthquake: 0,1.875,0.137,21.0,us,us: 5,0-10 km: 0,shallow,light,-17.60021,4.0459986
4621,10,1,2023-10-06 19:51:53,29.9597,139.9171,10.0,4.9,mb: 0,3.147,us: 5,"Izu Islands, Japan region",earthquake: 0,1.782,0.05,132.0,us,us: 5,0-10 km: 0,shallow,light,-10.649114,31.039436
4622,10,1,2023-10-06 19:53:22,30.271,139.6876,10.0,4.8,mb: 0,2.838,us: 5,"Izu Islands, Japan region",earthquake: 0,1.815,0.065,81.0,us,us: 5,0-10 km: 0,shallow,light,-8.938907,20.489052
4623,10,1,2023-10-07 01:13:42,47.1076,153.8971,10.0,4.7,mb: 0,6.485,us: 5,Kuril Islands,earthquake: 0,1.68,0.063,78.0,us,us: 5,0-10 km: 0,shallow,light,-6.863927,24.142492
4624,10,1,2023-10-07 03:30:06,11.3575,142.3317,10.0,4.6,mb: 0,3.325,us: 5,"265 km NE of Fais, Micronesia",earthquake: 0,1.895,0.146,15.0,us,us: 5,0-10 km: 0,shallow,light,-15.494582,-9.136644
4625,10,1,2023-10-07 04:46:33,30.0884,140.3774,10.0,4.9,mb: 0,3.056,us: 5,"Izu Islands, Japan region",earthquake: 0,1.869,0.053,113.0,us,us: 5,0-10 km: 0,shallow,light,-10.681525,29.053211
4626,10,1,2023-10-07 05:06:55,17.0471,-95.0442,108.0,5.9,mww: 7,0.159,us: 5,"2 km S of Paso Real de Sarabia, Mexico",earthquake: 0,1.9,0.032,91.0,us,us: 5,0-10 km: 0,intermediate,moderate,46.10136,-50.426758
4627,10,1,2023-10-07 05:09:31,41.8298,82.3897,10.0,4.7,mb: 0,2.464,us: 5,"46 km WNW of Kuqa, China",earthquake: 0,1.902,0.09,38.0,us,us: 5,0-10 km: 0,shallow,light,-20.187761,17.952694
4628,10,1,2023-10-07 05:52:18,-10.8428,165.6102,51.316,4.6,mb: 0,5.747,us: 5,"24 km WSW of Lata, Solomon Islands",earthquake: 0,8.227,0.114,23.0,us,us: 5,0-10 km: 0,shallow,light,41.566547,22.812521
4629,10,1,2023-10-07 06:00:01,29.5133,81.2055,10.0,5.0,mb: 0,3.966,us: 5,"38 km NE of Dipayal, Nepal",earthquake: 0,1.859,0.055,105.0,us,us: 5,0-10 km: 0,shallow,moderate,-13.688978,27.61954
4630,10,1,2023-10-07 06:04:06,41.8014,82.355,10.0,4.8,mb: 0,2.432,us: 5,"48 km W of Kuqa, China",earthquake: 0,1.902,0.092,36.0,us,us: 5,0-10 km: 0,shallow,light,-20.2131,17.886112
4631,10,1,2023-10-07 06:29:07,-7.436,128.1145,176.033,4.7,mb: 0,3.398,us: 5,"171 km NE of Lospalos, Timor Leste",earthquake: 0,2.298,0.082,45.0,us,us: 5,0-10 km: 0,intermediate,light,41.68763,39.680477
4632,10,1,2023-10-07 06:41:03,34.5982,61.9263,14.0,6.3,mww: 7,5.872,us: 5,"32 km NNE of Zindah Jān, Afghanistan",earthquake: 0,1.812,0.048,41.0,us,us: 5,0-10 km: 0,shallow,strong,36.038536,-47.03795
4633,10,1,2023-10-07 06:49:41,34.5167,61.9462,10.257,5.4,mb: 0,5.858,us: 5,"26 km NE of Zindah Jān, Afghanistan",earthquake: 0,3.884,0.047,155.0,us,us: 5,0-10 km: 0,shallow,moderate,-15.271284,35.870445
4634,10,1,2023-10-07 07:10:34,34.5509,61.9397,10.0,4.7,mb: 0,5.862,us: 5,"29 km NE of Zindah Jān, Afghanistan",earthquake: 0,1.883,0.065,71.0,us,us: 5,0-10 km: 0,shallow,light,-19.095352,22.241686
4635,10,1,2023-10-07 07:12:49,34.5442,61.8891,8.0,6.3,mww: 7,5.904,us: 5,"25 km NNE of Zindah Jān, Afghanistan",earthquake: 0,1.446,0.051,37.0,us,us: 5,0-10 km: 0,shallow,strong,36.024414,-47.01511
4636,10,1,2023-10-07 07:16:04,34.4905,61.8943,10.0,5.2,mb: 0,7.263,us: 5,"21 km NE of Zindah Jān, Afghanistan",earthquake: 0,1.842,0.097,35.0,us,us: 5,0-10 km: 0,shallow,moderate,-20.406334,15.606087
4637,10,1,2023-10-07 07:40:30,34.6262,62.0006,12.48,5.9,mww: 7,5.81,us: 5,"35 km NNW of Herāt, Afghanistan",earthquake: 0,3.399,0.054,33.0,us,us: 5,0-10 km: 0,shallow,moderate,32.46236,-48.67104
4638,10,1,2023-10-07 08:06:21,-0.2866,97.4413,10.0,4.7,mb: 0,1.586,us: 5,"103 km SSW of Teluk Dalam, Indonesia",earthquake: 0,1.945,0.113,24.0,us,us: 5,0-10 km: 0,shallow,light,-5.2132783,-9.234168
4639,10,1,2023-10-07 08:06:36,34.639,61.9339,10.0,4.6,mb: 0,5.865,us: 5,"36 km SSE of Qarah Bāgh, Afghanistan",earthquake: 0,1.717,0.119,21.0,us,us: 5,0-10 km: 0,shallow,light,-24.566498,13.368937
4640,10,1,2023-10-07 08:34:26,-5.5729,146.138,55.0,6.7,mww: 7,3.94,us: 5,"54 km SE of Madang, Papua New Guinea",earthquake: 0,1.931,0.054,33.0,us,us: 5,0-10 km: 0,shallow,strong,41.661182,-38.843426
4641,10,1,2023-10-07 08:40:11,-5.4749,146.1439,52.0,6.9,mww: 7,4.032,us: 5,"48 km SE of Madang, Papua New Guinea",earthquake: 0,1.929,0.052,35.0,us,us: 5,0-10 km: 0,shallow,strong,41.756268,-39.214718
4642,10,1,2023-10-07 09:18:50,-5.4976,145.9875,71.373,5.5,mb: 0,4.052,us: 5,"37 km SE of Madang, Papua New Guinea",earthquake: 0,6.209,0.037,253.0,us,us: 5,0-10 km: 0,intermediate,moderate,19.680647,50.963345
4643,10,1,2023-10-07 09:27:18,34.5319,61.9591,10.0,4.8,mb: 0,5.847,us: 5,"28 km NE of Zindah Jān, Afghanistan",earthquake: 0,1.832,0.052,119.0,us,us: 5,0-10 km: 0,shallow,light,-16.85145,29.512177
4644,10,1,2023-10-07 09:40:30,34.6444,61.9701,9.364,4.9,mb: 0,5.835,us: 5,"37 km SSE of Qarah Bāgh, Afghanistan",earthquake: 0,3.57,0.042,178.0,us,us: 5,0-10 km: 0,shallow,light,-2.7440736,38.10354
4645,10,1,2023-10-07 10:20:33,-6.2399,103.7334,36.384,4.6,mb: 0,2.021,us: 5,"191 km WSW of Bandar Lampung, Indonesia",earthquake: 0,8.05,0.117,24.0,us,us: 5,0-10 km: 0,shallow,light,43.503315,21.20998
4646,10,1,2023-10-07 10:23:23,31.2682,141.9129,10.0,5.0,mb: 0,2.561,us: 5,"Izu Islands, Japan region",earthquake: 0,1.853,0.038,215.0,us,us: 5,0-10 km: 0,shallow,moderate,-7.8049335,39.097622
4647,10,1,2023-10-07 10:38:00,-5.6356,146.0992,66.378,4.6,mb: 0,3.89,us: 5,"57 km SE of Madang, Papua New Guinea",earthquake: 0,6.888,0.078,54.0,us,us: 5,0-10 km: 0,shallow,light,38.386738,29.477713
4648,10,1,2023-10-07 13:10:39,-5.52,146.0369,31.0,5.6,mww: 7,4.017,us: 5,"43 km SE of Madang, Papua New Guinea",earthquake: 0,1.826,0.098,10.0,us,us: 5,0-10 km: 0,shallow,moderate,42.67805,-27.478064
4649,10,1,2023-10-07 14:13:36,-5.632,145.9243,64.169,5.3,mww: 7,3.943,us: 5,"47 km SSE of Madang, Papua New Guinea",earthquake: 0,4.568,0.093,11.0,us,us: 5,0-10 km: 0,shallow,moderate,30.083103,-20.421032
4650,10,1,2023-10-07 14:19:31,-5.729,146.1525,74.694,5.2,mb: 0,3.786,us: 5,"69 km SE of Madang, Papua New Guinea",earthquake: 0,4.131,0.042,196.0,us,us: 5,0-10 km: 0,intermediate,moderate,20.78585,49.518467
4651,10,1,2023-10-07 14:26:28,40.2023,142.3093,53.464,5.1,mb: 0,1.116,us: 5,"43 km ENE of Noda, Japan",earthquake: 0,4.255,0.036,256.0,us,us: 5,0-10 km: 0,shallow,moderate,-4.832327,42.172688
4652,10,1,2023-10-07 16:20:36,-5.6561,145.8972,63.931,5.7,mww: 7,3.929,us: 5,"49 km SSE of Madang, Papua New Guinea",earthquake: 0,5.524,0.06,27.0,us,us: 5,0-10 km: 0,shallow,moderate,35.01234,-21.481544
4653,10,1,2023-10-07 17:29:52,31.1739,141.927,10.0,4.8,mb: 0,2.638,us: 5,"Izu Islands, Japan region",earthquake: 0,1.793,0.044,166.0,us,us: 5,0-10 km: 0,shallow,light,-9.874074,33.594563
4654,10,1,2023-10-07 18:32:54,-0.2941,125.1354,39.7,4.9,mb: 0,2.47,us: 5,"113 km SE of Modisi, Indonesia",earthquake: 0,5.668,0.057,103.0,us,us: 5,0-10 km: 0,shallow,light,26.384178,41.07468
4655,10,1,2023-10-07 21:49:41,9.2548,93.8582,10.0,4.6,mb: 0,5.039,us: 5,"293 km SSE of Port Blair, India",earthquake: 0,1.802,0.1,30.0,us,us: 5,0-10 km: 0,shallow,light,-7.69959,-2.9452655
4656,10,1,2023-10-07 22:39:23,-5.6381,145.9288,62.951,5.1,mb: 0,3.936,us: 5,"48 km SSE of Madang, Papua New Guinea",earthquake: 0,5.584,0.046,156.0,us,us: 5,0-10 km: 0,shallow,moderate,21.715202,47.50854
4657,10,2,2023-10-08 03:16:53,47.22,154.0058,10.0,4.8,mb: 0,6.354,us: 5,Kuril Islands,earthquake: 0,1.89,0.071,61.0,us,us: 5,0-10 km: 0,shallow,light,-6.5434103,23.987959
4658,10,2,2023-10-08 03:26:01,-26.6184,-176.305,10.0,4.9,mb: 0,2.985,us: 5,south of the Fiji Islands,earthquake: 0,1.828,0.084,45.0,us,us: 5,0-10 km: 0,shallow,light,-65.464455,-8.729107
4659,10,2,2023-10-08 04:57:08,-5.7232,145.7758,81.057,4.6,mb: 0,3.907,us: 5,"55 km S of Madang, Papua New Guinea",earthquake: 0,2.615,0.09,42.0,us,us: 5,0-10 km: 0,intermediate,light,15.843457,11.748818
4660,10,2,2023-10-08 05:36:34,29.7935,140.1109,10.0,5.2,mww: 7,3.321,us: 5,"Izu Islands, Japan region",earthquake: 0,1.866,0.063,24.0,us,us: 5,0-10 km: 0,shallow,moderate,25.303085,-44.725697
4661,10,2,2023-10-08 06:11:12,-5.5494,146.0588,58.956,4.6,mb: 0,3.983,us: 5,"47 km SE of Madang, Papua New Guinea",earthquake: 0,7.195,0.08,47.0,us,us: 5,0-10 km: 0,shallow,light,38.486767,29.329704
4662,10,2,2023-10-08 10:34:54,-10.0241,160.8519,34.901,4.9,mb: 0,1.065,us: 5,"118 km ESE of Honiara, Solomon Islands",earthquake: 0,5.256,0.053,109.0,us,us: 5,0-10 km: 0,shallow,light,21.941471,37.129
4663,10,2,2023-10-08 16:17:47,41.8519,82.4291,10.0,4.7,mb: 0,2.498,us: 5,"44 km WNW of Kuqa, China",earthquake: 0,1.854,0.051,118.0,us,us: 5,0-10 km: 0,shallow,light,-16.803225,28.745771
4664,10,2,2023-10-08 18:07:39,-3.1582,148.4386,7.0,5.9,mww: 7,3.856,us: 5,Bismarck Sea,earthquake: 0,1.756,0.059,28.0,us,us: 5,0-10 km: 0,shallow,moderate,39.62508,-33.87151
4665,10,2,2023-10-08 20:13:50,29.688,140.0888,10.0,4.7,mb: 0,3.175,us: 5,"Izu Islands, Japan region",earthquake: 0,1.823,0.07,63.0,us,us: 5,0-10 km: 0,shallow,light,-10.4545555,18.957727
4666,10,2,2023-10-08 20:25:22,29.7121,139.9258,10.0,4.7,mww: 7,3.279,us: 5,"Izu Islands, Japan region",earthquake: 0,1.794,0.078,16.0,us,us: 5,0-10 km: 0,shallow,light,19.745857,-45.50936
4667,10,2,2023-10-08 20:34:32,29.7181,139.9904,10.0,4.7,mb: 0,3.25,us: 5,"Izu Islands, Japan region",earthquake: 0,1.856,0.081,47.0,us,us: 5,0-10 km: 0,shallow,light,-12.946178,13.1963625
4668,10,2,2023-10-08 20:43:09,29.7256,140.2201,10.0,4.8,mb: 0,3.397,us: 5,"Izu Islands, Japan region",earthquake: 0,1.868,0.076,53.0,us,us: 5,0-10 km: 0,shallow,light,-9.439502,17.182692
4669,10,2,2023-10-08 20:51:25,29.77,139.9186,10.0,4.7,mb: 0,3.336,us: 5,"Izu Islands, Japan region",earthquake: 0,1.852,0.092,36.0,us,us: 5,0-10 km: 0,shallow,light,-13.571116,11.1846695
4670,10,2,2023-10-08 20:56:48,29.8249,139.9328,10.0,4.9,mb: 0,5.06,us: 5,"Izu Islands, Japan region",earthquake: 0,1.854,0.1,31.0,us,us: 5,0-10 km: 0,shallow,light,-11.934014,10.2861395
4671,10,2,2023-10-08 21:00:40,29.7418,140.0495,10.0,5.0,mb: 0,6.146,us: 5,"Izu Islands, Japan region",earthquake: 0,1.827,0.043,173.0,us,us: 5,0-10 km: 0,shallow,moderate,-10.277845,34.642937
4672,10,2,2023-10-08 21:05:32,29.7638,139.9661,10.0,5.4,mb: 0,5.127,us: 5,"Izu Islands, Japan region",earthquake: 0,1.786,0.04,213.0,us,us: 5,0-10 km: 0,shallow,moderate,-8.453927,39.947002
4673,10,2,2023-10-08 21:09:16,29.8308,140.114,10.0,4.9,mb: 0,6.208,us: 5,"Izu Islands, Japan region",earthquake: 0,1.867,0.077,53.0,us,us: 5,0-10 km: 0,shallow,light,-8.800815,17.262215
4674,10,2,2023-10-08 21:13:27,29.7985,140.0281,10.0,5.0,mb: 0,6.087,us: 5,"Izu Islands, Japan region",earthquake: 0,1.842,0.057,99.0,us,us: 5,0-10 km: 0,shallow,moderate,-10.587824,27.526175
4675,10,2,2023-10-08 21:17:28,29.77,140.0739,10.0,5.3,mb: 0,5.149,us: 5,"Izu Islands, Japan region",earthquake: 0,1.811,0.045,165.0,us,us: 5,0-10 km: 0,shallow,moderate,-10.651081,35.359993
4676,10,2,2023-10-08 21:21:41,29.6373,139.8132,10.0,4.9,mb: 0,5.212,us: 5,"Izu Islands, Japan region",earthquake: 0,1.887,0.085,44.0,us,us: 5,0-10 km: 0,shallow,light,-11.057221,11.285945
4677,10,2,2023-10-08 23:35:03,8.8165,-77.1877,20.813,4.6,mb: 0,0.811,us: 5,"30 km ENE of Puerto Obaldía, Panama",earthquake: 0,2.895,0.075,53.0,us,us: 5,0-10 km: 0,shallow,light,-34.53249,0.1957011
4678,10,2,2023-10-09 00:39:20,-20.2357,-177.6109,500.181,4.7,mb: 0,2.438,us: 5,"261 km WNW of Houma, Tonga",earthquake: 0,5.748,0.053,106.0,us,us: 5,0-10 km: 0,deep,light,-8.5605755,69.74499
4679,10,2,2023-10-09 01:20:15,-10.3027,161.365,74.658,4.6,mb: 0,1.64,us: 5,"63 km WNW of Kirakira, Solomon Islands",earthquake: 0,6.427,0.084,42.0,us,us: 5,0-10 km: 0,intermediate,light,38.346573,28.254335
4680,10,2,2023-10-09 03:50:48,0.3711,122.1918,137.358,5.0,mww: 7,1.519,us: 5,"98 km W of Gorontalo, Indonesia",earthquake: 0,4.014,0.078,16.0,us,us: 5,0-10 km: 0,intermediate,moderate,30.935152,-16.447199
4681,10,2,2023-10-09 05:09:42,44.7118,146.168,181.984,5.3,mww: 7,2.629,us: 5,"75 km NNE of Otrada, Russia",earthquake: 0,5.018,0.052,35.0,us,us: 5,0-10 km: 0,intermediate,moderate,16.298183,-33.251392
4682,10,2,2023-10-09 06:54:06,34.5885,62.0577,10.0,4.9,mb: 0,4.61,us: 5,"29 km NNW of Herāt, Afghanistan",earthquake: 0,1.841,0.048,136.0,us,us: 5,0-10 km: 0,shallow,light,-15.325749,31.398785
4683,10,2,2023-10-09 08:45:39,30.6622,141.8981,10.0,4.6,mb: 0,3.021,us: 5,"Izu Islands, Japan region",earthquake: 0,1.865,0.114,23.0,us,us: 5,0-10 km: 0,shallow,light,-16.453419,7.54114
4684,10,2,2023-10-09 09:46:00,34.6878,62.016,10.0,4.7,mb: 0,4.514,us: 5,"35 km SE of Qarah Bāgh, Afghanistan",earthquake: 0,1.856,0.054,106.0,us,us: 5,0-10 km: 0,shallow,light,-17.635023,28.292759
4685,10,2,2023-10-09 12:24:38,3.2721,127.0418,36.062,4.8,mb: 0,2.505,us: 5,"201 km NNW of Tobelo, Indonesia",earthquake: 0,6.204,0.065,74.0,us,us: 5,0-10 km: 0,shallow,light,28.974516,37.77423
4686,10,2,2023-10-09 13:30:46,34.6202,62.0531,10.0,5.1,mww: 7,4.584,us: 5,"33 km NNW of Herāt, Afghanistan",earthquake: 0,1.805,0.078,16.0,us,us: 5,0-10 km: 0,shallow,moderate,20.694498,-50.64171
4687,10,2,2023-10-09 17:24:46,-7.3829,68.4258,10.0,4.6,mb: 0,3.994,us: 5,Chagos Archipelago region,earthquake: 0,1.85,0.079,50.0,us,us: 5,0-10 km: 0,shallow,light,-27.634562,-0.749131
4688,10,2,2023-10-09 18:23:09,49.095,21.7882,6.462,5.0,mww: 7,1.724,us: 5,"15 km SE of Stropkov, Slovakia",earthquake: 0,3.259,0.045,47.0,us,us: 5,0-10 km: 0,shallow,moderate,20.018847,-58.736347
4689,10,2,2023-10-09 20:41:05,1.6195,-85.3713,10.0,4.6,mb: 0,5.866,us: 5,off the coast of Ecuador,earthquake: 0,1.897,0.107,26.0,us,us: 5,0-10 km: 0,shallow,light,-33.859406,-4.1241665
4690,10,2,2023-10-09 22:00:25,-36.2623,-100.3608,10.0,4.7,mb: 0,11.91,us: 5,southeast of Easter Island,earthquake: 0,1.898,0.114,23.0,us,us: 5,10-20 km: 1,shallow,light,-34.10327,-33.9402
4691,10,2,2023-10-10 00:13:17,-23.6084,-63.6903,571.448,5.6,mww: 7,4.179,us: 5,"60 km SE of Embarcación, Argentina",earthquake: 0,2.704,0.042,54.0,us,us: 5,0-10 km: 0,deep,moderate,73.934875,3.5513396
4692,10,2,2023-10-10 07:21:30,-15.5316,-174.2228,10.0,5.5,mww: 7,2.86,us: 5,"65 km NW of Hihifo, Tonga",earthquake: 0,1.755,0.089,12.0,us,us: 5,0-10 km: 0,shallow,moderate,66.623604,-32.199707
4693,10,2,2023-10-10 10:01:31,-22.9147,-66.2547,253.0,6.0,mww: 7,1.774,us: 5,"61 km WSW of Abra Pampa, Argentina",earthquake: 0,1.947,0.049,40.0,us,us: 5,0-10 km: 0,intermediate,strong,57.08862,-37.19565
4694,10,2,2023-10-10 10:17:00,-29.2123,-177.4916,69.375,4.6,mb: 0,0.378,us: 5,"Kermadec Islands, New Zealand",earthquake: 0,6.966,0.125,19.0,us,us: 5,0-10 km: 0,shallow,light,-50.787064,-11.933896
4695,10,2,2023-10-10 12:27:41,16.0132,146.9085,38.421,4.9,mb: 0,1.324,us: 5,"152 km NE of Saipan, Northern Mariana Islands",earthquake: 0,6.524,0.062,82.0,us,us: 5,0-10 km: 0,shallow,light,27.830042,39.737885
4696,10,2,2023-10-10 16:42:28,-8.5457,112.5505,85.237,4.7,mb: 0,1.586,us: 5,"42 km SSW of Gongdanglegi Kulon, Indonesia",earthquake: 0,4.836,0.067,67.0,us,us: 5,0-10 km: 0,intermediate,light,34.129047,38.25965
4697,10,2,2023-10-10 20:20:24,-6.6423,129.7757,167.479,4.6,mb: 0,2.11,us: 5,Banda Sea,earthquake: 0,4.173,0.065,80.0,us,us: 5,0-10 km: 0,intermediate,light,38.0725,42.27707
4698,10,2,2023-10-10 22:07:47,-4.4339,153.0321,10.0,4.6,mb: 0,8.475,us: 5,"85 km E of Kokopo, Papua New Guinea",earthquake: 0,1.915,0.137,16.0,us,us: 5,0-10 km: 0,shallow,light,-4.0329924,-17.799734
4699,10,2,2023-10-11 00:04:40,3.0841,125.7969,153.159,4.6,mb: 0,2.782,us: 5,"196 km NNE of Bitung, Indonesia",earthquake: 0,7.788,0.087,40.0,us,us: 5,0-10 km: 0,intermediate,light,44.71934,31.536655
4700,10,2,2023-10-11 00:13:32,73.2839,6.8213,10.0,4.8,mb: 0,5.447,us: 5,Greenland Sea,earthquake: 0,1.718,0.068,67.0,us,us: 5,0-10 km: 0,shallow,light,-26.630434,28.455606
4701,10,2,2023-10-11 00:41:55,34.5364,62.0509,8.0,6.3,mww: 7,4.645,us: 5,"24 km NNW of Herāt, Afghanistan",earthquake: 0,1.746,0.044,49.0,us,us: 5,0-10 km: 0,shallow,strong,36.098698,-47.124344
4702,10,2,2023-10-11 00:52:45,34.5654,62.1362,10.0,5.0,mb: 0,4.671,us: 5,"24 km NNW of Herāt, Afghanistan",earthquake: 0,1.848,0.078,52.0,us,us: 5,0-10 km: 0,shallow,moderate,-20.546389,20.023537
4703,10,2,2023-10-11 01:50:17,15.0413,147.1179,10.0,5.0,mb: 0,1.295,us: 5,"147 km E of Saipan, Northern Mariana Islands",earthquake: 0,1.806,0.046,151.0,us,us: 5,0-10 km: 0,shallow,moderate,-11.783315,33.948494
4704,10,2,2023-10-11 03:54:56,-63.7692,172.3039,10.0,5.7,mww: 7,14.256,us: 5,Balleny Islands region,earthquake: 0,1.384,0.069,20.0,us,us: 5,10-20 km: 1,shallow,moderate,50.840736,-24.336502
4705,10,2,2023-10-11 04:10:35,-15.9064,-69.5917,229.448,4.8,mb: 0,1.455,us: 5,"18 km SSE of Taquile, Peru",earthquake: 0,3.593,0.025,488.0,us,us: 5,0-10 km: 0,intermediate,light,-15.3818655,56.391033
4706,10,2,2023-10-11 04:37:08,-20.4851,-174.0596,25.013,5.0,mb: 0,0.711,us: 5,"80 km SSE of Pangai, Tonga",earthquake: 0,3.085,0.096,35.0,us,us: 5,0-10 km: 0,shallow,moderate,-57.953323,-9.134512
4707,10,2,2023-10-11 10:36:56,23.2664,121.3166,16.025,5.2,mww: 7,0.127,us: 5,"78 km SE of Lugu, Taiwan",earthquake: 0,3.571,0.098,10.0,us,us: 5,0-10 km: 0,shallow,moderate,21.4848,-35.037655
4708,10,2,2023-10-11 14:08:29,-58.2339,-23.3333,10.0,4.7,mb: 0,8.321,us: 5,South Sandwich Islands region,earthquake: 0,1.879,0.117,24.0,us,us: 5,0-10 km: 0,shallow,light,-32.080193,-44.330128
4709,10,2,2023-10-11 16:12:54,-9.0436,158.4197,10.0,4.7,mb: 0,1.558,us: 5,"159 km WNW of Malango, Solomon Islands",earthquake: 0,1.888,0.104,28.0,us,us: 5,0-10 km: 0,shallow,light,0.35078672,-13.111529
4710,10,2,2023-10-11 16:23:46,-58.2901,-15.7188,10.0,4.9,mb: 0,12.199,us: 5,east of the South Sandwich Islands,earthquake: 0,1.906,0.117,23.0,us,us: 5,10-20 km: 1,shallow,light,-30.768057,-43.183575
4711,10,2,2023-10-11 18:37:21,29.5869,81.1801,10.0,4.8,mb: 0,4.017,us: 5,"43 km NNE of Dipayal, Nepal",earthquake: 0,1.811,0.051,119.0,us,us: 5,0-10 km: 0,shallow,light,-15.151825,29.792595
4712,10,2,2023-10-11 20:04:58,-52.0446,139.6131,10.0,6.3,mww: 7,10.516,us: 5,west of Macquarie Island,earthquake: 0,1.743,0.052,35.0,us,us: 5,10-20 km: 1,shallow,strong,52.324123,-24.823864
4713,10,2,2023-10-11 22:33:13,28.7792,128.6959,138.54,4.6,mb: 0,1.972,us: 5,"74 km NW of Uken, Japan",earthquake: 0,7.727,0.086,40.0,us,us: 5,0-10 km: 0,intermediate,light,14.368941,32.9395
4714,10,2,2023-10-12 00:33:17,-5.3966,152.7995,25.153,4.6,mb: 0,1.355,us: 5,"130 km SSE of Kokopo, Papua New Guinea",earthquake: 0,6.05,0.095,33.0,us,us: 5,0-10 km: 0,shallow,light,35.788883,25.78885
4715,10,2,2023-10-12 02:41:13,52.8792,-171.3013,119.522,5.6,mww: 7,0.774,us: 5,"164 km W of Nikolski, Alaska",earthquake: 0,3.388,0.031,103.0,us,us: 5,0-10 km: 0,intermediate,moderate,26.891298,-64.938995
4716,10,2,2023-10-12 03:30:41,-28.8241,-177.293,96.824,4.7,mb: 0,0.697,us: 5,Kermadec Islands region,earthquake: 0,6.473,0.09,37.0,us,us: 5,0-10 km: 0,intermediate,light,-52.154003,-7.207612
4717,10,2,2023-10-12 05:00:20,-17.8504,-178.6112,551.041,4.9,mb: 0,4.453,us: 5,"220 km E of Levuka, Fiji",earthquake: 0,6.4,0.026,482.0,us,us: 5,0-10 km: 0,deep,light,-10.537122,62.987434
4718,10,2,2023-10-12 06:18:41,-4.5721,133.9193,10.0,5.2,mww: 7,2.34,us: 5,"174 km NE of Tual, Indonesia",earthquake: 0,1.842,0.078,16.0,us,us: 5,0-10 km: 0,shallow,moderate,38.783913,-26.445742
4719,10,2,2023-10-12 08:46:09,6.9642,-82.6187,10.0,4.7,mb: 0,1.819,us: 5,"121 km SSE of Burica, Panama",earthquake: 0,1.883,0.037,220.0,us,us: 5,0-10 km: 0,shallow,light,-23.814966,48.953728
4720,10,2,2023-10-12 09:29:58,-10.2267,119.9149,10.0,4.9,mb: 0,2.526,us: 5,"73 km SSW of Waingapu, Indonesia",earthquake: 0,1.754,0.101,31.0,us,us: 5,0-10 km: 0,shallow,light,3.821794,-12.298261
4721,10,2,2023-10-12 10:34:56,-6.746,155.2721,36.869,5.1,mb: 0,4.002,us: 5,"53 km SSW of Panguna, Papua New Guinea",earthquake: 0,3.963,0.041,199.0,us,us: 5,0-10 km: 0,shallow,moderate,19.842838,49.28339
4722,10,2,2023-10-12 12:16:29,22.8103,120.5315,17.13,4.7,mb: 0,0.496,us: 5,"31 km NE of Kaohsiung, Taiwan",earthquake: 0,2.689,0.089,38.0,us,us: 5,0-10 km: 0,shallow,light,-11.932898,12.372613
4723,10,2,2023-10-12 13:40:20,-38.9809,178.6143,10.0,4.7,mb: 0,1.328,us: 5,"57 km SE of Wainui, New Zealand",earthquake: 0,1.904,0.134,22.0,us,us: 5,0-10 km: 0,shallow,light,-8.258023,-37.027412
4724,10,2,2023-10-12 19:00:44,1.9242,-102.095,10.0,4.6,mb: 0,18.95,us: 5,Galapagos Triple Junction region,earthquake: 0,1.868,0.095,33.0,us,us: 5,10-20 km: 1,shallow,light,-34.331074,-3.233039
4725,10,2,2023-10-12 22:33:39,44.2409,148.51,40.251,5.1,mww: 7,4.258,us: 5,"120 km SSE of Kuril’sk, Russia",earthquake: 0,3.277,0.093,11.0,us,us: 5,0-10 km: 0,shallow,moderate,18.306097,-37.08065
4726,10,2,2023-10-12 22:35:22,-15.8954,-69.557,254.331,4.6,mb: 0,1.426,us: 5,"19 km SE of Taquile, Peru",earthquake: 0,7.741,0.119,21.0,us,us: 5,0-10 km: 0,intermediate,light,-42.98941,-10.697229
4727,10,2,2023-10-13 00:03:14,36.0555,68.7756,10.0,4.9,mb: 0,1.527,us: 5,"10 km SE of Baghlān, Afghanistan",earthquake: 0,1.814,0.045,156.0,us,us: 5,0-10 km: 0,shallow,light,-14.95875,32.811607
4728,10,2,2023-10-13 00:24:16,13.7815,120.8353,10.0,5.0,mww: 7,8.139,us: 5,"8 km WNW of Solo, Philippines",earthquake: 0,1.837,0.098,10.0,us,us: 5,0-10 km: 0,shallow,moderate,28.249146,-29.405872
4729,10,2,2023-10-13 01:09:26,36.0303,68.7405,10.0,4.7,mb: 0,1.507,us: 5,"9 km NNE of Pul-e Khumrī, Afghanistan",earthquake: 0,1.779,0.062,80.0,us,us: 5,0-10 km: 0,shallow,light,-18.646646,22.784071
4730,10,2,2023-10-13 02:25:28,-56.3268,-26.6345,41.174,5.4,mb: 0,5.988,us: 5,South Sandwich Islands region,earthquake: 0,5.294,0.065,81.0,us,us: 5,0-10 km: 0,shallow,moderate,-25.333218,-51.96548
4731,10,2,2023-10-13 03:44:32,-51.7952,139.5001,7.064,5.9,mww: 7,10.345,us: 5,western Indian-Antarctic Ridge,earthquake: 0,3.222,0.05,39.0,us,us: 5,10-20 km: 1,shallow,moderate,51.998997,-24.2204
4732,10,2,2023-10-13 08:17:15,-37.3261,78.048,10.0,4.6,mb: 0,0.604,us: 5,Mid-Indian Ridge,earthquake: 0,1.914,0.137,16.0,us,us: 5,0-10 km: 0,shallow,light,-16.303526,-36.958073
4733,10,2,2023-10-13 08:54:32,-23.513,-179.9896,537.167,5.1,mb: 0,5.007,us: 5,south of the Fiji Islands,earthquake: 0,7.621,0.057,100.0,us,us: 5,0-10 km: 0,deep,moderate,-9.315989,70.296196
4734,10,2,2023-10-13 09:59:51,41.074,140.1515,168.306,5.1,mb: 0,0.748,us: 5,"30 km WSW of Imabetsu, Japan",earthquake: 0,5.217,0.02,796.0,us,us: 5,0-10 km: 0,intermediate,moderate,-12.134578,55.59079
4735,10,2,2023-10-13 10:15:37,37.7962,73.9128,10.0,4.6,mb: 0,2.357,us: 5,"41 km S of Murghob, Tajikistan",earthquake: 0,1.905,0.114,24.0,us,us: 5,0-10 km: 0,shallow,light,-24.36062,13.239492
4736,10,2,2023-10-13 15:57:37,58.1621,-32.5003,10.0,4.6,mb: 0,7.199,us: 5,Reykjanes Ridge,earthquake: 0,1.602,0.057,93.0,us,us: 5,0-10 km: 0,shallow,light,-25.326565,28.124422
4737,10,2,2023-10-13 18:57:28,-30.4853,-177.5376,18.824,4.6,mb: 0,1.264,us: 5,"Kermadec Islands, New Zealand",earthquake: 0,4.582,0.122,24.0,us,us: 5,0-10 km: 0,shallow,light,-54.96224,-13.354177
4738,10,2,2023-10-13 20:44:40,28.788,142.4323,23.632,4.6,mb: 0,1.7,us: 5,"Bonin Islands, Japan region",earthquake: 0,4.658,0.068,76.0,us,us: 5,0-10 km: 0,shallow,light,7.8248944,29.635372
4739,10,2,2023-10-14 02:05:54,16.0647,-98.8294,10.0,4.9,mb: 0,0.749,us: 5,"50 km SSW of Barra de Tecoanapa, Mexico",earthquake: 0,1.578,0.033,294.0,us,us: 5,0-10 km: 0,shallow,light,-20.511435,50.205524
4740,10,2,2023-10-14 02:29:24,41.5116,142.055,53.827,4.9,mwr: 6,0.966,us: 5,"74 km ENE of Mutsu, Japan",earthquake: 0,3.11,0.073,18.0,us,us: 5,0-10 km: 0,shallow,light,17.590857,-42.385853
4741,10,2,2023-10-14 04:33:13,32.6594,140.8723,57.554,4.8,mb: 0,1.0,us: 5,"274 km SSE of Tateyama, Japan",earthquake: 0,6.106,0.042,180.0,us,us: 5,0-10 km: 0,shallow,light,1.4819162,40.450504
4742,10,2,2023-10-14 05:25:03,-60.5025,-25.6386,10.0,4.8,mb: 0,17.702,us: 5,South Sandwich Islands region,earthquake: 0,1.912,0.086,42.0,us,us: 5,10-20 km: 1,shallow,light,-27.789663,-45.9692
4743,10,2,2023-10-14 05:56:08,-5.6676,146.0224,55.665,4.9,mb: 0,3.88,us: 5,"55 km SSE of Madang, Papua New Guinea",earthquake: 0,6.861,0.061,84.0,us,us: 5,0-10 km: 0,shallow,light,31.403662,38.946426
4744,10,2,2023-10-14 06:34:10,-31.3068,179.7272,401.457,5.7,mww: 7,2.88,us: 5,Kermadec Islands region,earthquake: 0,4.567,0.061,26.0,us,us: 5,0-10 km: 0,deep,moderate,71.80291,1.2413414
4745,10,2,2023-10-14 07:53:30,23.9848,122.2738,20.448,4.9,mww: 7,0.649,us: 5,"68 km E of Hualien City, Taiwan",earthquake: 0,4.59,0.083,14.0,us,us: 5,0-10 km: 0,shallow,light,18.35423,-39.32731
4746,10,2,2023-10-14 08:29:34,7.4663,-36.7005,10.0,5.5,mww: 7,13.23,us: 5,central Mid-Atlantic Ridge,earthquake: 0,1.842,0.047,44.0,us,us: 5,10-20 km: 1,shallow,moderate,50.15817,-49.42629
4747,10,2,2023-10-14 09:46:40,27.4812,127.6098,101.363,4.7,mb: 0,0.873,us: 5,"62 km NW of Iheya, Japan",earthquake: 0,7.204,0.064,77.0,us,us: 5,0-10 km: 0,intermediate,light,12.531525,34.314743
4748,10,2,2023-10-14 11:09:35,-2.7543,126.6638,10.0,4.9,mb: 0,3.572,us: 5,"108 km SE of Sanana, Indonesia",earthquake: 0,1.883,0.075,55.0,us,us: 5,0-10 km: 0,shallow,light,4.725539,-2.3721075
4749,10,2,2023-10-14 14:04:04,23.9616,122.3314,10.0,4.9,mb: 0,0.706,us: 5,"74 km E of Hualien City, Taiwan",earthquake: 0,1.873,0.058,94.0,us,us: 5,0-10 km: 0,shallow,light,-11.344039,26.783096
4750,10,2,2023-10-14 14:07:11,40.9045,31.7104,10.0,4.6,mb: 0,0.583,us: 5,"20 km NNE of Bolu, Turkey",earthquake: 0,1.811,0.087,40.0,us,us: 5,0-10 km: 0,shallow,light,-23.269722,18.855099
4751,10,2,2023-10-14 19:15:44,-5.0119,153.4718,63.882,4.7,mb: 0,1.538,us: 5,"152 km ESE of Kokopo, Papua New Guinea",earthquake: 0,4.789,0.081,46.0,us,us: 5,0-10 km: 0,shallow,light,33.907127,30.322342
4752,10,2,2023-10-14 22:10:05,-58.9822,-25.6543,52.429,5.1,mb: 0,7.602,us: 5,South Sandwich Islands region,earthquake: 0,5.332,0.062,85.0,us,us: 5,0-10 km: 0,shallow,moderate,-25.640093,-52.466763
4753,10,2,2023-10-14 22:11:04,14.8821,-87.522,10.0,4.9,mwr: 6,0.855,us: 5,"16 km NE of La Libertad, Honduras",earthquake: 0,1.315,0.08,15.0,us,us: 5,0-10 km: 0,shallow,light,55.23707,-52.43339
4754,10,2,2023-10-14 23:44:59,30.8339,141.9883,10.0,4.7,mb: 0,2.931,us: 5,"Izu Islands, Japan region",earthquake: 0,1.876,0.086,42.0,us,us: 5,0-10 km: 0,shallow,light,-13.312426,12.476192
4755,10,3,2023-10-15 03:20:01,-58.4584,-23.1887,10.0,4.9,mb: 0,8.48,us: 5,South Sandwich Islands region,earthquake: 0,1.878,0.099,33.0,us,us: 5,0-10 km: 0,shallow,light,-28.092842,-44.74323
4756,10,3,2023-10-15 03:36:00,34.6529,62.1244,9.0,6.3,mww: 7,5.708,us: 5,"34 km NNW of Herāt, Afghanistan",earthquake: 0,1.739,0.063,24.0,us,us: 5,0-10 km: 0,shallow,strong,36.026844,-46.86309
4757,10,3,2023-10-15 03:56:28,34.5747,62.0974,10.0,5.4,mww: 7,4.642,us: 5,"26 km NNW of Herāt, Afghanistan",earthquake: 0,1.778,0.093,11.0,us,us: 5,0-10 km: 0,shallow,moderate,21.027718,-51.89724
4758,10,3,2023-10-15 08:58:34,-58.9574,-25.4713,35.0,4.8,mb: 0,15.71,us: 5,South Sandwich Islands region,earthquake: 0,1.883,0.083,49.0,us,us: 5,10-20 km: 1,shallow,light,-27.767246,-46.51487
4759,10,3,2023-10-15 09:13:25,33.7721,141.7225,16.306,5.2,mww: 7,1.725,us: 5,"199 km SE of Katsuura, Japan",earthquake: 0,3.803,0.075,17.0,us,us: 5,0-10 km: 0,shallow,moderate,20.402855,-38.208847
4760,10,3,2023-10-15 11:15:37,31.0601,49.4494,10.0,5.3,mww: 7,5.396,us: 5,"18 km NNE of Rāmshīr, Iran",earthquake: 0,1.833,0.065,23.0,us,us: 5,0-10 km: 0,shallow,moderate,21.95976,-53.7339
4761,10,3,2023-10-15 15:24:42,-8.1194,118.1201,10.0,4.6,mb: 0,0.781,us: 5,"59 km NW of Dompu, Indonesia",earthquake: 0,1.827,0.122,20.0,us,us: 5,0-10 km: 0,shallow,light,-3.460197,-15.324452
4762,10,3,2023-10-15 16:25:41,-31.5598,-177.9924,10.0,4.8,mb: 0,2.291,us: 5,Kermadec Islands region,earthquake: 0,1.5,0.112,27.0,us,us: 5,0-10 km: 0,shallow,light,-65.96048,-16.816555
4763,10,3,2023-10-15 22:44:41,12.3509,-88.4707,51.39,4.9,mb: 0,1.121,us: 5,"102 km SSW of Chirilagua, El Salvador",earthquake: 0,6.251,0.05,127.0,us,us: 5,0-10 km: 0,shallow,light,-47.51323,5.523927
4764,10,3,2023-10-16 03:13:54,50.7101,-129.9313,10.0,4.8,mwr: 6,1.146,us: 5,"201 km W of Port McNeill, Canada",earthquake: 0,1.847,0.086,13.0,us,us: 5,0-10 km: 0,shallow,light,25.121593,-68.9438
4765,10,3,2023-10-16 04:00:53,43.6188,-28.9684,10.0,4.6,mb: 0,6.407,us: 5,northern Mid-Atlantic Ridge,earthquake: 0,1.875,0.146,14.0,us,us: 5,0-10 km: 0,shallow,light,-28.73312,15.936716
4766,10,3,2023-10-16 06:33:55,-28.0201,-176.4917,45.094,4.9,mb: 0,1.757,us: 5,Kermadec Islands region,earthquake: 0,6.858,0.077,53.0,us,us: 5,0-10 km: 0,shallow,light,-54.329205,-6.721137
4767,10,3,2023-10-16 06:48:35,53.4531,160.2061,62.371,5.2,mww: 7,1.03,us: 5,"113 km ENE of Petropavlovsk-Kamchatsky, Russia",earthquake: 0,4.99,0.098,10.0,us,us: 5,0-10 km: 0,shallow,moderate,17.785896,-35.993183
4768,10,3,2023-10-16 08:46:09,-15.8606,-179.6159,10.0,5.2,mww: 7,2.915,us: 5,"126 km ENE of Labasa, Fiji",earthquake: 0,1.835,0.093,11.0,us,us: 5,0-10 km: 0,shallow,moderate,68.03775,-32.942844
4769,10,3,2023-10-16 10:05:49,-25.006,70.1063,10.0,4.7,mb: 0,13.76,us: 5,Mid-Indian Ridge,earthquake: 0,1.892,0.101,30.0,us,us: 5,10-20 km: 1,shallow,light,-20.413237,-38.006447
4770,10,3,2023-10-16 10:42:10,25.1582,125.5573,13.261,5.7,mww: 7,1.431,us: 5,"46 km NNE of Hirara, Japan",earthquake: 0,2.774,0.04,60.0,us,us: 5,0-10 km: 0,shallow,moderate,31.518024,-44.19765
4771,10,3,2023-10-16 11:35:30,52.5592,-176.924,174.0,6.4,mww: 7,0.613,us: 5,"78 km NNW of Adak, Alaska",earthquake: 0,1.891,0.04,61.0,us,us: 5,0-10 km: 0,intermediate,strong,44.348694,-50.335724
4772,10,3,2023-10-16 13:30:48,25.1128,125.5035,9.536,4.9,mb: 0,1.365,us: 5,"39 km NNE of Hirara, Japan",earthquake: 0,4.609,0.09,39.0,us,us: 5,0-10 km: 0,shallow,light,9.565753,25.88764
4773,10,3,2023-10-16 13:53:47,25.1572,125.5391,10.0,4.6,mb: 0,1.416,us: 5,"45 km NNE of Hirara, Japan",earthquake: 0,1.879,0.123,20.0,us,us: 5,0-10 km: 0,shallow,light,-16.49294,5.7160506
4774,10,3,2023-10-16 15:06:44,-41.6548,85.0617,10.0,4.7,mb: 0,6.941,us: 5,southeast Indian Ridge,earthquake: 0,1.837,0.117,22.0,us,us: 5,0-10 km: 0,shallow,light,-17.569592,-38.686806
4775,10,3,2023-10-16 17:22:53,23.5246,142.1216,116.183,4.6,mb: 0,3.556,us: 5,"Volcano Islands, Japan region",earthquake: 0,6.658,0.069,62.0,us,us: 5,0-10 km: 0,intermediate,light,13.1299305,33.87503
4776,10,3,2023-10-16 18:33:19,-24.5208,-67.0178,172.59,5.0,mww: 7,1.89,us: 5,"78 km WSW of San Antonio de los Cobres, Argentina",earthquake: 0,4.786,0.066,22.0,us,us: 5,0-10 km: 0,intermediate,moderate,59.6824,-43.41037
4777,10,3,2023-10-16 20:50:01,25.1881,125.5097,16.712,4.6,mb: 0,1.411,us: 5,"47 km NNE of Hirara, Japan",earthquake: 0,5.484,0.129,18.0,us,us: 5,0-10 km: 0,shallow,light,25.542324,8.971312
4778,10,3,2023-10-17 02:35:16,-36.0983,-69.9225,172.653,4.6,mb: 0,1.226,us: 5,"80 km N of Barrancas, Argentina",earthquake: 0,5.401,0.045,145.0,us,us: 5,0-10 km: 0,intermediate,light,-51.18325,1.658701
4779,10,3,2023-10-17 04:59:22,27.7117,56.1329,10.0,5.1,mww: 7,2.756,us: 5,"60 km NNW of Bandar Abbas, Iran",earthquake: 0,1.761,0.08,15.0,us,us: 5,0-10 km: 0,shallow,moderate,20.507105,-50.593563
4780,10,3,2023-10-17 05:10:03,27.704,56.1419,10.0,5.5,mww: 7,2.748,us: 5,"58 km NNW of Bandar Abbas, Iran",earthquake: 0,1.813,0.073,18.0,us,us: 5,0-10 km: 0,shallow,moderate,22.504976,-52.912235
4781,10,3,2023-10-17 08:22:11,27.6897,56.1309,10.0,5.0,mww: 7,2.734,us: 5,"57 km NNW of Bandar Abbas, Iran",earthquake: 0,1.756,0.089,12.0,us,us: 5,0-10 km: 0,shallow,moderate,19.823414,-49.96864
4782,10,3,2023-10-17 13:40:31,-22.1584,170.7372,10.0,5.6,mww: 7,3.079,us: 5,southeast of the Loyalty Islands,earthquake: 0,1.819,0.053,34.0,us,us: 5,0-10 km: 0,shallow,moderate,41.600243,-30.014933
4783,10,3,2023-10-17 16:26:49,27.7307,56.1175,10.0,5.3,mww: 7,2.775,us: 5,"62 km NNW of Bandar Abbas, Iran",earthquake: 0,1.769,0.089,12.0,us,us: 5,0-10 km: 0,shallow,moderate,20.897583,-51.532566
4784,10,3,2023-10-17 21:52:16,-29.2123,-176.0956,10.0,5.2,mb: 0,1.596,us: 5,Kermadec Islands region,earthquake: 0,1.803,0.062,86.0,us,us: 5,0-10 km: 0,shallow,moderate,-64.89965,-3.6928546
4785,10,3,2023-10-18 07:49:22,-4.4117,153.5659,108.219,4.9,mb: 0,1.415,us: 5,"144 km E of Kokopo, Papua New Guinea",earthquake: 0,2.867,0.057,96.0,us,us: 5,0-10 km: 0,intermediate,light,33.401802,47.556892
4786,10,3,2023-10-18 08:11:28,13.4286,146.2842,10.0,5.2,mww: 7,1.386,us: 5,"151 km E of Yigo Village, Guam",earthquake: 0,1.783,0.083,14.0,us,us: 5,0-10 km: 0,shallow,moderate,30.220875,-30.385132
4787,10,3,2023-10-18 10:29:29,-55.316,-128.4371,10.0,5.5,mww: 7,30.289,us: 5,Pacific-Antarctic Ridge,earthquake: 0,1.901,0.086,13.0,us,us: 5,30-40 km: 3,shallow,moderate,62.220848,-27.07104
4788,10,3,2023-10-18 13:30:39,-19.1062,-172.8965,10.0,4.9,mb: 0,2.808,us: 5,"125 km ESE of Neiafu, Tonga",earthquake: 0,1.839,0.098,36.0,us,us: 5,0-10 km: 0,shallow,light,-65.44493,-11.773842
4789,10,3,2023-10-18 14:50:43,-55.3078,158.7749,10.0,4.6,mb: 0,0.817,us: 5,Macquarie Island region,earthquake: 0,1.955,0.146,14.0,us,us: 5,0-10 km: 0,shallow,light,-10.913722,-36.922626
4790,10,3,2023-10-18 14:52:43,14.7845,-93.741,45.638,4.6,mb: 0,1.432,us: 5,"96 km SW of La Esperanza (El Zapotal), Mexico",earthquake: 0,6.224,0.035,250.0,us,us: 5,0-10 km: 0,shallow,light,-23.025496,54.020405
4791,10,3,2023-10-18 16:18:43,-15.8791,-179.9279,10.0,4.6,mb: 0,2.68,us: 5,"97 km NE of Labasa, Fiji",earthquake: 0,1.896,0.133,17.0,us,us: 5,0-10 km: 0,shallow,light,-60.36304,-20.865967
4792,10,3,2023-10-18 16:49:31,-11.7401,166.4816,161.863,4.9,mb: 0,6.819,us: 5,"134 km SSE of Lata, Solomon Islands",earthquake: 0,6.293,0.069,67.0,us,us: 5,0-10 km: 0,intermediate,light,38.259754,40.901848
4793,10,3,2023-10-18 20:01:04,-6.3387,-106.9364,10.0,4.6,mb: 0,25.147,us: 5,central East Pacific Rise,earthquake: 0,1.892,0.054,102.0,us,us: 5,20-30 km: 2,shallow,light,-37.19825,2.9817414
4794,10,3,2023-10-18 21:52:04,-23.0653,-113.9164,10.0,4.7,mb: 0,39.32,us: 5,Easter Island region,earthquake: 0,1.857,0.129,18.0,us,us: 5,30-40 km: 3,shallow,light,-36.75067,-6.476419
4795,10,3,2023-10-18 22:15:06,30.8272,141.3689,25.335,5.1,mww: 7,2.636,us: 5,"Izu Islands, Japan region",earthquake: 0,3.581,0.068,21.0,us,us: 5,0-10 km: 0,shallow,moderate,20.8044,-38.819798
4796,10,3,2023-10-19 00:45:33,-29.2941,-176.1819,10.0,5.3,mb: 0,1.519,us: 5,Kermadec Islands region,earthquake: 0,1.756,0.056,108.0,us,us: 5,0-10 km: 0,shallow,moderate,-64.55634,-3.0690227
4797,10,3,2023-10-19 00:48:39,30.8324,141.4832,20.506,4.6,mb: 0,2.682,us: 5,"Izu Islands, Japan region",earthquake: 0,3.091,0.075,53.0,us,us: 5,0-10 km: 0,shallow,light,7.14303,27.188023
4798,10,3,2023-10-19 03:51:56,25.9383,128.4834,10.0,5.0,mww: 7,0.914,us: 5,"75 km SE of Katsuren-haebaru, Japan",earthquake: 0,1.865,0.098,10.0,us,us: 5,0-10 km: 0,shallow,moderate,20.38452,-46.98469
4799,10,3,2023-10-19 05:23:17,12.473,-87.9901,57.847,4.6,mb: 0,0.972,us: 5,"65 km WSW of Jiquilillo, Nicaragua",earthquake: 0,4.867,0.03,332.0,us,us: 5,0-10 km: 0,shallow,light,-19.392637,53.6296
4800,10,3,2023-10-19 14:08:24,-7.8723,107.2582,58.526,5.1,mww: 7,0.563,us: 5,"77 km SSW of Banjar, Indonesia",earthquake: 0,4.929,0.08,15.0,us,us: 5,0-10 km: 0,shallow,moderate,28.507793,-20.235262
4801,10,3,2023-10-19 14:14:01,-35.6305,78.2912,10.0,4.8,mb: 0,2.238,us: 5,Mid-Indian Ridge,earthquake: 0,1.861,0.135,20.0,us,us: 5,0-10 km: 0,shallow,light,-16.765858,-37.714672
4802,10,3,2023-10-19 14:34:36,-2.9082,139.6418,10.0,4.7,mb: 0,1.13,us: 5,"115 km WSW of Abepura, Indonesia",earthquake: 0,1.892,0.11,25.0,us,us: 5,0-10 km: 0,shallow,light,-2.0645945,-12.094066
4803,10,3,2023-10-19 15:20:16,-23.3086,170.7732,10.0,4.6,mb: 0,3.143,us: 5,southeast of the Loyalty Islands,earthquake: 0,1.822,0.132,22.0,us,us: 5,0-10 km: 0,shallow,light,0.54032475,-22.933397
4804,10,3,2023-10-19 18:58:51,7.4623,126.3516,8.494,5.9,mww: 7,0.86,us: 5,"18 km WSW of Batiano, Philippines",earthquake: 0,3.099,0.052,35.0,us,us: 5,0-10 km: 0,shallow,moderate,37.784245,-35.348827
4805,10,3,2023-10-19 20:51:14,-27.4256,-66.2733,10.0,4.6,mb: 0,3.522,us: 5,"17 km NNE of Andalgalá, Argentina",earthquake: 0,1.806,0.087,40.0,us,us: 5,0-10 km: 0,shallow,light,-33.48376,-31.600603
4806,10,3,2023-10-19 22:43:31,29.6332,52.0668,10.0,4.8,mb: 0,5.945,us: 5,"40 km E of Kāzerūn, Iran",earthquake: 0,1.858,0.063,78.0,us,us: 5,0-10 km: 0,shallow,light,-18.51977,23.290192
4807,10,3,2023-10-19 23:33:32,-49.3955,30.3693,10.0,4.9,mb: 0,14.707,us: 5,south of Africa,earthquake: 0,1.846,0.089,39.0,us,us: 5,10-20 km: 1,shallow,light,-22.982883,-41.75265
4808,10,3,2023-10-20 00:04:22,12.4144,143.3404,16.768,5.7,mww: 7,1.893,us: 5,"172 km WSW of Merizo Village, Guam",earthquake: 0,3.035,0.06,27.0,us,us: 5,0-10 km: 0,shallow,moderate,36.827908,-35.2873
4809,10,3,2023-10-20 02:44:12,-6.2105,103.7782,41.57,4.6,mb: 0,2.012,us: 5,"185 km WSW of Bandar Lampung, Indonesia",earthquake: 0,6.113,0.109,27.0,us,us: 5,0-10 km: 0,shallow,light,35.017105,19.668196
4810,10,3,2023-10-20 03:49:48,-35.5749,179.6632,44.217,4.6,mb: 0,2.264,us: 5,"255 km NNE of Hicks Bay, New Zealand",earthquake: 0,7.183,0.122,20.0,us,us: 5,0-10 km: 0,shallow,light,39.18216,21.913572
4811,10,3,2023-10-20 07:57:30,-2.9714,129.819,18.765,4.9,mb: 0,1.543,us: 5,"101 km ENE of Masohi, Indonesia",earthquake: 0,4.493,0.082,46.0,us,us: 5,0-10 km: 0,shallow,light,26.530848,28.193674
4812,10,3,2023-10-20 08:22:24,-2.9626,129.9558,21.1,4.6,mb: 0,1.55,us: 5,"115 km ENE of Masohi, Indonesia",earthquake: 0,5.356,0.114,23.0,us,us: 5,0-10 km: 0,shallow,light,33.284355,19.412256
4813,10,3,2023-10-20 09:48:44,49.1256,155.0505,65.415,4.6,mb: 0,4.323,us: 5,"188 km SSW of Severo-Kuril’sk, Russia",earthquake: 0,7.097,0.081,45.0,us,us: 5,0-10 km: 0,shallow,light,13.134522,30.074167
4814,10,3,2023-10-20 13:07:02,2.1185,127.8186,228.275,4.6,mb: 0,1.412,us: 5,"48 km NNW of Tobelo, Indonesia",earthquake: 0,5.511,0.06,83.0,us,us: 5,0-10 km: 0,intermediate,light,38.363796,44.478813
4815,10,3,2023-10-20 13:24:08,8.237,137.5492,10.0,4.7,mb: 0,8.94,us: 5,"154 km SSW of Colonia, Micronesia",earthquake: 0,1.895,0.106,27.0,us,us: 5,0-10 km: 0,shallow,light,-8.917834,-4.37139
4816,10,3,2023-10-20 18:01:37,-0.6961,98.4562,20.764,4.8,mb: 0,2.173,us: 5,"158 km SSE of Teluk Dalam, Indonesia",earthquake: 0,4.14,0.067,77.0,us,us: 5,0-10 km: 0,shallow,light,21.782635,32.91206
4817,10,3,2023-10-20 19:01:44,30.9402,141.3646,28.807,5.0,mww: 7,2.537,us: 5,"Izu Islands, Japan region",earthquake: 0,3.62,0.089,12.0,us,us: 5,0-10 km: 0,shallow,moderate,18.95648,-38.750046
4818,10,3,2023-10-20 19:16:10,30.9388,141.3634,31.422,4.6,mb: 0,2.538,us: 5,"Izu Islands, Japan region",earthquake: 0,3.99,0.086,44.0,us,us: 5,0-10 km: 0,shallow,light,8.003192,26.991827
4819,10,3,2023-10-20 19:34:03,-5.5122,150.32,130.273,4.8,mb: 0,2.258,us: 5,"20 km ENE of Kimbe, Papua New Guinea",earthquake: 0,5.716,0.058,99.0,us,us: 5,0-10 km: 0,intermediate,light,35.351723,42.492165
4820,10,3,2023-10-20 19:51:56,0.7895,125.206,61.205,5.1,mb: 0,2.161,us: 5,"65 km SSE of Tondano, Indonesia",earthquake: 0,4.646,0.038,243.0,us,us: 5,0-10 km: 0,shallow,moderate,20.161436,50.611042
4821,10,3,2023-10-20 21:21:21,-19.0585,-172.9813,10.0,4.6,mb: 0,2.889,us: 5,"114 km ESE of Neiafu, Tonga",earthquake: 0,1.876,0.107,26.0,us,us: 5,0-10 km: 0,shallow,light,-63.147003,-14.569767
4822,10,3,2023-10-20 23:00:21,14.3667,-93.4221,10.0,4.9,mww: 7,2.272,us: 5,"114 km WSW of Puerto Madero, Mexico",earthquake: 0,1.757,0.058,29.0,us,us: 5,0-10 km: 0,shallow,light,53.920364,-51.433064
4823,10,3,2023-10-21 00:11:38,-2.4905,146.4352,10.0,4.7,mb: 0,5.727,us: 5,"105 km WSW of Lorengau, Papua New Guinea",earthquake: 0,1.838,0.115,23.0,us,us: 5,0-10 km: 0,shallow,light,-2.1824362,-13.059018
4824,10,3,2023-10-21 01:02:15,-4.1798,-104.0476,10.0,4.7,mb: 0,23.257,us: 5,central East Pacific Rise,earthquake: 0,1.935,0.086,42.0,us,us: 5,20-30 km: 2,shallow,light,-35.274307,-2.9248257
4825,10,3,2023-10-21 02:42:21,31.8873,141.8711,10.0,4.6,mb: 0,2.126,us: 5,"Izu Islands, Japan region",earthquake: 0,1.783,0.109,26.0,us,us: 5,0-10 km: 0,shallow,light,-16.236992,8.24413
4826,10,3,2023-10-21 04:26:01,-49.9796,114.2957,10.0,4.6,mb: 0,16.461,us: 5,western Indian-Antarctic Ridge,earthquake: 0,1.813,0.126,20.0,us,us: 5,10-20 km: 1,shallow,light,-11.727443,-38.656757
4827,10,3,2023-10-21 05:32:48,9.1202,126.5564,64.936,4.7,mb: 0,2.255,us: 5,"35 km ENE of La Paz, Philippines",earthquake: 0,6.535,0.099,31.0,us,us: 5,0-10 km: 0,shallow,light,45.980103,18.74817
4828,10,3,2023-10-21 05:32:56,2.5721,128.5847,232.31,4.7,mb: 0,2.163,us: 5,"113 km NE of Tobelo, Indonesia",earthquake: 0,7.09,0.084,43.0,us,us: 5,0-10 km: 0,intermediate,light,45.321686,35.09726
4829,10,3,2023-10-21 06:00:36,22.6691,59.7778,10.0,4.9,mb: 0,3.981,us: 5,"27 km ENE of Sur, Oman",earthquake: 0,1.88,0.072,60.0,us,us: 5,0-10 km: 0,shallow,light,-4.868266,5.0593925
4830,10,3,2023-10-21 10:45:58,9.4763,-83.6299,10.0,5.2,mww: 7,0.435,us: 5,"14 km NNE of San Isidro, Costa Rica",earthquake: 0,1.876,0.054,33.0,us,us: 5,0-10 km: 0,shallow,moderate,52.483852,-51.530712
4831,10,3,2023-10-21 12:04:56,-8.1309,118.0737,10.0,4.7,mb: 0,0.752,us: 5,"62 km NW of Dompu, Indonesia",earthquake: 0,1.868,0.108,28.0,us,us: 5,0-10 km: 0,shallow,light,-2.6408968,-11.261743
4832,10,3,2023-10-21 15:11:07,-38.6944,143.5051,10.0,4.8,mb: 0,1.926,us: 5,"16 km WNW of Apollo Bay, Australia",earthquake: 0,1.224,0.095,34.0,us,us: 5,0-10 km: 0,shallow,light,-10.556176,-41.036076
4833,10,3,2023-10-21 15:21:42,9.1216,126.5906,35.0,4.6,mb: 0,2.271,us: 5,"39 km ENE of La Paz, Philippines",earthquake: 0,1.898,0.091,36.0,us,us: 5,0-10 km: 0,shallow,light,-4.022152,-3.4046502
4834,10,3,2023-10-21 15:40:21,31.7445,142.3664,18.174,4.7,mb: 0,2.555,us: 5,"Izu Islands, Japan region",earthquake: 0,3.847,0.07,62.0,us,us: 5,0-10 km: 0,shallow,light,7.1450157,28.30098
4835,10,3,2023-10-21 17:05:14,14.3111,-93.4545,10.0,4.6,mb: 0,1.295,us: 5,"120 km WSW of Puerto Madero, Mexico",earthquake: 0,1.808,0.037,217.0,us,us: 5,0-10 km: 0,shallow,light,-24.100407,49.213802
4836,10,3,2023-10-21 17:10:01,14.1937,-93.41,9.756,5.1,mww: 7,1.316,us: 5,"121 km WSW of Puerto Madero, Mexico",earthquake: 0,3.376,0.048,41.0,us,us: 5,0-10 km: 0,shallow,moderate,53.46535,-49.827995
4837,10,4,2023-10-22 01:54:21,27.8879,84.7252,25.706,5.2,mb: 0,1.848,us: 5,"36 km NE of Bharatpur, Nepal",earthquake: 0,4.541,0.038,230.0,us,us: 5,0-10 km: 0,shallow,moderate,-3.9105506,41.189507
4838,10,4,2023-10-22 02:05:15,16.3994,-99.0491,10.0,4.9,mb: 0,0.344,us: 5,"24 km SSW of Copala, Mexico",earthquake: 0,1.877,0.026,455.0,us,us: 5,0-10 km: 0,shallow,light,-15.12032,53.852993
4839,10,4,2023-10-22 03:03:21,-58.7558,-25.2864,31.585,5.0,mb: 0,7.643,us: 5,South Sandwich Islands region,earthquake: 0,2.956,0.073,59.0,us,us: 5,0-10 km: 0,shallow,moderate,-26.025093,-47.81185
4840,10,4,2023-10-22 04:45:47,-26.0046,69.982,10.0,5.1,mww: 7,8.707,us: 5,Indian Ocean Triple Junction,earthquake: 0,1.804,0.098,10.0,us,us: 5,0-10 km: 0,shallow,moderate,46.81571,-26.000631
4841,10,4,2023-10-22 14:13:40,27.2271,128.2231,62.029,4.6,mb: 0,0.392,us: 5,"33 km NE of Iheya, Japan",earthquake: 0,2.075,0.087,39.0,us,us: 5,0-10 km: 0,shallow,light,-11.727081,14.210959
4842,10,4,2023-10-22 14:23:06,0.4566,98.343,36.191,4.7,mb: 0,1.139,us: 5,"61 km ESE of Teluk Dalam, Indonesia",earthquake: 0,5.436,0.102,29.0,us,us: 5,0-10 km: 0,shallow,light,32.73317,22.486677
4843,10,4,2023-10-22 15:14:12,39.3155,97.2486,10.0,5.0,mb: 0,6.116,us: 5,"70 km SW of Laojunmiao, China",earthquake: 0,1.827,0.043,173.0,us,us: 5,0-10 km: 0,shallow,moderate,-14.013596,33.85052
4844,10,4,2023-10-22 19:20:22,23.3544,117.3907,10.0,4.8,mww: 7,1.433,us: 5,"53 km SE of Huanggang, China",earthquake: 0,1.856,0.071,19.0,us,us: 5,0-10 km: 0,shallow,light,20.113049,-45.3737
4845,10,4,2023-10-22 19:31:42,-23.6936,179.3579,532.016,5.5,mww: 7,6.039,us: 5,south of the Fiji Islands,earthquake: 0,2.777,0.083,14.0,us,us: 5,0-10 km: 0,deep,moderate,71.77532,1.8908272
4846,10,4,2023-10-23 06:10:38,33.5562,91.1286,10.0,4.9,mb: 0,3.841,us: 5,"246 km NNW of Nagqu, China",earthquake: 0,1.833,0.051,121.0,us,us: 5,0-10 km: 0,shallow,light,-14.49749,30.035751
4847,10,4,2023-10-23 08:43:37,31.607,88.1062,10.0,4.7,mb: 0,3.221,us: 5,western Xizang,earthquake: 0,1.833,0.051,120.0,us,us: 5,0-10 km: 0,shallow,light,-15.66512,29.493145
4848,10,4,2023-10-23 10:10:14,-29.9334,-177.45,19.0,6.0,mww: 7,0.784,us: 5,"Kermadec Islands, New Zealand",earthquake: 0,1.724,0.048,41.0,us,us: 5,0-10 km: 0,shallow,strong,61.93041,-33.740646
4849,10,4,2023-10-23 10:31:33,-15.0241,-176.0829,325.37,5.2,mb: 0,4.311,us: 5,"193 km S of Mata-Utu, Wallis and Futuna",earthquake: 0,4.89,0.023,625.0,us,us: 5,0-10 km: 0,deep,moderate,-13.906318,57.082485
4850,10,4,2023-10-23 11:28:05,24.6484,125.4659,53.573,4.6,mb: 0,1.153,us: 5,"22 km SE of Miyakojima, Japan",earthquake: 0,7.414,0.071,59.0,us,us: 5,0-10 km: 0,shallow,light,12.336693,32.272137
4851,10,4,2023-10-23 14:24:56,-15.9368,-172.8289,10.0,4.6,mb: 0,2.256,us: 5,"103 km E of Hihifo, Tonga",earthquake: 0,1.852,0.137,19.0,us,us: 5,0-10 km: 0,shallow,light,-60.18937,-21.139515
4852,10,4,2023-10-23 14:58:46,-17.5319,-178.7127,547.256,4.6,mb: 0,4.906,us: 5,"217 km ENE of Levuka, Fiji",earthquake: 0,7.177,0.075,53.0,us,us: 5,0-10 km: 0,deep,light,-8.892533,72.57957
4853,10,4,2023-10-23 15:30:22,1.1821,127.962,9.894,5.0,mb: 0,0.721,us: 5,"60 km S of Tobelo, Indonesia",earthquake: 0,4.08,0.071,63.0,us,us: 5,0-10 km: 0,shallow,moderate,24.052351,29.38422
4854,10,4,2023-10-23 16:47:01,-5.6197,146.09,88.811,4.6,mb: 0,6.195,us: 5,"55 km SE of Madang, Papua New Guinea",earthquake: 0,5.447,0.066,69.0,us,us: 5,0-10 km: 0,intermediate,light,34.35533,38.282475
4855,10,4,2023-10-23 20:35:22,-23.2966,170.8182,10.0,4.6,mb: 0,3.181,us: 5,southeast of the Loyalty Islands,earthquake: 0,1.866,0.129,18.0,us,us: 5,0-10 km: 0,shallow,light,0.9779307,-22.769217
4856,10,4,2023-10-23 23:05:24,24.0413,122.6384,31.0,5.9,mww: 7,0.544,us: 5,Taiwan region,earthquake: 0,1.771,0.052,35.0,us,us: 5,0-10 km: 0,shallow,moderate,32.682415,-45.59157
4857,10,4,2023-10-24 02:54:26,24.0644,122.5951,38.537,4.6,mwr: 6,0.552,us: 5,"60 km SW of Yonakuni, Japan",earthquake: 0,5.62,0.06,27.0,us,us: 5,0-10 km: 0,shallow,light,15.282539,-40.479347
4858,10,4,2023-10-24 11:32:13,39.2853,97.2985,10.0,5.4,mww: 7,6.068,us: 5,"71 km SSW of Laojunmiao, China",earthquake: 0,1.803,0.062,25.0,us,us: 5,0-10 km: 0,shallow,moderate,27.168188,-46.515217
4859,10,4,2023-10-24 18:02:46,33.5193,87.4234,12.287,4.6,mb: 0,4.945,us: 5,western Xizang,earthquake: 0,2.622,0.051,119.0,us,us: 5,0-10 km: 0,shallow,light,-16.03422,29.11794
4860,10,4,2023-10-24 22:02:51,49.2617,154.8589,74.041,4.7,mb: 0,4.246,us: 5,"181 km SSW of Severo-Kuril’sk, Russia",earthquake: 0,5.38,0.05,124.0,us,us: 5,0-10 km: 0,intermediate,light,5.375108,40.268574
4861,10,4,2023-10-24 22:17:26,-13.149,-76.6184,60.15,4.7,mb: 0,1.175,us: 5,"26 km WSW of San Vicente de Cañete, Peru",earthquake: 0,6.148,0.097,32.0,us,us: 5,0-10 km: 0,shallow,light,-44.70312,0.03839164
4862,10,4,2023-10-24 22:19:46,64.7362,-17.7358,10.0,5.2,mww: 7,1.541,us: 5,"106 km S of Akureyri, Iceland",earthquake: 0,1.86,0.041,57.0,us,us: 5,0-10 km: 0,shallow,moderate,22.371515,-61.455837
4863,10,4,2023-10-25 03:49:26,-6.4253,146.5876,99.875,5.2,mb: 0,3.014,us: 5,"55 km NW of Lae, Papua New Guinea",earthquake: 0,5.076,0.043,180.0,us,us: 5,0-10 km: 0,intermediate,moderate,21.767826,49.260574
4864,10,4,2023-10-25 08:18:43,63.9808,-22.4086,10.0,4.6,mb: 0,0.902,us: 5,"1 km W of Vogar, Iceland",earthquake: 0,1.846,0.068,64.0,us,us: 5,0-10 km: 0,shallow,light,-26.304897,27.805914
4865,10,4,2023-10-25 09:15:13,-20.5282,-177.8343,518.036,4.7,mb: 0,2.542,us: 5,Fiji region,earthquake: 0,7.758,0.049,129.0,us,us: 5,0-10 km: 0,deep,light,-9.267558,69.51078
4866,10,4,2023-10-25 13:24:59,1.0473,124.7792,138.675,5.2,mww: 7,2.602,us: 5,"Minahasa, Sulawesi, Indonesia",earthquake: 0,4.916,0.062,25.0,us,us: 5,0-10 km: 0,intermediate,moderate,32.33211,-17.160944
4867,10,4,2023-10-25 14:37:17,-9.299,159.2492,10.0,5.1,mww: 7,8.674,us: 5,"67 km NW of Malango, Solomon Islands",earthquake: 0,1.854,0.098,10.0,us,us: 5,0-10 km: 0,shallow,moderate,41.132942,-23.527294
4868,10,4,2023-10-25 15:25:05,-56.2135,-26.7521,53.336,5.2,mb: 0,5.895,us: 5,South Sandwich Islands region,earthquake: 0,5.982,0.074,62.0,us,us: 5,0-10 km: 0,shallow,moderate,-26.360935,-52.763653
4869,10,4,2023-10-25 16:35:45,-56.5371,-26.9949,53.716,4.9,mb: 0,5.859,us: 5,South Sandwich Islands region,earthquake: 0,7.23,0.129,19.0,us,us: 5,0-10 km: 0,shallow,light,-31.222544,-53.63749
4870,10,4,2023-10-26 02:59:01,-29.9373,-177.5309,37.352,5.4,mww: 7,0.754,us: 5,"Kermadec Islands, New Zealand",earthquake: 0,5.111,0.083,14.0,us,us: 5,0-10 km: 0,shallow,moderate,67.74883,-36.35704
4871,10,4,2023-10-26 03:43:14,12.5178,142.0852,96.011,4.6,mb: 0,16.961,us: 5,"292 km WSW of Merizo Village, Guam",earthquake: 0,4.196,0.098,32.0,us,us: 5,10-20 km: 1,intermediate,light,36.524,16.309685
4872,10,4,2023-10-26 09:34:20,14.5283,-92.6953,57.614,4.6,mb: 0,0.563,us: 5,"near the coast of Chiapas, Mexico",earthquake: 0,3.76,0.033,271.0,us,us: 5,0-10 km: 0,shallow,light,-21.647667,51.67331
4873,10,4,2023-10-26 16:05:12,56.0868,164.7796,10.0,5.9,mww: 7,4.706,us: 5,"143 km E of Ust’-Kamchatsk Staryy, Russia",earthquake: 0,1.751,0.031,99.0,us,us: 5,0-10 km: 0,shallow,moderate,32.787987,-41.69767
4874,10,4,2023-10-26 19:00:25,-7.297,27.9293,9.462,5.2,mww: 7,7.216,us: 5,"177 km SE of Kabalo, Democratic Republic of the Congo",earthquake: 0,3.615,0.066,22.0,us,us: 5,0-10 km: 0,shallow,moderate,36.294716,-29.999535
4875,10,4,2023-10-26 20:34:12,32.0893,59.7196,10.0,5.1,mww: 7,5.973,us: 5,"98 km SSE of Bīrjand, Iran",earthquake: 0,1.793,0.078,16.0,us,us: 5,0-10 km: 0,shallow,moderate,20.646751,-50.65401
4876,10,4,2023-10-26 21:49:34,-28.7053,-70.2597,101.15,5.4,mww: 7,0.492,us: 5,"50 km ESE of Vallenar, Chile",earthquake: 0,3.992,0.041,57.0,us,us: 5,0-10 km: 0,intermediate,moderate,60.07767,-41.20393
4877,10,4,2023-10-26 21:51:10,-32.7875,-178.5573,10.0,4.8,mb: 0,3.557,us: 5,south of the Kermadec Islands,earthquake: 0,1.882,0.138,16.0,us,us: 5,0-10 km: 0,shallow,light,-64.742645,-21.525818
4878,10,4,2023-10-26 21:59:25,-29.5087,-179.0562,300.673,4.6,mb: 0,1.018,us: 5,Kermadec Islands region,earthquake: 0,6.015,0.09,37.0,us,us: 5,0-10 km: 0,deep,light,-48.24793,-4.9471693
4879,10,4,2023-10-26 22:28:43,13.5182,146.3101,10.0,4.6,mb: 0,1.404,us: 5,"153 km E of Yigo Village, Guam",earthquake: 0,1.866,0.116,22.0,us,us: 5,0-10 km: 0,shallow,light,-12.082485,-5.539057
4880,10,4,2023-10-26 23:26:15,-22.9917,170.2434,10.0,5.2,mww: 7,2.608,us: 5,"284 km E of Vao, New Caledonia",earthquake: 0,1.789,0.069,20.0,us,us: 5,0-10 km: 0,shallow,moderate,43.47094,-25.148966
4881,10,4,2023-10-27 03:02:24,-17.555,-173.763,35.0,5.6,mb: 0,3.945,us: 5,"123 km N of Neiafu, Tonga",earthquake: 0,1.723,0.023,638.0,us,us: 5,0-10 km: 0,shallow,moderate,-13.739321,55.100803
4882,10,4,2023-10-27 03:22:48,-34.7734,-73.8714,10.0,4.6,mb: 0,2.046,us: 5,"146 km WNW of Constitución, Chile",earthquake: 0,1.856,0.086,43.0,us,us: 5,0-10 km: 0,shallow,light,-33.145565,-32.013626
4883,10,4,2023-10-27 07:49:51,-9.5654,120.1216,76.206,5.0,mww: 7,2.429,us: 5,"18 km WNW of Waingapu, Indonesia",earthquake: 0,5.837,0.075,17.0,us,us: 5,0-10 km: 0,intermediate,moderate,28.246664,-19.210367
4884,10,4,2023-10-27 08:53:13,52.2543,157.3015,138.238,4.9,mb: 0,0.889,us: 5,"Kamchatka Peninsula, Russia",earthquake: 0,6.31,0.049,132.0,us,us: 5,0-10 km: 0,intermediate,light,4.8836546,41.781887
4885,10,4,2023-10-27 12:14:01,-43.6547,41.6138,10.0,4.8,mb: 0,7.77,us: 5,Prince Edward Islands region,earthquake: 0,1.854,0.078,51.0,us,us: 5,0-10 km: 0,shallow,light,-22.604605,-40.907875
4886,10,4,2023-10-27 13:22:22,5.5504,94.525,71.525,4.7,mb: 0,2.433,us: 5,"northern Sumatra, Indonesia",earthquake: 0,8.424,0.078,50.0,us,us: 5,0-10 km: 0,intermediate,light,50.25397,23.398182
4887,10,4,2023-10-27 17:10:56,36.519,83.6881,10.0,4.7,mb: 0,5.833,us: 5,"154 km E of Aqqan, China",earthquake: 0,1.821,0.06,92.0,us,us: 5,0-10 km: 0,shallow,light,-17.328434,26.791859
4888,10,4,2023-10-27 20:04:14,-31.2875,-177.6458,18.266,4.7,mb: 0,2.033,us: 5,Kermadec Islands region,earthquake: 0,3.753,0.123,23.0,us,us: 5,0-10 km: 0,shallow,light,-55.40411,-13.672629
4889,10,4,2023-10-27 21:50:30,-0.1472,125.9031,76.492,4.6,mb: 0,1.725,us: 5,Molucca Sea,earthquake: 0,8.487,0.086,40.0,us,us: 5,0-10 km: 0,intermediate,light,49.04009,22.528757
4890,10,4,2023-10-27 23:23:47,26.2481,95.5087,79.962,4.8,mb: 0,5.005,us: 5,"68 km E of Tuensang, India",earthquake: 0,4.061,0.056,100.0,us,us: 5,0-10 km: 0,intermediate,light,4.89509,33.140636
4891,10,4,2023-10-28 04:33:30,-20.6015,-176.3616,214.259,5.5,mww: 7,1.221,us: 5,"126 km WNW of Houma, Tonga",earthquake: 0,4.175,0.098,10.0,us,us: 5,0-10 km: 0,intermediate,moderate,66.327614,-39.19099
4892,10,4,2023-10-28 05:31:58,-10.2234,161.3324,74.5,5.5,mww: 7,10.655,us: 5,"69 km WNW of Kirakira, Solomon Islands",earthquake: 0,5.43,0.063,24.0,us,us: 5,10-20 km: 1,intermediate,moderate,33.90198,-20.286638
4893,10,4,2023-10-28 08:08:13,18.1617,145.9463,125.086,5.3,mww: 7,4.663,us: 5,"Pagan region, Northern Mariana Islands",earthquake: 0,5.723,0.098,10.0,us,us: 5,0-10 km: 0,intermediate,moderate,28.727966,-14.955025
4894,10,4,2023-10-28 09:55:28,-13.123,167.1025,200.0,5.6,mww: 7,7.863,us: 5,"96 km NNW of Sola, Vanuatu",earthquake: 0,1.884,0.047,43.0,us,us: 5,0-10 km: 0,intermediate,moderate,44.912556,-34.690414
4895,10,4,2023-10-28 09:59:22,-20.0752,-68.9367,108.502,4.8,mb: 0,0.472,us: 5,"80 km ENE of La Tirana, Chile",earthquake: 0,4.456,0.073,58.0,us,us: 5,0-10 km: 0,intermediate,light,-46.0095,-1.2230814
4896,10,4,2023-10-28 11:09:16,6.5874,88.2129,10.014,4.7,mb: 0,7.487,us: 5,Bay of Bengal,earthquake: 0,4.316,0.074,55.0,us,us: 5,0-10 km: 0,shallow,light,25.819475,23.839325
4897,10,4,2023-10-28 13:04:53,-7.6305,125.8938,10.0,5.5,mww: 7,5.044,us: 5,"98 km N of Manatutu, Timor Leste",earthquake: 0,1.824,0.059,28.0,us,us: 5,0-10 km: 0,shallow,moderate,38.83489,-30.14434
4898,10,4,2023-10-28 13:11:11,-7.5849,125.6274,10.0,4.6,mb: 0,7.527,us: 5,"105 km N of Metinaro, Timor Leste",earthquake: 0,1.625,0.182,9.0,us,us: 5,0-10 km: 0,shallow,light,-9.94741,-24.071945
4899,10,4,2023-10-28 14:03:58,-18.1663,-178.006,617.306,4.8,mb: 0,3.987,us: 5,"283 km E of Levuka, Fiji",earthquake: 0,7.389,0.071,62.0,us,us: 5,0-10 km: 0,deep,light,-9.749048,71.73561
4900,10,4,2023-10-28 15:01:59,1.7474,120.2411,24.286,5.4,mww: 7,0.832,us: 5,"296 km N of Palu, Indonesia",earthquake: 0,4.143,0.083,14.0,us,us: 5,0-10 km: 0,shallow,moderate,30.838642,-24.936153
4901,10,4,2023-10-28 17:44:22,13.4748,146.4762,10.0,4.6,mb: 0,1.568,us: 5,"172 km E of Yigo Village, Guam",earthquake: 0,1.877,0.116,25.0,us,us: 5,0-10 km: 0,shallow,light,-12.021229,-5.4987617
4902,10,4,2023-10-28 19:27:39,34.5493,62.1142,10.0,5.0,mww: 7,4.67,us: 5,"23 km NNW of Herāt, Afghanistan",earthquake: 0,1.747,0.08,15.0,us,us: 5,0-10 km: 0,shallow,moderate,20.44897,-50.209213
4903,10,4,2023-10-28 20:49:13,-57.4893,147.9039,10.0,4.6,mb: 0,19.382,us: 5,west of Macquarie Island,earthquake: 0,1.879,0.109,25.0,us,us: 5,10-20 km: 1,shallow,light,-10.572825,-39.09316
4904,10,4,2023-10-28 20:59:53,-15.9474,-174.2112,146.336,4.6,mb: 0,3.907,us: 5,Tonga,earthquake: 0,4.683,0.122,20.0,us,us: 5,0-10 km: 0,intermediate,light,-48.793854,-9.714352
4905,10,4,2023-10-28 21:42:56,-17.0737,171.6617,10.0,4.8,mb: 0,6.789,us: 5,Vanuatu region,earthquake: 0,1.868,0.096,33.0,us,us: 5,0-10 km: 0,shallow,light,6.61453,-15.030125
4906,10,4,2023-10-28 22:15:00,-18.0373,-173.0461,10.0,4.9,mb: 0,3.721,us: 5,"120 km NE of Neiafu, Tonga",earthquake: 0,1.383,0.057,96.0,us,us: 5,0-10 km: 0,shallow,light,-62.865658,-3.981817
4907,10,4,2023-10-28 22:17:56,-22.567,170.5689,10.0,4.9,mb: 0,2.886,us: 5,southeast of the Loyalty Islands,earthquake: 0,1.826,0.156,13.0,us,us: 5,0-10 km: 0,shallow,light,-3.9594722,-27.2329
4908,10,4,2023-10-29 00:56:05,-4.2937,102.0246,55.976,5.1,mb: 0,0.931,us: 5,"60 km SSW of Bengkulu, Indonesia",earthquake: 0,4.188,0.057,98.0,us,us: 5,0-10 km: 0,shallow,moderate,19.743101,36.059406
4909,10,4,2023-10-29 00:56:19,9.1722,125.8036,10.0,4.6,mb: 0,2.101,us: 5,"19 km SW of Parang, Philippines",earthquake: 0,1.906,0.129,18.0,us,us: 5,0-10 km: 0,shallow,light,-13.729046,-7.4073143
4910,10,4,2023-10-29 01:35:24,-11.2572,29.8425,10.0,4.6,mb: 0,4.309,us: 5,Zambia,earthquake: 0,1.85,0.103,28.0,us,us: 5,0-10 km: 0,shallow,light,-28.462769,-4.5672793
4911,10,4,2023-10-29 01:48:29,9.1714,125.6085,10.0,4.7,mb: 0,2.088,us: 5,"3 km NE of Del Pilar, Philippines",earthquake: 0,1.817,0.075,53.0,us,us: 5,0-10 km: 0,shallow,light,-1.4471809,2.0656905
4912,10,4,2023-10-29 02:13:49,38.9388,142.5014,41.505,4.7,mb: 0,2.154,us: 5,"near the east coast of Honshu, Japan",earthquake: 0,2.823,0.051,118.0,us,us: 5,0-10 km: 0,shallow,light,-7.6165166,29.703712
4913,10,4,2023-10-29 02:25:19,38.9522,142.5779,33.191,4.7,mb: 0,2.173,us: 5,"near the east coast of Honshu, Japan",earthquake: 0,5.061,0.071,61.0,us,us: 5,0-10 km: 0,shallow,light,9.56316,30.129599
4914,10,4,2023-10-29 04:32:07,-19.3971,168.7776,72.481,6.0,mww: 7,3.433,us: 5,"55 km WNW of Isangel, Vanuatu",earthquake: 0,3.995,0.069,20.0,us,us: 5,0-10 km: 0,intermediate,strong,36.589535,-21.040398
4915,10,4,2023-10-29 12:28:18,-30.6583,-178.1551,38.08,5.0,mb: 0,1.406,us: 5,"Kermadec Islands, New Zealand",earthquake: 0,4.641,0.078,52.0,us,us: 5,0-10 km: 0,shallow,moderate,-55.74765,-7.219863
4916,10,4,2023-10-29 20:21:27,18.1931,146.8837,35.0,4.8,mb: 0,4.971,us: 5,"Pagan region, Northern Mariana Islands",earthquake: 0,1.888,0.053,111.0,us,us: 5,0-10 km: 0,shallow,light,4.972913,8.071962
4917,10,4,2023-10-29 21:38:11,10.3307,126.3189,35.0,4.6,mb: 0,3.322,us: 5,"46 km NE of Santa Monica, Philippines",earthquake: 0,1.769,0.105,27.0,us,us: 5,0-10 km: 0,shallow,light,-9.641303,-5.8300037
4918,10,4,2023-10-29 22:41:05,11.5514,-85.973,160.327,4.7,mb: 0,0.652,us: 5,Nicaragua,earthquake: 0,4.587,0.054,104.0,us,us: 5,0-10 km: 0,intermediate,light,-48.344997,3.3258777
4919,10,4,2023-10-29 23:38:04,26.3614,126.9478,73.332,4.6,mb: 0,1.277,us: 5,"Ryukyu Islands, Japan",earthquake: 0,6.164,0.062,78.0,us,us: 5,0-10 km: 0,intermediate,light,11.529322,34.304646
4920,10,4,2023-10-30 01:42:15,-8.2774,119.6946,186.43,4.6,mb: 0,1.974,us: 5,"32 km NW of Labuan Bajo, Indonesia",earthquake: 0,7.969,0.151,13.0,us,us: 5,0-10 km: 0,intermediate,light,41.590675,16.561163
4921,10,4,2023-10-30 04:22:28,23.8376,141.9655,126.225,4.9,mb: 0,9.955,us: 5,"Volcano Islands, Japan region",earthquake: 0,6.849,0.03,338.0,us,us: 5,0-10 km: 0,intermediate,light,-3.570538,45.919716
4922,10,4,2023-10-30 05:02:31,55.8163,164.4847,10.0,4.8,mb: 0,4.409,us: 5,"133 km ESE of Ust’-Kamchatsk Staryy, Russia",earthquake: 0,1.793,0.052,114.0,us,us: 5,0-10 km: 0,shallow,light,-5.54362,30.997126
4923,10,4,2023-10-30 05:33:10,-28.6253,-176.8395,43.464,4.6,mb: 0,1.137,us: 5,Kermadec Islands region,earthquake: 0,5.672,0.194,9.0,us,us: 5,0-10 km: 0,shallow,light,-48.797802,-19.1752
4924,10,4,2023-10-30 11:13:50,11.2539,124.6033,9.952,4.6,mb: 0,4.268,us: 5,"5 km SE of Limon, Philippines",earthquake: 0,3.205,0.071,59.0,us,us: 5,0-10 km: 0,shallow,light,-0.58791137,12.439627
4925,10,4,2023-10-30 15:57:20,18.1898,-76.607,10.0,5.4,mww: 7,0.882,us: 5,"4 km WSW of Hope Bay, Jamaica",earthquake: 0,1.204,0.048,41.0,us,us: 5,0-10 km: 0,shallow,moderate,50.832775,-51.092987
4926,10,4,2023-10-30 22:06:27,-9.7854,-111.887,10.0,4.6,mb: 0,33.844,us: 5,central East Pacific Rise,earthquake: 0,1.705,0.095,33.0,us,us: 5,30-40 km: 3,shallow,light,-35.515804,-3.974954
4927,10,4,2023-10-30 22:44:57,32.6712,141.6876,10.0,5.0,mb: 0,1.637,us: 5,"Izu Islands, Japan region",earthquake: 0,1.78,0.048,137.0,us,us: 5,0-10 km: 0,shallow,moderate,-10.975861,31.67908
4928,10,4,2023-10-31 00:11:13,-60.483,-26.1822,10.0,5.0,mb: 0,8.336,us: 5,South Sandwich Islands region,earthquake: 0,1.806,0.086,43.0,us,us: 5,0-10 km: 0,shallow,moderate,-26.661188,-45.708984
4929,10,4,2023-10-31 00:40:06,36.5329,83.6482,10.0,4.6,mb: 0,5.803,us: 5,"150 km E of Aqqan, China",earthquake: 0,1.875,0.073,55.0,us,us: 5,0-10 km: 0,shallow,light,-18.085072,19.811823
4930,10,4,2023-10-31 01:11:07,11.2818,139.2163,10.0,5.1,mww: 7,5.978,us: 5,"220 km NW of Fais, Micronesia",earthquake: 0,1.778,0.086,13.0,us,us: 5,0-10 km: 0,shallow,moderate,29.87438,-30.147089
4931,10,4,2023-10-31 02:29:26,-2.9223,141.8279,35.0,4.9,mb: 0,1.194,us: 5,"62 km WNW of Aitape, Papua New Guinea",earthquake: 0,1.899,0.076,54.0,us,us: 5,0-10 km: 0,shallow,light,4.7900934,-1.632121
4932,10,4,2023-10-31 09:19:12,37.1972,74.6137,10.0,4.8,mb: 0,3.175,us: 5,Tajikistan-Afghanistan-Xinjiang border region,earthquake: 0,1.831,0.058,92.0,us,us: 5,0-10 km: 0,shallow,light,-17.50803,26.98447
4933,10,4,2023-10-31 11:10:56,-17.5276,-179.0103,550.172,6.5,mww: 7,2.809,us: 5,Fiji region,earthquake: 0,3.654,0.052,36.0,us,us: 5,0-10 km: 0,deep,strong,74.47695,3.6811016
4934,10,4,2023-10-31 12:33:43,-28.7441,-71.5548,35.0,6.6,mww: 7,0.684,us: 5,"79 km WSW of Vallenar, Chile",earthquake: 0,1.866,0.069,20.0,us,us: 5,0-10 km: 0,shallow,strong,58.81666,-33.759327
4935,10,4,2023-10-31 14:48:55,-48.5082,-10.5047,10.0,4.6,mb: 0,23.51,us: 5,southern Mid-Atlantic Ridge,earthquake: 0,1.911,0.129,18.0,us,us: 5,20-30 km: 2,shallow,light,-34.518436,-43.20891
4936,10,4,2023-10-31 17:37:21,-0.0156,123.7355,130.882,4.9,mb: 0,1.403,us: 5,"93 km WSW of Modisi, Indonesia",earthquake: 0,4.461,0.043,178.0,us,us: 5,0-10 km: 0,intermediate,light,24.171576,50.57724
4937,10,4,2023-10-31 17:58:48,-5.5467,146.871,10.0,4.9,mb: 0,3.844,us: 5,"125 km ESE of Madang, Papua New Guinea",earthquake: 0,1.884,0.108,30.0,us,us: 5,0-10 km: 0,shallow,light,2.8833766,-12.827864
4938,10,4,2023-10-31 18:02:24,5.1626,127.203,94.284,4.8,mb: 0,2.489,us: 5,"174 km SE of Pondaguitan, Philippines",earthquake: 0,3.933,0.092,37.0,us,us: 5,0-10 km: 0,intermediate,light,36.330647,16.66357
4939,10,4,2023-10-31 20:26:15,20.0752,147.6871,10.0,4.9,mb: 0,6.991,us: 5,Mariana Islands region,earthquake: 0,1.806,0.04,200.0,us,us: 5,0-10 km: 0,shallow,light,-8.57337,38.539013
4940,10,4,2023-10-31 22:04:43,-21.2628,171.4958,10.0,5.1,mww: 7,3.992,us: 5,southeast of the Loyalty Islands,earthquake: 0,1.826,0.066,22.0,us,us: 5,0-10 km: 0,shallow,moderate,43.578796,-24.85441
4941,10,4,2023-10-31 22:34:01,33.7873,135.0562,39.542,4.8,mww: 7,0.985,us: 5,"14 km SW of Gobō, Japan",earthquake: 0,5.894,0.093,11.0,us,us: 5,0-10 km: 0,shallow,light,16.6271,-37.913418
4942,11,1,2023-11-01 06:29:38,-11.0052,166.6577,71.776,4.6,mb: 0,9.761,us: 5,"99 km ESE of Lata, Solomon Islands",earthquake: 0,4.987,0.069,63.0,us,us: 5,0-10 km: 0,intermediate,light,34.697517,37.668076
4943,11,1,2023-11-01 06:51:42,-10.9121,166.6043,54.011,5.2,mww: 7,9.84,us: 5,"90 km ESE of Lata, Solomon Islands",earthquake: 0,2.563,0.083,14.0,us,us: 5,0-10 km: 0,shallow,moderate,40.692623,-24.92245
4944,11,1,2023-11-01 07:11:43,-32.7461,-179.008,44.661,4.7,mb: 0,3.596,us: 5,south of the Kermadec Islands,earthquake: 0,5.9,0.102,29.0,us,us: 5,0-10 km: 0,shallow,light,-53.03063,-10.6011715
4945,11,1,2023-11-01 08:08:51,44.4261,148.8712,75.342,4.9,mb: 0,4.519,us: 5,"118 km SE of Kuril’sk, Russia",earthquake: 0,5.689,0.039,207.0,us,us: 5,0-10 km: 0,intermediate,light,0.8028746,42.195732
4946,11,1,2023-11-01 10:15:43,-15.5063,-177.5648,409.948,5.0,mb: 0,6.063,us: 5,Fiji region,earthquake: 0,6.056,0.057,99.0,us,us: 5,0-10 km: 0,deep,moderate,-7.096637,69.07081
4947,11,1,2023-11-01 12:51:14,10.9243,93.0553,85.977,5.2,mb: 0,6.776,us: 5,"88 km SSE of Port Blair, India",earthquake: 0,6.293,0.048,144.0,us,us: 5,0-10 km: 0,intermediate,moderate,22.967863,46.396683
4948,11,1,2023-11-01 13:36:30,-54.6632,-136.9909,10.0,4.8,mb: 0,30.251,us: 5,Pacific-Antarctic Ridge,earthquake: 0,1.905,0.09,38.0,us,us: 5,30-40 km: 3,shallow,light,-37.315784,-34.225708
4949,11,1,2023-11-01 13:37:58,-53.9962,-136.8417,10.0,4.6,mb: 0,30.908,us: 5,Pacific-Antarctic Ridge,earthquake: 0,1.858,0.141,15.0,us,us: 5,30-40 km: 3,shallow,light,-40.347057,-36.455734
4950,11,1,2023-11-01 15:36:54,-14.6845,167.4399,173.07,4.6,mb: 0,6.563,us: 5,"55 km NE of Port-Olry, Vanuatu",earthquake: 0,6.428,0.098,32.0,us,us: 5,0-10 km: 0,intermediate,light,42.06882,33.986675
4951,11,1,2023-11-01 16:53:38,29.2054,140.8752,103.48,4.7,mb: 0,2.399,us: 5,"Izu Islands, Japan region",earthquake: 0,7.83,0.082,45.0,us,us: 5,0-10 km: 0,intermediate,light,14.09575,32.553093
4952,11,1,2023-11-01 21:04:47,-10.0508,123.765,43.0,6.1,mww: 7,6.032,us: 5,"21 km NE of Kupang, Indonesia",earthquake: 0,1.701,0.054,33.0,us,us: 5,0-10 km: 0,shallow,strong,40.671177,-36.296516
4953,11,1,2023-11-01 21:52:16,13.5497,-90.7696,50.606,5.3,mww: 7,1.288,us: 5,"42 km S of Puerto San José, Guatemala",earthquake: 0,3.921,0.057,30.0,us,us: 5,0-10 km: 0,shallow,moderate,53.885445,-48.602547
4954,11,1,2023-11-02 02:39:45,-5.9198,130.7214,146.816,4.6,mb: 0,1.61,us: 5,"227 km W of Tual, Indonesia",earthquake: 0,7.279,0.105,28.0,us,us: 5,0-10 km: 0,intermediate,light,44.58123,30.588867
4955,11,1,2023-11-02 06:27:12,-2.8043,127.8364,30.824,4.6,mb: 0,2.678,us: 5,"105 km NNW of Ambon, Indonesia",earthquake: 0,4.359,0.109,26.0,us,us: 5,0-10 km: 0,shallow,light,31.531898,20.185896
4956,11,1,2023-11-02 06:50:26,11.4037,125.8733,17.537,5.7,mww: 7,4.316,us: 5,"Samar, Philippines",earthquake: 0,3.178,0.046,45.0,us,us: 5,0-10 km: 0,shallow,moderate,37.08541,-35.533134
4957,11,1,2023-11-02 10:02:47,-34.7872,54.3907,10.0,4.6,mb: 0,11.698,us: 5,Southwest Indian Ridge,earthquake: 0,1.779,0.102,29.0,us,us: 5,10-20 km: 1,shallow,light,-19.714783,-38.84774
4958,11,1,2023-11-02 12:03:52,-31.0811,-178.2776,10.0,4.6,mb: 0,1.839,us: 5,Kermadec Islands region,earthquake: 0,1.895,0.141,15.0,us,us: 5,0-10 km: 0,shallow,light,-61.097046,-24.555737
4959,11,1,2023-11-02 23:57:20,-59.877,-26.459,43.792,5.1,mb: 0,7.823,us: 5,South Sandwich Islands region,earthquake: 0,5.888,0.066,75.0,us,us: 5,0-10 km: 0,shallow,moderate,-26.072733,-52.571968
4960,11,1,2023-11-02 23:58:35,17.0625,-94.2258,132.034,4.9,mb: 0,0.63,us: 5,"Veracruz, Mexico",earthquake: 0,4.761,0.026,471.0,us,us: 5,0-10 km: 0,intermediate,light,-15.389608,55.117683
4961,11,1,2023-11-03 03:26:19,11.3972,125.9453,35.0,4.7,mb: 0,4.315,us: 5,"36 km ENE of Hernani, Philippines",earthquake: 0,1.894,0.126,19.0,us,us: 5,0-10 km: 0,shallow,light,-13.733026,-6.427812
4962,11,1,2023-11-03 05:16:48,21.0795,122.0289,10.0,4.7,mb: 0,1.941,us: 5,"70 km N of Basco, Philippines",earthquake: 0,1.916,0.099,31.0,us,us: 5,0-10 km: 0,shallow,light,-13.79728,8.14982
4963,11,1,2023-11-03 05:52:44,-4.7129,101.9319,64.804,4.7,mb: 0,1.079,us: 5,"107 km SSW of Bengkulu, Indonesia",earthquake: 0,7.43,0.098,32.0,us,us: 5,0-10 km: 0,shallow,light,44.840786,23.083712
4964,11,1,2023-11-03 06:26:38,38.6827,23.5546,12.906,5.1,mww: 7,1.978,us: 5,Greece,earthquake: 0,3.821,0.056,31.0,us,us: 5,0-10 km: 0,shallow,moderate,19.898521,-56.077362
4965,11,1,2023-11-03 06:47:29,51.9806,-172.3447,23.528,5.0,mww: 7,1.112,us: 5,"Andreanof Islands, Aleutian Islands, Alaska",earthquake: 0,4.414,0.062,25.0,us,us: 5,0-10 km: 0,shallow,moderate,26.447773,-67.27552
4966,11,1,2023-11-03 07:37:40,-29.9953,-72.0053,30.474,4.6,mwr: 6,0.67,us: 5,"Off the coast of Coquimbo, Chile",earthquake: 0,3.745,0.039,63.0,us,us: 5,0-10 km: 0,shallow,light,64.914085,-44.730026
4967,11,1,2023-11-03 07:52:38,-62.2816,-155.5383,10.0,5.7,mww: 7,19.566,us: 5,Pacific-Antarctic Ridge,earthquake: 0,1.871,0.078,16.0,us,us: 5,10-20 km: 1,shallow,moderate,62.73528,-27.271065
4968,11,1,2023-11-03 10:17:33,10.5998,-40.8194,10.0,4.9,mb: 0,12.919,us: 5,northern Mid-Atlantic Ridge,earthquake: 0,1.816,0.06,87.0,us,us: 5,10-20 km: 1,shallow,light,-33.52159,3.3811646
4969,11,1,2023-11-03 11:54:12,-17.8155,-178.7134,554.922,5.3,mww: 7,4.7,us: 5,"210 km E of Levuka, Fiji",earthquake: 0,5.692,0.083,14.0,us,us: 5,0-10 km: 0,deep,moderate,73.84235,4.805189
4970,11,1,2023-11-03 16:04:30,-23.6574,-179.6567,508.228,4.6,mb: 0,4.807,us: 5,south of the Fiji Islands,earthquake: 0,9.145,0.079,48.0,us,us: 5,0-10 km: 0,deep,light,-9.086472,73.801865
4971,11,1,2023-11-03 18:02:56,28.8518,82.1633,32.602,5.7,mww: 7,2.94,us: 5,"44 km E of Dailekh, Nepal",earthquake: 0,2.855,0.06,27.0,us,us: 5,0-10 km: 0,shallow,moderate,31.786797,-47.766754
4972,11,1,2023-11-03 18:32:14,50.0317,156.3754,65.215,5.0,mb: 0,3.19,us: 5,"73 km SSE of Severo-Kuril’sk, Russia",earthquake: 0,5.143,0.044,174.0,us,us: 5,0-10 km: 0,shallow,moderate,1.3189987,41.6035
4973,11,1,2023-11-03 21:48:22,47.6572,153.605,10.0,4.8,mb: 0,6.052,us: 5,Kuril Islands,earthquake: 0,1.826,0.063,78.0,us,us: 5,0-10 km: 0,shallow,light,-6.7069244,24.321405
4974,11,1,2023-11-03 22:24:36,-38.9084,78.2328,10.0,4.6,mb: 0,1.227,us: 5,Mid-Indian Ridge,earthquake: 0,1.889,0.141,15.0,us,us: 5,0-10 km: 0,shallow,light,-16.020325,-36.874825
4975,11,1,2023-11-04 00:18:25,1.5507,125.4598,55.3,4.6,mb: 0,2.057,us: 5,"38 km ENE of Bitung, Indonesia",earthquake: 0,8.6,0.114,23.0,us,us: 5,0-10 km: 0,shallow,light,49.18251,11.946632
4976,11,1,2023-11-04 03:34:51,51.7928,174.0106,10.0,4.6,mb: 0,0.94,us: 5,"Near Islands, Aleutian Islands, Alaska",earthquake: 0,1.794,0.046,142.0,us,us: 5,0-10 km: 0,shallow,light,-6.0908012,32.119606
4977,11,1,2023-11-04 09:38:37,20.1961,147.7043,10.0,5.0,mb: 0,7.108,us: 5,Mariana Islands region,earthquake: 0,1.839,0.032,306.0,us,us: 5,0-10 km: 0,shallow,moderate,-6.6379714,42.458195
4978,11,1,2023-11-04 11:00:36,6.7014,-73.0657,159.015,4.6,mb: 0,0.804,us: 5,"4 km SE of Jordán, Colombia",earthquake: 0,7.08,0.029,354.0,us,us: 5,0-10 km: 0,intermediate,light,-18.39121,55.17136
4979,11,1,2023-11-04 13:17:36,20.1421,147.6736,18.829,4.6,mb: 0,7.048,us: 5,Mariana Islands region,earthquake: 0,4.333,0.128,20.0,us,us: 5,0-10 km: 0,shallow,light,25.328344,9.1757145
4980,11,1,2023-11-04 17:43:09,-19.634,-175.8501,212.164,4.6,mb: 0,1.644,us: 5,"158 km W of Pangai, Tonga",earthquake: 0,6.265,0.088,42.0,us,us: 5,0-10 km: 0,intermediate,light,-49.36298,-4.3973703
4981,11,1,2023-11-05 02:35:12,14.8331,144.5544,10.0,4.6,mb: 0,1.273,us: 5,"Rota region, Northern Mariana Islands",earthquake: 0,1.842,0.151,14.0,us,us: 5,0-10 km: 0,shallow,light,-15.967154,-9.314259
4982,11,1,2023-11-05 13:27:27,51.3952,178.3467,70.445,5.1,mb: 0,0.555,us: 5,"Rat Islands, Aleutian Islands, Alaska",earthquake: 0,3.981,0.024,560.0,us,us: 5,0-10 km: 0,intermediate,moderate,-11.351908,54.34367
4983,11,1,2023-11-05 15:29:18,-20.4745,169.4006,35.0,5.7,mww: 7,2.799,us: 5,"104 km S of Isangel, Vanuatu",earthquake: 0,1.84,0.052,36.0,us,us: 5,0-10 km: 0,shallow,moderate,41.579033,-30.424873
4984,11,1,2023-11-05 17:10:08,37.828,141.7219,51.87,4.7,mwr: 6,3.001,us: 5,"near the east coast of Honshu, Japan",earthquake: 0,1.832,0.063,24.0,us,us: 5,0-10 km: 0,shallow,light,17.272799,-43.202988
4985,11,1,2023-11-06 05:42:49,38.8,75.2646,10.0,4.6,mb: 0,2.267,us: 5,"southern Xinjiang, China",earthquake: 0,1.936,0.125,20.0,us,us: 5,0-10 km: 0,shallow,light,-24.551607,13.202098
4986,11,1,2023-11-06 05:44:39,-34.072,57.8268,10.0,5.0,mww: 7,12.983,us: 5,South Indian Ocean,earthquake: 0,1.842,0.098,10.0,us,us: 5,10-20 km: 1,shallow,moderate,47.00257,-25.898312
4987,11,1,2023-11-06 10:46:39,28.8617,82.0634,10.0,5.3,mb: 0,3.025,us: 5,"34 km E of Dailekh, Nepal",earthquake: 0,1.748,0.038,237.0,us,us: 5,0-10 km: 0,shallow,moderate,-7.6026754,40.475403
4988,11,1,2023-11-06 12:04:21,-1.2167,-24.1298,10.0,5.5,mww: 7,11.8,us: 5,central Mid-Atlantic Ridge,earthquake: 0,1.854,0.049,40.0,us,us: 5,10-20 km: 1,shallow,moderate,50.05351,-48.74142
4989,11,1,2023-11-06 12:46:34,-23.3517,170.7327,10.0,4.6,mb: 0,3.116,us: 5,southeast of the Loyalty Islands,earthquake: 0,1.882,0.125,21.0,us,us: 5,0-10 km: 0,shallow,light,1.6963259,-22.39808
4990,11,1,2023-11-06 13:08:06,-1.4082,126.4252,10.0,4.6,mb: 0,2.361,us: 5,"87 km NE of Sanana, Indonesia",earthquake: 0,1.469,0.093,35.0,us,us: 5,0-10 km: 0,shallow,light,-0.8035122,-8.008345
4991,11,1,2023-11-06 13:28:20,-4.5754,139.2716,10.368,4.6,mb: 0,2.496,us: 5,"165 km NE of Agats, Indonesia",earthquake: 0,1.471,0.102,29.0,us,us: 5,0-10 km: 0,shallow,light,-0.7366595,-10.87688
4992,11,1,2023-11-06 13:51:10,-33.0743,-71.9579,30.868,5.1,mww: 7,0.648,us: 5,"30 km W of Valparaíso, Chile",earthquake: 0,3.034,0.093,11.0,us,us: 5,0-10 km: 0,shallow,moderate,63.54613,-41.316216
4993,11,1,2023-11-06 15:36:44,-7.498,127.7793,172.862,5.2,mww: 7,3.634,us: 5,"142 km NE of Lospalos, Timor Leste",earthquake: 0,4.451,0.075,17.0,us,us: 5,0-10 km: 0,intermediate,moderate,32.211956,-16.549553
4994,11,1,2023-11-06 20:50:50,13.4717,120.8646,149.957,4.9,mww: 7,7.873,us: 5,"4 km E of Odala, Philippines",earthquake: 0,4.748,0.062,25.0,us,us: 5,0-10 km: 0,intermediate,light,31.282467,-16.07025
4995,11,1,2023-11-06 21:31:01,-7.4821,156.1245,38.062,5.3,mww: 7,5.12,us: 5,Solomon Islands,earthquake: 0,4.538,0.083,14.0,us,us: 5,0-10 km: 0,shallow,moderate,31.120195,-21.03107
4996,11,1,2023-11-06 22:10:22,-54.4023,-131.6369,10.0,4.7,mb: 0,35.773,us: 5,Pacific-Antarctic Ridge,earthquake: 0,1.818,0.118,22.0,us,us: 5,30-40 km: 3,shallow,light,-38.950825,-35.412933
4997,11,1,2023-11-06 23:37:50,-3.6952,151.3624,9.934,4.6,mb: 0,0.939,us: 5,"105 km WNW of Rabaul, Papua New Guinea",earthquake: 0,4.402,0.112,24.0,us,us: 5,0-10 km: 0,shallow,light,31.916494,20.020885
4998,11,1,2023-11-07 00:53:42,-4.3152,152.9663,48.3,5.3,mww: 7,0.81,us: 5,"New Britain region, Papua New Guinea",earthquake: 0,4.234,0.098,10.0,us,us: 5,0-10 km: 0,shallow,moderate,29.951612,-21.14969
4999,11,1,2023-11-07 03:33:46,-0.9013,-79.2501,25.541,5.0,mww: 7,0.701,us: 5,"5 km NNW of La Maná, Ecuador",earthquake: 0,3.74,0.089,12.0,us,us: 5,0-10 km: 0,shallow,moderate,59.353878,-48.9544
